id,source,group,group_en,group_ru,group_he,equipment,name_en,name_ru,name_he,movement_type,category,has_image,has_technique
mm_34_sit_up_0,mm,abdominals,Abdominals,Пресс,בטן,bodyweight,3/4 Sit-Up,3/4 Сид-ап,3/4 סיט-אפ,isolation,strength,yes,yes
mm_9090_hamstring_1,mm,legs,Legs,Ноги,רגליים,bodyweight,90/90 Hamstring,90/90 Подъём ног для бицепса бедра,90/90 הרמת רגליים לשרירי הירך האחוריים,isolation,stretching,yes,yes
mm_ab_crunch_machine_2,mm,abdominals,Abdominals,Пресс,בטן,machine,Ab Crunch Machine,Тяга для пресса (тренажёр),מכונת כפיפות בטן,isolation,strength,yes,yes
mm_ab_roller_3,mm,abdominals,Abdominals,Пресс,בטן,other,Ab Roller,Ролик для пресса,גלגל כושר לבטן,isolation,strength,yes,yes
mm_adductor_4,mm,legs,Legs,Ноги,רגליים,foam_roll,Adductor,Приводящая мышца,מתמט (פנימי),stretching,stretching,yes,yes
mm_adductorgroin_5,mm,legs,Legs,Ноги,רגליים,other,Adductor/Groin,Приводящая мышца/пах,מתמט/מפשעה,stretching,stretching,yes,yes
mm_advanced_kettlebell_windmill_6,mm,abdominals,Abdominals,Пресс,בטן,kettlebells,Advanced Kettlebell Windmill,Продвинутый гиревой мельница,מכשיר אווירי מתקדם,compound,strength,yes,yes
mm_air_bike_7,mm,abdominals,Abdominals,Пресс,בטן,bodyweight,Air Bike,Воздушный велосипед,אופני אוויר,isolation,strength,yes,yes
mm_all_fours_quad_stretch_8,mm,legs,Legs,Ноги,רגליים,bodyweight,All Fours Quad Stretch,Растяжка квадрицепса на четвереньках,מתיחת רגליים על ארבע,stretching,stretching,yes,yes
mm_alternate_hammer_curl_9,mm,elbow_flexors,Elbow Flexors,Сгибатели локтя,כופפי מרפק,dumbbells,Alternate Hammer Curl,"Сгибание рук с гантелями ""молот"" поочередно","כפיפות זרועות עם הלבנה ""פטיש"" לחלופין",isolation,strength,yes,yes
mm_alternate_heel_touchers_10,mm,abdominals,Abdominals,Пресс,בטן,bodyweight,Alternate Heel Touchers,Касания стоп поочередно,נגיעות בקצות האצבעות לחלופין,isolation,strength,yes,yes
mm_alternate_incline_dumbbell_curl_11,mm,elbow_flexors,Elbow Flexors,Сгибатели локтя,כופפי מרפק,dumbbells,Alternate Incline Dumbbell Curl,Сгибание рук с гантелями на наклонной скамье поочередно,כפיפות זרועות עם הלבנה על ספסל משופע לחלופין,isolation,strength,yes,yes
mm_alternate_leg_diagonal_bound_12,mm,legs,Legs,Ноги,רגליים,other,Alternate Leg Diagonal Bound,Альтернативный диагональный прыжок на одной ноге,קפיצה אלכסונית חליפית ברגל אחת,compound,plyometrics,yes,yes
mm_alternating_cable_shoulder_press_13,mm,shoulders,Shoulders,Плечи,כתפיים,cable,Alternating Cable Shoulder Press,Альтернативное жим плеч гантелями на тросе,לחיצת כתף מתחלפת עם כבל,compound,strength,yes,yes
mm_alternating_deltoid_raise_14,mm,shoulders,Shoulders,Плечи,כתפיים,dumbbells,Alternating Deltoid Raise,Альтернативное разведение рук в стороны,הרמת דלתואיד מתחלפת,isolation,strength,yes,yes
mm_alternating_floor_press_15,mm,chest,Chest,Грудь,חזה,kettlebells,Alternating Floor Press,Альтернативный жим лежа,לחיצה מתחלפת מהרצפה,compound,strength,yes,yes
mm_alternating_hang_clean_16,mm,legs,Legs,Ноги,רגליים,kettlebells,Alternating Hang Clean,Альтернативная тяга гантели к подбородку,נטילת משקולת מתחלפת לסנטר,compound,strength,yes,yes
mm_alternating_kettlebell_press_17,mm,shoulders,Shoulders,Плечи,כתפיים,kettlebells,Alternating Kettlebell Press,Альтернативный жим гири,לחיצת קטלבל מתחלפת,compound,strength,yes,yes
mm_alternating_kettlebell_row_18,mm,back,Back,Спина,גב,kettlebells,Alternating Kettlebell Row,Тяга гантели в наклоне поочередно,שור קטלבל חליפי,compound,strength,yes,yes
mm_alternating_renegade_row_19,mm,back,Back,Спина,גב,kettlebells,Alternating Renegade Row,Тяга гантелей в упоре поочередно,שור רנגד חליפי,compound,strength,yes,yes
mm_ankle_circles_20,mm,stretching,Stretching,Растяжка,מתיחות,other,Ankle Circles,Вращения лодыжками,עיגולי קרסול,isolation,stretching,yes,yes
mm_ankle_on_the_knee_21,mm,stretching,Stretching,Растяжка,מתיחות,other,Ankle On The Knee,Лодыжка на колене,קרסול על הברך,isolation,stretching,yes,yes
mm_anterior_tibialis_smr_22,mm,legs,Legs,Ноги,רגליים,other,Anterior Tibialis-SMR,Передняя большеберцовая мышца - СМР,שריר השוק הקדמי - טיפול ידני,isolation,stretching,yes,yes
mm_anti_gravity_press_23,mm,shoulders,Shoulders,Плечи,כתפיים,barbell,Anti-Gravity Press,Пресс в антигравитации,לחיצת אנטי-כבידה,isolation,strength,yes,yes
mm_arm_circles_24,mm,warmup,Warm-up,Разминка,חימום,other,Arm Circles,Вращения руками,מעגלי זרועות,isolation,stretching,yes,yes
mm_arnold_dumbbell_press_25,mm,shoulders,Shoulders,Плечи,כתפיים,dumbbells,Arnold Dumbbell Press,Жим Арнольда с гантелями,לחיצת ארנולד עם משקולות,compound,strength,yes,yes
mm_around_the_worlds_26,mm,chest,Chest,Грудь,חזה,dumbbells,Around The Worlds,Вокруг Мира,סיבובי עולם,isolation,strength,yes,yes
mm_atlas_stone_trainer_27,mm,legs,Legs,Ноги,רגליים,other,Atlas Stone Trainer,Тренажер Атласного Камня,מכשיר אבן אטלס,compound,strongman,yes,yes
mm_atlas_stones_28,mm,legs,Legs,Ноги,רגליים,other,Atlas Stones,Атласные Камни,אבני אטלס,compound,strongman,yes,yes
mm_axle_deadlift_29,mm,back,Back,Спина,גב,other,Axle Deadlift,Тяга оси,משיכת ציר,compound,strongman,yes,yes
mm_back_flyes_with_bands_30,mm,back,Back,Спина,גב,bands,Back Flyes - With Bands,Разводка с резиновыми лентами,פלייס לאחור עם רצועות,isolation,strength,yes,yes
mm_backward_drag_31,mm,legs,Legs,Ноги,רגליים,other,Backward Drag,Тяга назад,משיכה לאחור,compound,strongman,yes,yes
mm_backward_medicine_ball_throw_32,mm,fullbody,Full Body,Всё тело,כל הגוף,medicine_ball,Backward Medicine Ball Throw,Медицинский мяч назад,הדיפת כדור רפואי לאחור,compound,plyometrics,yes,yes
mm_balance_board_33,mm,calisthenics,Calisthenics,Калистеника,משקל גוף,other,Balance Board,Доска для равновесия,לוח שיווי משקל,isolation,strength,yes,yes
mm_ball_leg_curl_34,mm,legs,Legs,Ноги,רגליים,exercise_ball,Ball Leg Curl,Сгибание ног с мячом,כיפוף רגליים עם כדור,isolation,strength,yes,yes
mm_band_assisted_pull_up_35,mm,back,Back,Спина,גב,other,Band Assisted Pull-Up,Подтягивания с эспандером,משיכת מקל בעזרת רצועה,compound,strength,yes,yes
mm_band_good_morning_36,mm,legs,Legs,Ноги,רגליים,bands,Band Good Morning,Сгибание со штангой за спиной с эспандером,גומיה טובה בבוקר,compound,powerlifting,yes,yes
mm_band_good_morning_pull_through_37,mm,legs,Legs,Ноги,רגליים,bands,Band Good Morning (Pull Through),Сгибание со штангой за спиной с эспандером (проводкой),גומיה טובה בבוקר (דרך משיכה),compound,powerlifting,yes,yes
mm_band_hip_adductions_38,mm,legs,Legs,Ноги,רגליים,bands,Band Hip Adductions,Приведение бедра с эспандером,משיכת הירך פנימה עם רצועה,isolation,strength,yes,yes
mm_band_pull_apart_39,mm,shoulders,Shoulders,Плечи,כתפיים,bands,Band Pull Apart,Разводка рук с эспандером,משיכת הידיים לצדדים עם רצועה,isolation,strength,yes,yes
mm_band_skull_crusher_40,mm,triceps,Triceps,Разгибатели локтя,פושטי מרפק,bands,Band Skull Crusher,Французский жим с эспандером,סקול קראשר עם רצועה,isolation,strength,yes,yes
mm_barbell_ab_rollout_41,mm,abdominals,Abdominals,Пресс,בטן,barbell,Barbell Ab Rollout,Выкатывания на пресс со штангой,גלישת חזה עם משקולת,compound,strength,yes,yes
mm_barbell_ab_rollout_on_knees_42,mm,abdominals,Abdominals,Пресс,בטן,barbell,Barbell Ab Rollout - On Knees,Выкатывания на пресс со штангой - на коленях,גלישת חזה עם משקולת - על הברכיים,compound,strength,yes,yes
mm_barbell_bench_press_medium_grip_43,mm,chest,Chest,Грудь,חזה,barbell,Barbell Bench Press - Medium Grip,Жим штанги лежа - средний хват,לחישת משקולות בשכיבה - אחיזה בינונית,compound,strength,yes,yes
mm_barbell_curl_44,mm,elbow_flexors,Elbow Flexors,Сгибатели локтя,כופפי מרפק,barbell,Barbell Curl,Сгибание рук со штангой на бицепс,כפיפת ברזל לשריר הזרוע (בייספ),isolation,strength,yes,yes
mm_barbell_curls_lying_against_an_incline_45,mm,elbow_flexors,Elbow Flexors,Сгибатели локтя,כופפי מרפק,barbell,Barbell Curls Lying Against An Incline,Сгибание рук со штангой на бицепс лежа на наклонной скамье,כפיפת ברזל לשריר הזרוע כששוכב על ספה משופעת,isolation,strength,yes,yes
mm_barbell_deadlift_46,mm,back,Back,Спина,גב,barbell,Barbell Deadlift,Становая тяга со штангой,מתיחת חזה עם משקולת,compound,strength,yes,yes
mm_barbell_full_squat_47,mm,legs,Legs,Ноги,רגליים,barbell,Barbell Full Squat,Приседания со штангой на спине,סקוואט עם מוט אולימפי,compound,strength,yes,yes
mm_barbell_glute_bridge_48,mm,legs,Legs,Ноги,רגליים,barbell,Barbell Glute Bridge,Ягодичный мостик со штангой,גלגל עם משקולת,isolation,powerlifting,yes,yes
mm_barbell_guillotine_bench_press_49,mm,chest,Chest,Грудь,חזה,barbell,Barbell Guillotine Bench Press,"Жим лежа со штангой ""Гильотина""","פרס חזה עם מוט ""גיליוטינה""",compound,strength,yes,yes
mm_barbell_hack_squat_50,mm,legs,Legs,Ноги,רגליים,barbell,Barbell Hack Squat,Приседания с гантелью сзади,סקוואט עם משקולת מאחור,compound,strength,yes,yes
mm_barbell_hip_thrust_51,mm,legs,Legs,Ноги,רגליים,barbell,Barbell Hip Thrust,Толчок бёдер со штангой,דחיפת מתניים עם מוט,isolation,powerlifting,yes,yes
mm_barbell_incline_bench_press_medium_grip_52,mm,chest,Chest,Грудь,חזה,barbell,Barbell Incline Bench Press - Medium Grip,Жим штанги на наклонной скамье - средний хват,לחיצת מוט על ספה מוטה - אחיזה בינונית,compound,strength,yes,yes
mm_barbell_incline_shoulder_raise_53,mm,shoulders,Shoulders,Плечи,כתפיים,barbell,Barbell Incline Shoulder Raise,Подъём плеч со штангой на наклонной скамье,הרמת כתפיים מוט על מדרגות משופעות,isolation,strength,yes,yes
mm_barbell_lunge_54,mm,legs,Legs,Ноги,רגליים,barbell,Barbell Lunge,Выпады со штангой,סקווט לאנג עם מוט,compound,strength,yes,yes
mm_barbell_rear_delt_row_55,mm,shoulders,Shoulders,Плечи,כתפיים,barbell,Barbell Rear Delt Row,Тяга штанги к поясу в наклоне,שור עם מוט לגב,compound,strength,yes,yes
mm_barbell_rollout_from_bench_56,mm,abdominals,Abdominals,Пресс,בטן,barbell,Barbell Rollout from Bench,Выкатывание со штангой со скамьи,התגלגלות מקלבט עם משקולת,compound,strength,yes,yes
mm_barbell_seated_calf_raise_57,mm,legs,Legs,Ноги,רגליים,barbell,Barbell Seated Calf Raise,Подъем икр сидя со штангой,הרמת סולם ישיבה עם משקולת,isolation,strength,yes,yes
mm_barbell_shoulder_press_58,mm,shoulders,Shoulders,Плечи,כתפיים,barbell,Barbell Shoulder Press,Жим штанги стоя,לחיצת כתף עם משקולת,compound,strength,yes,yes
mm_barbell_shrug_59,mm,back,Back,Спина,גב,barbell,Barbell Shrug,Подъем штанги на плечи,משיכת מוט לכתפיים,isolation,strength,yes,yes
mm_barbell_shrug_behind_the_back_60,mm,back,Back,Спина,גב,barbell,Barbell Shrug Behind The Back,Подъем штанги на плечи сзади,משיכת מוט לכתפיים מאחור,isolation,strength,yes,yes
mm_barbell_side_bend_61,mm,abdominals,Abdominals,Пресс,בטן,barbell,Barbell Side Bend,Наклоны со штангой в стороны,כיפוף צד עם מוט,isolation,strength,yes,yes
mm_barbell_side_split_squat_62,mm,legs,Legs,Ноги,רגליים,barbell,Barbell Side Split Squat,Пistol squat с гирей,סקוואט אקסטנסיבי עם משקולת,compound,strength,yes,yes
mm_barbell_squat_63,mm,legs,Legs,Ноги,רגליים,barbell,Barbell Squat,Приседания со штангой,סקוואט עם מוט,compound,strength,yes,yes
mm_barbell_squat_to_a_bench_64,mm,legs,Legs,Ноги,רגליים,barbell,Barbell Squat To A Bench,Приседания со штангой на скамью,סקוואט עם מוט על ספסל,compound,strength,yes,yes
mm_barbell_step_ups_65,mm,legs,Legs,Ноги,רגליים,barbell,Barbell Step Ups,Подъёмы на скамью со штангой,עליות עם מוט משקולות על ספה,compound,strength,yes,yes
mm_barbell_walking_lunge_66,mm,legs,Legs,Ноги,רגליים,barbell,Barbell Walking Lunge,Выпады со штангой в ходьбе,פעימות עם מוט משקולות,compound,strength,yes,yes
mm_battling_ropes_67,mm,shoulders,Shoulders,Плечи,כתפיים,other,Battling Ropes,Боевые канаты,חבלי קרב,compound,strength,yes,yes
mm_bear_crawl_sled_drags_68,mm,fullbody,Full Body,Всё тело,כל הגוף,other,Bear Crawl Sled Drags,Тяга саней в ползании медведя,משיכת מזחלות זחילת דוב,compound,strongman,yes,yes
mm_behind_head_chest_stretch_69,mm,stretching,Stretching,Растяжка,מתיחות,other,Behind Head Chest Stretch,Растяжка груди за головой,מתיחת חזה מאחורי הראש,isolation,stretching,yes,yes
mm_bench_dips_70,mm,triceps,Triceps,Разгибатели локтя,פושטי מרפק,bodyweight,Bench Dips,Отжимания на скамье,שכיבות על מקלדת,compound,strength,yes,yes
mm_bench_jump_71,mm,legs,Legs,Ноги,רגליים,bodyweight,Bench Jump,Прыжки на скамью,קפיצה על הספסל,compound,plyometrics,yes,yes
mm_bench_press_powerlifting_72,mm,chest,Chest,Грудь,חזה,barbell,Bench Press - Powerlifting,Жим лежа - пауэрлифтинг,סקווט לשכיבה - פאוארליפטינג,compound,powerlifting,yes,yes
mm_bench_press_with_bands_73,mm,chest,Chest,Грудь,חזה,bands,Bench Press - With Bands,Жим лежа с эспандерами,סקווט לשכיבה עם רצועות,compound,strength,yes,yes
mm_bench_press_with_chains_74,mm,chest,Chest,Грудь,חזה,barbell,Bench Press with Chains,Жим лежа с цепями,סקווט עם שרשראות,compound,powerlifting,yes,yes
mm_bench_sprint_75,mm,legs,Legs,Ноги,רגליים,other,Bench Sprint,Спринт на скамье,ריצת ספרינט על הספסל,compound,plyometrics,yes,yes
mm_bent_arm_barbell_pullover_76,mm,back,Back,Спина,גב,barbell,Bent-Arm Barbell Pullover,Тяга штанги лежа согнув руки,משיכת מוט שכיבה עם זרועות כפופות,compound,strength,yes,yes
mm_bent_arm_dumbbell_pullover_77,mm,back,Back,Спина,גב,dumbbells,Bent-Arm Dumbbell Pullover,Сгибание рук с гантелями над головой,משיכת משקולות מעל הראש עם זרועות מקופלות,compound,strength,yes,yes
mm_bent_knee_hip_raise_78,mm,abdominals,Abdominals,Пресс,בטן,bodyweight,Bent-Knee Hip Raise,Поднятие таза согнув колени,הרמת מפשעה עם ברכים כפופות,isolation,strength,yes,yes
mm_bent_over_barbell_row_79,mm,back,Back,Спина,גב,barbell,Bent Over Barbell Row,Тяга штанги в наклоне,משיכת מוט מקביל בכיפוף גוף,compound,strength,yes,yes
mm_bent_over_dumbbell_rear_delt_raise_with_head_on_be_80,mm,shoulders,Shoulders,Плечи,כתפיים,dumbbells,Bent Over Dumbbell Rear Delt Raise With Head On Bench,Подъём гантелей в наклоне для задних дельт с упором головой на скамью,הרמת משקולות מהטייה לאחורי הכתף עם ראש על הספה,isolation,strength,yes,yes
mm_bent_over_low_pulley_side_lateral_81,mm,shoulders,Shoulders,Плечи,כתפיים,cable,Bent Over Low-Pulley Side Lateral,Мах гири в наклоне в стороны с нижнего блока,הרמת צד מהטייה עם כבל תחתון,isolation,strength,yes,yes
mm_bent_over_one_arm_long_bar_row_82,mm,back,Back,Спина,גב,barbell,Bent Over One-Arm Long Bar Row,Тяга длинного грифа в наклоне одной рукой,משיכת מוט ארוך מהטייה ביד אחת,compound,strength,yes,yes
mm_bent_over_two_arm_long_bar_row_83,mm,back,Back,Спина,גב,barbell,Bent Over Two-Arm Long Bar Row,Тяга штанги в наклоне двумя руками,משיכת מוט ארוך בכיפוף גב שתי ידיים,compound,strength,yes,yes
mm_bent_over_two_dumbbell_row_84,mm,back,Back,Спина,גב,dumbbells,Bent Over Two-Dumbbell Row,Тяга гантелей в наклоне двумя руками,משיכת משקולות בכיפוף גב שתי ידיים,compound,strength,yes,yes
mm_bent_over_two_dumbbell_row_with_palms_in_85,mm,back,Back,Спина,גב,dumbbells,Bent Over Two-Dumbbell Row With Palms In,Тяга гантелей в наклоне двумя руками ладонями внутрь,משיכת משקולות בכיפוף גב שתי ידיים כפות פנימה,compound,strength,yes,yes
mm_bent_press_86,mm,shoulders,Shoulders,Плечи,כתפיים,kettlebells,Bent Press,Наклонный жим,טביעת דחיפה,compound,strength,yes,yes
mm_bicycling_87,mm,legs,Legs,Ноги,רגליים,other,Bicycling,Велоспорт,רכיבה על אופניים,compound,cardio,yes,yes
mm_bicycling_stationary_88,mm,legs,Legs,Ноги,רגליים,machine,"Bicycling, Stationary",Велотренажёр,רכיבה על אופניים נייחים,compound,cardio,yes,yes
mm_board_press_89,mm,triceps,Triceps,Разгибатели локтя,פושטי מרפק,barbell,Board Press,Жим на доске,פרס על הלוח,compound,powerlifting,yes,yes
mm_body_up_90,mm,chest,Chest,Грудь,חזה,bodyweight,Body-Up,Подтягивание с переворотом,מתח עם סיבוב,compound,strength,yes,yes
mm_body_tricep_press_91,mm,triceps,Triceps,Разгибатели локтя,פושטי מרפק,bodyweight,Body Tricep Press,Жим трицепса лежа,פרס טריצפס שכיבה,isolation,strength,yes,yes
mm_bodyweight_flyes_92,mm,chest,Chest,Грудь,חזה,ez_bar,Bodyweight Flyes,Отжимания в разведении рук,פלייזים במשקל גוף,isolation,strength,yes,yes
mm_bodyweight_mid_row_93,mm,back,Back,Спина,גב,other,Bodyweight Mid Row,Тяга в наклоне с весом тела,שור תיכוני במשקל גוף,compound,strength,yes,yes
mm_bodyweight_squat_94,mm,legs,Legs,Ноги,רגליים,bodyweight,Bodyweight Squat,Приседания с весом тела,סקווט במשקל גוף,compound,strength,yes,yes
mm_bodyweight_walking_lunge_95,mm,legs,Legs,Ноги,רגליים,other,Bodyweight Walking Lunge,Выпады с ходьбой на собственном весе,צעדי לונג עם משקל גוף,compound,strength,yes,yes
mm_bosu_ball_cable_crunch_with_side_bends_96,mm,abdominals,Abdominals,Пресс,בטן,cable,Bosu Ball Cable Crunch With Side Bends,Скручивания на Bosu с тросом с боковыми наклонами,קראנצ' עם כבל על כדור Bosu עם כיפופים צדדיים,isolation,strength,yes,yes
mm_bottoms_up_clean_from_the_hang_position_97,mm,legs,Legs,Ноги,רגליים,kettlebells,Bottoms-Up Clean From The Hang Position,Тяга «снизу-вверх» из положения «вис»,קלינג מההנפשה מהתחתים עם אחיזה מלמעלה,compound,strength,yes,yes
mm_bottoms_up_98,mm,abdominals,Abdominals,Пресс,בטן,bodyweight,Bottoms Up,Подъём ягодиц,הרמת ישבן,isolation,strength,yes,yes
mm_box_jump_multiple_response_99,mm,legs,Legs,Ноги,רגליים,other,Box Jump (Multiple Response),Прыжки на ящик (множественный выбор),קפיצות על קופסה (תשובה מרובה),compound,plyometrics,yes,yes
mm_box_skip_100,mm,legs,Legs,Ноги,רגליים,other,Box Skip,Прыжки через ящик,דילוג מעל קופסה,compound,plyometrics,yes,yes
mm_box_squat_101,mm,legs,Legs,Ноги,רגליים,barbell,Box Squat,Приседания на ящик,סקוואט עם קופסה,compound,powerlifting,yes,yes
mm_box_squat_with_bands_102,mm,legs,Legs,Ноги,רגליים,barbell,Box Squat with Bands,Приседания на ящик с эластичными лентами,סקוואט עם קופסה ופסים אלסטיים,compound,powerlifting,yes,yes
mm_box_squat_with_chains_103,mm,legs,Legs,Ноги,רגליים,barbell,Box Squat with Chains,Приседания на ящик с цепями,סקוואט עם קופסה ושרשראות,compound,strength,yes,yes
mm_brachialis_smr_104,mm,forearms,Forearms,Предплечья,אמות,foam_roll,Brachialis-SMR,Брахиалис-СМР,ברכיאליס-SMR,isolation,stretching,yes,yes
mm_bradfordrocky_presses_105,mm,shoulders,Shoulders,Плечи,כתפיים,barbell,Bradford/Rocky Presses,Брэдфорд/Рокки Прессы,ברדפורד/רוקי פרסים,compound,strength,yes,yes
mm_butt_ups_106,mm,abdominals,Abdominals,Пресс,בטן,bodyweight,Butt-Ups,Подъемы на ягодицы,עליות עם הירכיים,isolation,strength,yes,yes
mm_butt_lift_bridge_107,mm,legs,Legs,Ноги,רגליים,bodyweight,Butt Lift (Bridge),Ягодичный мостик,גשר לשוקיים,isolation,strength,yes,yes
mm_butterfly_108,mm,chest,Chest,Грудь,חזה,machine,Butterfly,Бабочка,פרפר,isolation,strength,yes,yes
mm_cable_chest_press_109,mm,chest,Chest,Грудь,חזה,cable,Cable Chest Press,Грудной жим на тросе,לחיצת חזה בכבל,compound,strength,yes,yes
mm_cable_crossover_110,mm,chest,Chest,Грудь,חזה,cable,Cable Crossover,Перекрещивание канатов,מתיחת כבלים צולבת,isolation,strength,yes,yes
mm_cable_crunch_111,mm,abdominals,Abdominals,Пресс,בטן,cable,Cable Crunch,Скручивание с канатной тягой,כפיפות בטן עם כבל,isolation,strength,yes,yes
mm_cable_deadlifts_112,mm,legs,Legs,Ноги,רגליים,cable,Cable Deadlifts,Тяга канатов в наклоне,מתל רומני עם כבל,compound,strength,yes,yes
mm_cable_hammer_curls_rope_attachment_113,mm,elbow_flexors,Elbow Flexors,Сгибатели локтя,כופפי מרפק,cable,Cable Hammer Curls - Rope Attachment,Сгибания рук на бицепс с канатной рукоятью,כפיפות זרועות עם משיכה למטה בחבל,isolation,strength,yes,yes
mm_cable_hip_adduction_114,mm,legs,Legs,Ноги,רגליים,cable,Cable Hip Adduction,Приведение бедра в тренажере с тросом,קירוב ירך במכונת כבלים,isolation,strength,yes,yes
mm_cable_incline_pushdown_115,mm,triceps,Triceps,Трицепс,יד אחורית,cable,Cable Incline Pushdown,Отжимания вниз наклонно с канатной рукоятью,דחיפות למטה בשיפוע עם חבל,isolation,strength,yes,yes
mm_cable_incline_triceps_extension_116,mm,triceps,Triceps,Разгибатели локтя,פושטי מרפק,cable,Cable Incline Triceps Extension,Тяга на блоке к груди на наклонной скамье,משיכת כבל לחזה על ספה משופעת,isolation,strength,yes,yes
mm_cable_internal_rotation_117,mm,shoulders,Shoulders,Плечи,כתפיים,cable,Cable Internal Rotation,Внутренняя ротация на тросе,סיבוב פנימי בכבל,isolation,strength,yes,yes
mm_cable_iron_cross_118,mm,chest,Chest,Грудь,חזה,cable,Cable Iron Cross,"Тяга ""Железный Крест"" на тросе","משיכת ""צלב ברזל"" בכבל",isolation,strength,yes,yes
mm_cable_judo_flip_119,mm,abdominals,Abdominals,Пресс,בטן,cable,Cable Judo Flip,Кабельный переворот дзюдо,הפיכת ג'ודו בכבל,isolation,strength,yes,yes
mm_cable_lying_triceps_extension_120,mm,triceps,Triceps,Разгибатели локтя,פושטי מרפק,cable,Cable Lying Triceps Extension,Кабельное разгибание трицепса лежа,הרחבת טריצפס בשכיבה בכבל,isolation,strength,yes,yes
mm_cable_one_arm_tricep_extension_121,mm,triceps,Triceps,Разгибатели локтя,פושטי מרפק,cable,Cable One Arm Tricep Extension,Кабельное разгибание трицепса одной рукой,הרחבת טריצפס חד-זרועית בכבל,isolation,strength,yes,yes
mm_cable_preacher_curl_122,mm,elbow_flexors,Elbow Flexors,Сгибатели локтя,כופפי מרפק,cable,Cable Preacher Curl,Сгибание рук на бицепс в блоке preacher,כיפוש זרועות עם מתקן preacher בכבל,isolation,strength,yes,yes
mm_cable_rear_delt_fly_123,mm,shoulders,Shoulders,Плечи,כתפיים,cable,Cable Rear Delt Fly,Разведение рук с гантелями в наклоне на задние дельты,פתיחת כתפיים אחורית בכבל,isolation,strength,yes,yes
mm_cable_reverse_crunch_124,mm,abdominals,Abdominals,Пресс,בטן,cable,Cable Reverse Crunch,Обратное скручивание на пресс в блоке,כפיפת בטן הפוכה בכבל,isolation,strength,yes,yes
mm_cable_rope_overhead_triceps_extension_125,mm,triceps,Triceps,Разгибатели локтя,פושטי מרפק,cable,Cable Rope Overhead Triceps Extension,Тяга канатной рукояти на трицепс над головой,מתיחת חבל לטריצפס מעל הראש,isolation,strength,yes,yes
mm_cable_rope_rear_delt_rows_126,mm,back,Back,Спина,גב,cable,Cable Rope Rear-Delt Rows,Тяга канатной рукояти к задним дельтам,משיכת חבל לדלתא אחורית,isolation,strength,yes,yes
mm_cable_russian_twists_127,mm,abdominals,Abdominals,Пресс,בטן,cable,Cable Russian Twists,Русские скручивания с канатной рукоятью,סיבוב רוסי עם חבל,isolation,strength,yes,yes
mm_cable_seated_crunch_128,mm,abdominals,Abdominals,Пресс,בטן,cable,Cable Seated Crunch,Скручивания на тросе сидя,כפיפות בטן ישיבה עם כבל,isolation,strength,yes,yes
mm_cable_seated_lateral_raise_129,mm,shoulders,Shoulders,Плечи,כתפיים,cable,Cable Seated Lateral Raise,Подъём рук в стороны на тросе сидя,הרמת צד ישיבה עם כבל,isolation,strength,yes,yes
mm_cable_shoulder_press_130,mm,shoulders,Shoulders,Плечи,כתפיים,cable,Cable Shoulder Press,Жим плеч на тросе,לחיצת כתף עם כבל,compound,strength,yes,yes
mm_cable_shrugs_131,mm,back,Back,Спина,גב,cable,Cable Shrugs,Подъемы на плечи с тросом,כתפיים עם כבל,isolation,strength,yes,yes
mm_cable_wrist_curl_132,mm,forearms,Forearms,Предплечья,אמות ידיים,cable,Cable Wrist Curl,Сгибание запястий с тросом,כפיפת פרק כף היד עם כבל,isolation,strength,yes,yes
mm_calf_machine_shoulder_shrug_133,mm,back,Back,Спина,גב,machine,Calf-Machine Shoulder Shrug,Подъемы на плечи на тренажере для икр,כתפיים במכונת סוללות,isolation,strength,yes,yes
mm_calf_press_134,mm,legs,Legs,Ноги,רגליים,machine,Calf Press,Подъём на икры,הרמת סובכים,isolation,strength,yes,yes
mm_calf_press_on_the_leg_press_machine_135,mm,legs,Legs,Ноги,רגליים,machine,Calf Press On The Leg Press Machine,Подъём на икры в тренажёре для ног,הרמת סובכים במכונת כפיפת רגליים,isolation,strength,yes,yes
mm_calf_raise_on_a_dumbbell_136,mm,legs,Legs,Ноги,רגליים,dumbbells,Calf Raise On A Dumbbell,Подъём на икры с гантелью,הרמת סובכים עם משקולת,isolation,strength,yes,yes
mm_calf_raises_with_bands_137,mm,legs,Legs,Ноги,רגליים,bands,Calf Raises - With Bands,Подъёмы на икры с эспандером,הרמת בטן עם רצועות,isolation,strength,yes,yes
mm_calf_stretch_elbows_against_wall_138,mm,stretching,Stretching,Растяжка,מתיחות,other,Calf Stretch Elbows Against Wall,Растяжка икр - локтями на стене,מתיחת שרירי הסוף בעזרת המרפקים כנגד הקיר,isolation,stretching,yes,yes
mm_calf_stretch_hands_against_wall_139,mm,stretching,Stretching,Растяжка,מתיחות,other,Calf Stretch Hands Against Wall,Растяжка икр - руками на стене,מתיחת שרירי הסוף בעזרת הידיים כנגד הקיר,isolation,stretching,yes,yes
mm_calves_smr_140,mm,legs,Legs,Ноги,רגליים,foam_roll,Calves-SMR,Икроножные-СМР,שרירי השוק-SMR,isolation,stretching,yes,yes
mm_car_deadlift_141,mm,back,Back,Спина,גב,other,Car Deadlift,Тяга с автомобилем,משיכת מכונית,compound,strongman,yes,yes
mm_car_drivers_142,mm,shoulders,Shoulders,Плечи,כתפיים,barbell,Car Drivers,Автомобилисты,נהגי מכוניות,isolation,strength,yes,yes
mm_carioca_quick_step_143,mm,legs,Legs,Ноги,רגליים,other,Carioca Quick Step,Быстрые шаги карока,צעדי קריוקה מהירים,isolation,plyometrics,yes,yes
mm_cat_stretch_144,mm,back,Back,Спина,גב,other,Cat Stretch,Растяжка кошки,מתיחת החתול,isolation,stretching,yes,yes
mm_catch_and_overhead_throw_145,mm,shoulders,Shoulders,Плечи,כתפיים,medicine_ball,Catch and Overhead Throw,Поймать и бросить через голову,לתפוס ולזרוק מעל הראש,compound,plyometrics,yes,yes
mm_chain_handle_extension_146,mm,triceps,Triceps,Разгибатели локтя,פושטי מרפק,other,Chain Handle Extension,Тяга рукояти с цепью,משיכת מוט עם שרשרת,isolation,powerlifting,yes,yes
mm_chain_press_147,mm,chest,Chest,Грудь,חזה,other,Chain Press,Жим с цепью,דחיפה עם שרשרת,compound,powerlifting,yes,yes
mm_chair_leg_extended_stretch_148,mm,legs,Legs,Ноги,רגליים,other,Chair Leg Extended Stretch,Растяжка сидя с выпрямленной ногой на стуле,מתיחת רגל מורחבת על כיסא,isolation,stretching,yes,yes
mm_chair_lower_back_stretch_149,mm,back,Back,Спина,גב,other,Chair Lower Back Stretch,Растяжка нижней части спины со стулом,מתיחת גב תחתון עם כיסא,isolation,stretching,yes,yes
mm_chair_squat_150,mm,legs,Legs,Ноги,רגליים,machine,Chair Squat,Приседания на стуле,סקוואט עם כיסא,compound,strength,yes,yes
mm_chair_upper_body_stretch_151,mm,stretching,Stretching,Растяжка,מתיחות,other,Chair Upper Body Stretch,Растяжка верхней части тела со стулом,מתיחת חזה וגב עם כיסא,isolation,stretching,yes,yes
mm_chest_and_front_of_shoulder_stretch_152,mm,stretching,Stretching,Растяжка,מתיחות,other,Chest And Front Of Shoulder Stretch,Растяжка груди и передней дельты,מתיחת חזה וכתף קדמית,isolation,stretching,yes,yes
mm_chest_push_from_3_point_stance_153,mm,chest,Chest,Грудь,חזה,medicine_ball,Chest Push from 3 point stance,Толчок груди из трёхточечной стойки,דחיפת חזה מעמדת שלוש נקודות,compound,plyometrics,yes,yes
mm_chest_push_multiple_response_154,mm,chest,Chest,Грудь,חזה,medicine_ball,Chest Push (multiple response),Толчок груди (множественный ответ),דחיפת חזה (תגובה מרובה),compound,plyometrics,yes,yes
mm_chest_push_single_response_155,mm,chest,Chest,Грудь,חזה,medicine_ball,Chest Push (single response),Жим груди (один ответ),דחיפת חזה (תגובה בודדת),compound,plyometrics,yes,yes
mm_chest_push_with_run_release_156,mm,chest,Chest,Грудь,חזה,medicine_ball,Chest Push with Run Release,Жим груди с беговым отпусканием,דחיפת חזה עם שחרור בריצה,compound,plyometrics,yes,yes
mm_chest_stretch_on_stability_ball_157,mm,stretching,Stretching,Растяжка,מתיחות,exercise_ball,Chest Stretch on Stability Ball,Растяжка груди на фитболе,מתיחת חזה על כדור יציבות,isolation,stretching,yes,yes
mm_childs_pose_158,mm,stretching,Stretching,Растяжка,מתיחות,other,Child's Pose,Поза ребёнка,תנוחת הילד,isolation,stretching,yes,yes
mm_chin_up_159,mm,back,Back,Спина,גב,bodyweight,Chin-Up,Подтягивание,משיכה,compound,strength,yes,yes
mm_chin_to_chest_stretch_160,mm,stretching,Stretching,Растяжка,מתיחות,other,Chin To Chest Stretch,Растяжка подбородка к груди,מתיחת סנטר לחזה,isolation,stretching,yes,yes
mm_circus_bell_161,mm,shoulders,Shoulders,Плечи,כתפיים,other,Circus Bell,Цирковый колокол,פעמון הקרקס,compound,strongman,yes,yes
mm_clean_162,mm,legs,Legs,Ноги,רגליים,barbell,Clean,Рывок,ניקוי,compound,olympic weightlifting,yes,yes
mm_clean_deadlift_163,mm,back,Back,Спина,גב,barbell,Clean Deadlift,Рывок со становой тягой,ניקוי עם מתיחה מהקרקע,compound,olympic weightlifting,yes,yes
mm_clean_pull_164,mm,legs,Legs,Ноги,רגליים,barbell,Clean Pull,Тяга к чистому подъему,נטילה והרמה,compound,olympic weightlifting,yes,yes
mm_clean_shrug_165,mm,back,Back,Спина,גב,barbell,Clean Shrug,Чистое поднимание плеч,נטילה וכתפיים,isolation,olympic weightlifting,yes,yes
mm_clean_and_jerk_166,mm,shoulders,Shoulders,Плечи,כתפיים,barbell,Clean and Jerk,Рывок и толчок,נטילה והנפה,compound,olympic weightlifting,yes,yes
mm_clean_and_press_167,mm,shoulders,Shoulders,Плечи,כתפיים,barbell,Clean and Press,Тяга к плечу и выжимание,נטילה ודחיפה,compound,strength,yes,yes
mm_clean_from_blocks_168,mm,legs,Legs,Ноги,רגליים,barbell,Clean from Blocks,Тяга штанги с упора,הרמת מוט מקרש,compound,olympic weightlifting,yes,yes
mm_clock_push_up_169,mm,chest,Chest,Грудь,חזה,bodyweight,Clock Push-Up,Отжимания по часовой стрелке,סנטורי פוש-אפ,compound,strength,yes,yes
mm_close_grip_barbell_bench_press_170,mm,chest,Chest,Грудь,חזה,barbell,Close-Grip Barbell Bench Press,Жим штанги узким хватом,לחישה צמודת אחיזה במוט,compound,strength,yes,yes
mm_close_grip_dumbbell_press_171,mm,chest,Chest,Грудь,חזה,dumbbells,Close-Grip Dumbbell Press,Жим гантелей узким хватом,לחישה צמודת אחיזה במשקולות,compound,strength,yes,yes
mm_close_grip_ez_bar_curl_with_band_172,mm,elbow_flexors,Elbow Flexors,Сгибатели локтя,כופפי מרפק,ez_bar,Close-Grip EZ-Bar Curl with Band,Сгибание рук со EZ-грифом и эспандером,כיפוף זרועות עם מוט EZ ופס גומי,isolation,strength,yes,yes
mm_close_grip_ez_bar_press_173,mm,triceps,Triceps,Разгибатели локтя,פושטי מרפק,ez_bar,Close-Grip EZ-Bar Press,Жим EZ-грифа узким хватом,לחישה צמודת אחיזה במוט EZ,compound,strength,yes,yes
mm_close_grip_ez_bar_curl_174,mm,elbow_flexors,Elbow Flexors,Сгибатели локтя,כופפי מרפק,barbell,Close-Grip EZ Bar Curl,Сгибание рук с EZ-грифом,כיפוף זרועות עם מוט EZ,isolation,strength,yes,yes
mm_close_grip_front_lat_pulldown_175,mm,back,Back,Спина,גב,cable,Close-Grip Front Lat Pulldown,Тяга к груди узким хватом,משיכת גב צמודת אחיזה לחזה,compound,strength,yes,yes
mm_close_grip_push_up_off_of_a_dumbbell_176,mm,chest,Chest,Грудь,חזה,bodyweight,Close-Grip Push-Up off of a Dumbbell,Отжимания узким хватом с гантелей,סקיצות דחיפה צמודות אצבעות עם משקולת,compound,strength,yes,yes
mm_close_grip_standing_barbell_curl_177,mm,elbow_flexors,Elbow Flexors,Сгибатели локтя,כופפי מרפק,barbell,Close-Grip Standing Barbell Curl,Сгибание рук со штангой узким хватом стоя,כפיפות בי-ספ בעמידה צמודות אצבעות,isolation,strength,yes,yes
mm_cocoons_178,mm,abdominals,Abdominals,Пресс,בטן,bodyweight,Cocoons,Кокон,גלילה בשק,isolation,strength,yes,yes
mm_conans_wheel_179,mm,legs,Legs,Ноги,רגליים,other,Conan's Wheel,Колесо Конана,גלגל קונאן,compound,strongman,yes,yes
mm_concentration_curls_180,mm,elbow_flexors,Elbow Flexors,Сгибатели локтя,כופפי מרפק,dumbbells,Concentration Curls,Сгибание рук на бицепс сидя с акцентом на одну руку,כפיפות בי-ספ יושבות עם מיקוד,isolation,strength,yes,yes
mm_cross_body_crunch_181,mm,abdominals,Abdominals,Пресс,בטן,bodyweight,Cross-Body Crunch,Скручивание с касанием локтя колена,כפיפות בטן חוצות גוף,isolation,strength,yes,yes
mm_cross_body_hammer_curl_182,mm,elbow_flexors,Elbow Flexors,Сгибатели локтя,כופפי מרפק,dumbbells,Cross Body Hammer Curl,Сгибание рук «Молот» через тело,כפיפות מפרק חוצות גוף,isolation,strength,yes,yes
mm_cross_over_with_bands_183,mm,chest,Chest,Грудь,חזה,bands,Cross Over - With Bands,Скрещивание с эспандерами,חיתוך עם רצועות,isolation,strength,yes,yes
mm_crossover_reverse_lunge_184,mm,legs,Legs,Ноги,רגליים,other,Crossover Reverse Lunge,Перекрёстный выпад назад,פעימת רגליים צולבת אחורית,compound,stretching,yes,yes
mm_crucifix_185,mm,shoulders,Shoulders,Плечи,כתפיים,other,Crucifix,Распятие,צליבה,isolation,strongman,yes,yes
mm_crunch_hands_overhead_186,mm,abdominals,Abdominals,Пресс,בטן,bodyweight,Crunch - Hands Overhead,Скручивание с руками над головой,כפיפות בטן עם ידיים מעל הראש,isolation,strength,yes,yes
mm_crunch_legs_on_exercise_ball_187,mm,abdominals,Abdominals,Пресс,בטן,bodyweight,Crunch - Legs On Exercise Ball,Скручивание с ногами на гимнастическом мяче,כפיפות בטן עם רגליים על כדור כושר,isolation,strength,yes,yes
mm_crunches_188,mm,abdominals,Abdominals,Пресс,בטן,bodyweight,Crunches,Скручивания,כפיפות בטן,isolation,strength,yes,yes
mm_cuban_press_189,mm,shoulders,Shoulders,Плечи,כתפיים,dumbbells,Cuban Press,Кубанский жим,לחיצת קובנית,compound,strength,yes,yes
mm_dancers_stretch_190,mm,stretching,Stretching,Растяжка,מתיחות,other,Dancer's Stretch,Растяжка танцора,מתיחת רקדן,isolation,stretching,yes,yes
mm_dead_bug_191,mm,abdominals,Abdominals,Пресс,בטן,bodyweight,Dead Bug,Мёртвый жук,חיפושית מתה,isolation,strength,yes,yes
mm_deadlift_with_bands_192,mm,back,Back,Спина,גב,barbell,Deadlift with Bands,Тяга со штангой в ленте,משיכת מתכת עם רצועות,compound,powerlifting,yes,yes
mm_deadlift_with_chains_193,mm,back,Back,Спина,גב,barbell,Deadlift with Chains,Тяга со штангой в цепях,משיכת מתכת עם שרשראות,compound,powerlifting,yes,yes
mm_decline_barbell_bench_press_194,mm,chest,Chest,Грудь,חזה,barbell,Decline Barbell Bench Press,Жим штанги на наклонной скамье,לחישת מוט על ספה משופעת,compound,strength,yes,yes
mm_decline_close_grip_bench_to_skull_crusher_195,mm,triceps,Triceps,Разгибатели локтя,פושטי מרפק,barbell,Decline Close-Grip Bench To Skull Crusher,Жим штанги на наклонной скамье узким хватом в жим лежа на череп,לחישת מוט צמודה על ספה משופעת לסקרלים,compound,strength,yes,yes
mm_decline_crunch_196,mm,abdominals,Abdominals,Пресс,בטן,bodyweight,Decline Crunch,Скручивания на наклонной скамье,כפיפות בטן על ספה משופעת,isolation,strength,yes,yes
mm_decline_dumbbell_bench_press_197,mm,chest,Chest,Грудь,חזה,dumbbells,Decline Dumbbell Bench Press,Жим гантелей на наклонной скамье,לחישת דמבל בל על ספה משופעת,compound,strength,yes,yes
mm_decline_dumbbell_flyes_198,mm,chest,Chest,Грудь,חזה,dumbbells,Decline Dumbbell Flyes,Развод гантелей на наклонной скамье,פתיחת דמבל בל על ספה משופעת,isolation,strength,yes,yes
mm_decline_dumbbell_triceps_extension_199,mm,triceps,Triceps,Разгибатели локтя,פושטי מרפק,dumbbells,Decline Dumbbell Triceps Extension,Разгибание рук с гантелями на наклонной скамье,הרחבת זרועות עם דמבל בל על ספה משופעת,isolation,strength,yes,yes
mm_decline_ez_bar_triceps_extension_200,mm,triceps,Triceps,Разгибатели локтя,פושטי מרפק,barbell,Decline EZ Bar Triceps Extension,Разгибание трицепса на наклонной скамье EZ-грифом,הרחבת טריצפס עם מוט EZ במורד,isolation,strength,yes,yes
mm_decline_oblique_crunch_201,mm,abdominals,Abdominals,Пресс,בטן,bodyweight,Decline Oblique Crunch,Наклонное скручивание для косых мышц живота,כפיפת בטן צדדית במורד,isolation,strength,yes,yes
mm_decline_push_up_202,mm,chest,Chest,Грудь,חזה,other,Decline Push-Up,Отжимания на наклонной скамье,סקווט פוש-אפ במורד,compound,strength,yes,yes
mm_decline_reverse_crunch_203,mm,abdominals,Abdominals,Пресс,בטן,bodyweight,Decline Reverse Crunch,Наклонное обратное скручивание,כפיפת בטן הפוכה במורד,isolation,strength,yes,yes
mm_decline_smith_press_204,mm,chest,Chest,Грудь,חזה,machine,Decline Smith Press,Жим в Смите на наклонной скамье,לחישת סמית' במורד,compound,strength,yes,yes
mm_deficit_deadlift_205,mm,back,Back,Спина,גב,barbell,Deficit Deadlift,Тяга штанги в стойке на платформе,דדליפט עם מרווח,compound,powerlifting,yes,yes
mm_depth_jump_leap_206,mm,legs,Legs,Ноги,רגליים,other,Depth Jump Leap,Прыжок с возвышения,קפיצת עומק,compound,plyometrics,yes,yes
mm_dip_machine_207,mm,triceps,Triceps,Разгибатели локтя,פושטי מרפק,machine,Dip Machine,Сгибание рук в тренажере,מכונת דיפ,compound,strength,yes,yes
mm_dips_chest_version_208,mm,chest,Chest,Грудь,חזה,other,Dips - Chest Version,Отжимания на брусьях - грудная версия,סקיצות - גרסת חזה,compound,strength,yes,yes
mm_dips_triceps_version_209,mm,triceps,Triceps,Разгибатели локтя,פושטי מרפק,bodyweight,Dips - Triceps Version,Отжимания на брусьях - трицепс версия,סקיצות - גרסת טריצפס,compound,strength,yes,yes
mm_donkey_calf_raises_210,mm,legs,Legs,Ноги,רגליים,other,Donkey Calf Raises,"Подъёмы на икры ""Осёл""","הרמת שרירי השוק עם משקולת ""חמור""",isolation,strength,yes,yes
mm_double_kettlebell_alternating_hang_clean_211,mm,legs,Legs,Ноги,רגליים,kettlebells,Double Kettlebell Alternating Hang Clean,Двойной гиревой рывок чередующийся с висом,ניקובי כדורי משקולת כפולים חלופיים מהיכנות,compound,strength,yes,yes
mm_double_kettlebell_jerk_212,mm,shoulders,Shoulders,Плечи,כתפיים,kettlebells,Double Kettlebell Jerk,Двойной гиревой толчок,דחיפת כדורי משקולת כפולים,compound,strength,yes,yes
mm_double_kettlebell_push_press_213,mm,shoulders,Shoulders,Плечи,כתפיים,kettlebells,Double Kettlebell Push Press,Двойной гиревой жим,לחיצת כדורי משקולת כפולים,compound,strength,yes,yes
mm_double_kettlebell_snatch_214,mm,shoulders,Shoulders,Плечи,כתפיים,kettlebells,Double Kettlebell Snatch,Двойной гиревой рывок,ניקובי כדורי משקולת כפולים,compound,strength,yes,yes
mm_double_kettlebell_windmill_215,mm,abdominals,Abdominals,Пресс,בטן,kettlebells,Double Kettlebell Windmill,Двойное гиревое мельница,טחובת כדורי משקולת כפולים,isolation,strength,yes,yes
mm_double_leg_butt_kick_216,mm,legs,Legs,Ноги,רגליים,bodyweight,Double Leg Butt Kick,Подъём коленей к ягодицам на двух ногах,הרמת ברכיים לעבר העכוז בשתי רגליים,compound,plyometrics,yes,yes
mm_downward_facing_balance_217,mm,legs,Legs,Ноги,רגליים,exercise_ball,Downward Facing Balance,Поза собаки мордой вниз на одной ноге,תנוחת הכלב עם ראש למטה באיזון על רגל אחת,isolation,strength,yes,yes
mm_drag_curl_218,mm,elbow_flexors,Elbow Flexors,Сгибатели локтя,כופפי מרפק,barbell,Drag Curl,Сгибание рук на бицепс с тягой,כפיפת בייספ עם משיכה,isolation,strength,yes,yes
mm_drop_push_219,mm,chest,Chest,Грудь,חזה,other,Drop Push,Отжимания с опусканием,פעילות דחיפה עם ירידה,compound,plyometrics,yes,yes
mm_dumbbell_alternate_bicep_curl_220,mm,elbow_flexors,Elbow Flexors,Сгибатели локтя,כופפי מרפק,dumbbells,Dumbbell Alternate Bicep Curl,Сгибание рук на бицепс с гантелями поочерёдно,כפיפת בייספ עם משקולות לסירוגין,isolation,strength,yes,yes
mm_dumbbell_bench_press_221,mm,chest,Chest,Грудь,חזה,dumbbells,Dumbbell Bench Press,Жим гантелей лежа,לחיצת משקולות בשכיבה,compound,strength,yes,yes
mm_dumbbell_bench_press_with_neutral_grip_222,mm,chest,Chest,Грудь,חזה,dumbbells,Dumbbell Bench Press with Neutral Grip,Жим гантелей лежа нейтральным хватом,לחיצת משקולות בשכיבה עם אחיזה נייטרלית,compound,strength,yes,yes
mm_dumbbell_bicep_curl_223,mm,elbow_flexors,Elbow Flexors,Сгибатели локтя,כופפי מרפק,dumbbells,Dumbbell Bicep Curl,Сгибание рук на бицепс с гантелями,כפיפת בייספ עם משקולות,isolation,strength,yes,yes
mm_dumbbell_clean_224,mm,legs,Legs,Ноги,רגליים,dumbbells,Dumbbell Clean,Тяга гантелей в наклоне,משיכת דמבל בעמידה נטויה,compound,strength,yes,yes
mm_dumbbell_floor_press_225,mm,triceps,Triceps,Разгибатели локтя,פושטי מרפק,dumbbells,Dumbbell Floor Press,Жим гантелей лежа на полу,לחישת דמבל על הרצפה,compound,powerlifting,yes,yes
mm_dumbbell_flyes_226,mm,chest,Chest,Грудь,חזה,dumbbells,Dumbbell Flyes,Разводка гантелей лежа,פתיחת דמבל בשכיבה,isolation,strength,yes,yes
mm_dumbbell_incline_row_227,mm,back,Back,Спина,גב,dumbbells,Dumbbell Incline Row,Тяга гантелей в наклоне,משיכת דמבל בעמידה נטויה,compound,strength,yes,yes
mm_dumbbell_incline_shoulder_raise_228,mm,shoulders,Shoulders,Плечи,כתפיים,dumbbells,Dumbbell Incline Shoulder Raise,Подъем гантелей в наклоне на плечи,הרמת דמבל לכתפיים בעמידה נטויה,isolation,strength,yes,yes
mm_dumbbell_lunges_229,mm,legs,Legs,Ноги,רגליים,dumbbells,Dumbbell Lunges,Выпады с гантелями,סקווט דמבל עם צעדים,compound,strength,yes,yes
mm_dumbbell_lying_one_arm_rear_lateral_raise_230,mm,shoulders,Shoulders,Плечи,כתפיים,dumbbells,Dumbbell Lying One-Arm Rear Lateral Raise,Мах гантелей назад одной рукой лежа,הרמת דמבל אחורית עם יד אחת בשכיבה,isolation,strength,yes,yes
mm_dumbbell_lying_pronation_231,mm,forearms,Forearms,Предплечья,אמות ידיים,dumbbells,Dumbbell Lying Pronation,Супинация с гантелями лежа,סיבוב פרונציה של דמבל בשכיבה,isolation,strength,yes,yes
mm_dumbbell_lying_rear_lateral_raise_232,mm,shoulders,Shoulders,Плечи,כתפיים,dumbbells,Dumbbell Lying Rear Lateral Raise,Тяга гантелей в наклоне лежа,משיכת משקולות בשכיבה על הבטן,isolation,strength,yes,yes
mm_dumbbell_lying_supination_233,mm,forearms,Forearms,Предплечья,אמות ידיים,dumbbells,Dumbbell Lying Supination,Супинация с гантелями лежа,סופינציה עם משקולות בשכיבה,isolation,strength,yes,yes
mm_dumbbell_one_arm_shoulder_press_234,mm,shoulders,Shoulders,Плечи,כתפיים,dumbbells,Dumbbell One-Arm Shoulder Press,Жим гантели на плечо одной рукой,לחיצת משקולות על הכתף ביד אחת,compound,strength,yes,yes
mm_dumbbell_one_arm_triceps_extension_235,mm,triceps,Triceps,Разгибатели локтя,פושטי מרפק,dumbbells,Dumbbell One-Arm Triceps Extension,Разгибание трицепса с гантелью одной рукой,הרחבת טריצפס עם משקולות ביד אחת,isolation,strength,yes,yes
mm_dumbbell_one_arm_upright_row_236,mm,shoulders,Shoulders,Плечи,כתפיים,dumbbells,Dumbbell One-Arm Upright Row,Тяга гантели к подбородку одной рукой,משיכת משקולות לסנטר ביד אחת,compound,strength,yes,yes
mm_dumbbell_prone_incline_curl_237,mm,elbow_flexors,Elbow Flexors,Сгибатели локтя,כופפי מרפק,dumbbells,Dumbbell Prone Incline Curl,Сгибание рук с гантелями в наклоне лежа,כיפוף ביצים עם משקולות בשכיבה מוטלת,isolation,strength,yes,yes
mm_dumbbell_raise_238,mm,shoulders,Shoulders,Плечи,כתפיים,dumbbells,Dumbbell Raise,Подъем гантелей,הרמת משקולות,isolation,strength,yes,yes
mm_dumbbell_rear_lunge_239,mm,legs,Legs,Ноги,רגליים,dumbbells,Dumbbell Rear Lunge,Выпад с гантелями назад,סקווט רגל אחורי עם משקולות,compound,strength,yes,yes
mm_dumbbell_scaption_240,mm,shoulders,Shoulders,Плечи,כתפיים,dumbbells,Dumbbell Scaption,Подъём гантелей в скапиональной плоскости,הרמת משקולות בתנוחת סקפטור,isolation,strength,yes,yes
mm_dumbbell_seated_box_jump_241,mm,legs,Legs,Ноги,רגליים,dumbbells,Dumbbell Seated Box Jump,Прыжок на ящик с гантелями сидя,קפיצה על קופסה עם משקולות בישיבה,compound,plyometrics,yes,yes
mm_dumbbell_seated_one_leg_calf_raise_242,mm,legs,Legs,Ноги,רגליים,dumbbells,Dumbbell Seated One-Leg Calf Raise,Подъём на икры одной ногой сидя с гантелью,הרמת בטן רגל אחת עם משקולת בישיבה,isolation,strength,yes,yes
mm_dumbbell_shoulder_press_243,mm,shoulders,Shoulders,Плечи,כתפיים,dumbbells,Dumbbell Shoulder Press,Жим гантелей сидя,לחישת משקולות בישיבה,compound,strength,yes,yes
mm_dumbbell_shrug_244,mm,back,Back,Спина,גב,dumbbells,Dumbbell Shrug,Подъём гантелей на плечи (шраги),הרמת כתפיים עם משקולות,isolation,strength,yes,yes
mm_dumbbell_side_bend_245,mm,abdominals,Abdominals,Пресс,בטן,dumbbells,Dumbbell Side Bend,Наклон в сторону с гантелью,כיפוף צד עם משקולת,isolation,strength,yes,yes
mm_dumbbell_squat_246,mm,legs,Legs,Ноги,רגליים,dumbbells,Dumbbell Squat,Приседания с гантелями,סקווט עם משקולות,compound,strength,yes,yes
mm_dumbbell_squat_to_a_bench_247,mm,legs,Legs,Ноги,רגליים,dumbbells,Dumbbell Squat To A Bench,Приседания с гантелями к скамье,סקווט עם משקולות לכיוון ספסל,compound,strength,yes,yes
mm_dumbbell_step_ups_248,mm,legs,Legs,Ноги,רגליים,dumbbells,Dumbbell Step Ups,Подъёмы на ступеньку с гантелями,עליות על ספסל עם משקולות,compound,strength,yes,yes
mm_dumbbell_tricep_extension_pronated_grip_249,mm,triceps,Triceps,Разгибатели локтя,פושטי מרפק,dumbbells,Dumbbell Tricep Extension -Pronated Grip,Разгибание трицепса с гантелями - хват сверху,הרחבת טריצפס עם משקולות - אחיזה עליונה,isolation,strength,yes,yes
mm_dynamic_back_stretch_250,mm,stretching,Stretching,Растяжка,מתיחות,other,Dynamic Back Stretch,Динамическая растяжка спины,מתיחה דינמית של הגב,isolation,stretching,yes,yes
mm_dynamic_chest_stretch_251,mm,stretching,Stretching,Растяжка,מתיחות,other,Dynamic Chest Stretch,Динамическая растяжка груди,מתיחה דינמית של החזה,isolation,stretching,yes,yes
mm_ez_bar_curl_252,mm,elbow_flexors,Elbow Flexors,Сгибатели локтя,כופפי מרפק,ez_bar,EZ-Bar Curl,Сгибание рук со штангой EZ,כפיפות בייספ עם מוט EZ,isolation,strength,yes,yes
mm_ez_bar_skullcrusher_253,mm,triceps,Triceps,Разгибатели локтя,פושטי מרפק,ez_bar,EZ-Bar Skullcrusher,Французский жим со штангой EZ,פליק צרפתי עם מוט EZ,isolation,strength,yes,yes
mm_elbow_circles_254,mm,stretching,Stretching,Растяжка,מתיחות,other,Elbow Circles,Круговые движения руками в локтях,מעגלי מרפקים,isolation,stretching,yes,yes
mm_elbow_to_knee_255,mm,abdominals,Abdominals,Пресс,בטן,bodyweight,Elbow to Knee,П touch колена к локтю,מגע ברך למרפק,isolation,strength,yes,yes
mm_elbows_back_256,mm,chest,Chest,Грудь,חזה,other,Elbows Back,Локти назад,מרפקים אחורה,isolation,stretching,yes,yes
mm_elevated_back_lunge_257,mm,legs,Legs,Ноги,רגליים,barbell,Elevated Back Lunge,Выпад с возвышением для спины,סקווט עם משטח לגב,compound,strength,yes,yes
mm_elevated_cable_rows_258,mm,back,Back,Спина,גב,cable,Elevated Cable Rows,Тяги в наклоне с троса,משיכות קוויב עם כבל,compound,strength,yes,yes
mm_elliptical_trainer_259,mm,fullbody,Full Body,Всё тело,כל הגוף,machine,Elliptical Trainer,Эллиптический тренажёр,מכונת אליפטיקל,compound,cardio,yes,yes
mm_exercise_ball_crunch_260,mm,abdominals,Abdominals,Пресс,בטן,exercise_ball,Exercise Ball Crunch,Скручивания на фитболе,כפיפות בטן עם כדור כושר,isolation,strength,yes,yes
mm_exercise_ball_pull_in_261,mm,abdominals,Abdominals,Пресс,בטן,exercise_ball,Exercise Ball Pull-In,Подтягивания на фитболе,משיכת בטן עם כדור כושר,compound,strength,yes,yes
mm_extended_range_one_arm_kettlebell_floor_press_262,mm,chest,Chest,Грудь,חזה,kettlebells,Extended Range One-Arm Kettlebell Floor Press,Жим гири лежа с одной рукой на полу с увеличенной амплитудой,לחיצת קטלבל על הרצפה יד אחת טווח מורחב,compound,strength,yes,yes
mm_external_rotation_263,mm,shoulders,Shoulders,Плечи,כתפיים,dumbbells,External Rotation,Внешнее вращение,סיבוב חיצוני,isolation,strength,yes,yes
mm_external_rotation_with_band_264,mm,shoulders,Shoulders,Плечи,כתפיים,bands,External Rotation with Band,Внешнее вращение с эспандером,סיבוב חיצוני עם רצועה,isolation,strength,yes,yes
mm_external_rotation_with_cable_265,mm,shoulders,Shoulders,Плечи,כתפיים,cable,External Rotation with Cable,Внешнее вращение с тросом,סיבוב חיצוני עם כבל,isolation,strength,yes,yes
mm_face_pull_266,mm,shoulders,Shoulders,Плечи,כתפיים,cable,Face Pull,Тяга к лицу,משיכה לפנים,compound,strength,yes,yes
mm_farmers_walk_267,mm,forearms,Forearms,Предплечья,אמות ידיים,other,Farmer's Walk,Ходьба фермера,הליכת איכר,compound,strongman,yes,yes
mm_fast_skipping_268,mm,legs,Legs,Ноги,רגליים,bodyweight,Fast Skipping,Быстрый Skipping,קפיצות מהירות,compound,plyometrics,yes,yes
mm_finger_curls_269,mm,forearms,Forearms,Предплечья,אמות ידיים,barbell,Finger Curls,Сгибания пальцами,כפיפות אצבעות,isolation,strength,yes,yes
mm_flat_bench_cable_flyes_270,mm,chest,Chest,Грудь,חזה,cable,Flat Bench Cable Flyes,Махи на блоке лежа,מתיחות כנף בשכיבה על ספה,isolation,strength,yes,yes
mm_flat_bench_leg_pull_in_271,mm,abdominals,Abdominals,Пресс,בטן,bodyweight,Flat Bench Leg Pull-In,Подтягивание ног на скамье,משיכת בטן לפנים בשכיבה,isolation,strength,yes,yes
mm_flat_bench_lying_leg_raise_272,mm,abdominals,Abdominals,Пресс,בטן,bodyweight,Flat Bench Lying Leg Raise,Подъём ног лёжа на горизонтальной скамье,הרמת רגליים שכיבה על ספסל אופקי,isolation,strength,yes,yes
mm_flexor_incline_dumbbell_curls_273,mm,elbow_flexors,Elbow Flexors,Сгибатели локтя,כופפי מרפק,dumbbells,Flexor Incline Dumbbell Curls,Сгибание рук с гантелями на наклонной скамье,כפיפות זרועות עם משקולות על ספסל משופע,isolation,strength,yes,yes
mm_floor_glute_ham_raise_274,mm,legs,Legs,Ноги,רגליים,other,Floor Glute-Ham Raise,Подъём таза и сгибание ног в упоре на полу,הרמת אגן וכיפוף רגליים בתמיכת רגליים,compound,strength,yes,yes
mm_floor_press_275,mm,chest,Chest,Грудь,חזה,barbell,Floor Press,Жим лежа на полу,לחיצת משקולות שכיבה על הרצפה,compound,powerlifting,yes,yes
mm_floor_press_with_chains_276,mm,chest,Chest,Грудь,חזה,barbell,Floor Press with Chains,Жим лежа на полу с цепями,לחיצת משקולות עם שרשראות שכיבה על הרצפה,compound,powerlifting,yes,yes
mm_flutter_kicks_277,mm,abdominals,Abs,Пресс,בטן,bodyweight,Flutter Kicks,Махи ногами (лягушка),התנועעות עם הרגליים,isolation,strength,yes,yes
mm_foot_smr_278,mm,stretching,Stretching,Растяжка,מתיחות,other,Foot-SMR,Самомассаж стопы,עיסוי עצמי של כף הרגל,isolation,stretching,yes,yes
mm_forward_drag_with_press_279,mm,chest,Chest,Грудь,חזה,other,Forward Drag with Press,Тяга вперед с жимом,משיכה קדימה עם לחיצה,compound,strongman,yes,yes
mm_frankenstein_squat_280,mm,legs,Legs,Ноги,רגליים,barbell,Frankenstein Squat,Приседания Франкенштейна,סקוואט פרנקנשטיין,compound,olympic weightlifting,yes,yes
mm_freehand_jump_squat_281,mm,legs,Legs,Ноги,רגליים,bodyweight,Freehand Jump Squat,Приседания на прыжки без веса,סקוואט קפיצה חופשי,compound,strength,yes,yes
mm_frog_hops_282,mm,legs,Legs,Ноги,רגליים,other,Frog Hops,Прыжки лягушки,קפיצות צפרדע,compound,stretching,yes,yes
mm_frog_sit_ups_283,mm,abdominals,Abdominals,Пресс,בטן,bodyweight,Frog Sit-Ups,Скручивания лягушки,כפיפות בטן צפרדע,isolation,strength,yes,yes
mm_front_barbell_squat_284,mm,legs,Legs,Ноги,רגליים,barbell,Front Barbell Squat,Приседания со штангой на груди,סקוואט עם משקולת קדמית,compound,strength,yes,yes
mm_front_barbell_squat_to_a_bench_285,mm,legs,Legs,Ноги,רגליים,barbell,Front Barbell Squat To A Bench,Приседания со штангой на груди к скамье,סקוואט עם משקולת קדמית לספסל,compound,strength,yes,yes
mm_front_box_jump_286,mm,legs,Legs,Ноги,רגליים,other,Front Box Jump,Прыжки на ящик спереди,קפיצה על קופסה מהחזית,compound,plyometrics,yes,yes
mm_front_cable_raise_287,mm,shoulders,Shoulders,Плечи,כתפיים,cable,Front Cable Raise,Подъём гантели на передние дельты,הרמת כבל קדמית,isolation,strength,yes,yes
mm_front_cone_hops_or_hurdle_hops_288,mm,legs,Legs,Ноги,רגליים,other,Front Cone Hops (or hurdle hops),Прыжки через конусы (или барьеры) спереди,קפיצות קדימה מעל חרוטים (או מעל מכשולים),compound,plyometrics,yes,yes
mm_front_dumbbell_raise_289,mm,shoulders,Shoulders,Плечи,כתפיים,dumbbells,Front Dumbbell Raise,Подъем гантелей перед собой,הרמת משקולות קדימה,isolation,strength,yes,yes
mm_front_incline_dumbbell_raise_290,mm,shoulders,Shoulders,Плечи,כתפיים,dumbbells,Front Incline Dumbbell Raise,Подъем гантелей перед собой на наклонной скамье,הרמת משקולות קדימה על ספה משופעת,isolation,strength,yes,yes
mm_front_leg_raises_291,mm,abdominals,Abs,Пресс,בטן,bodyweight,Front Leg Raises,Подъемы ног лежа,הרמת רגליים קדימה בשכיבה,isolation,stretching,yes,yes
mm_front_plate_raise_292,mm,shoulders,Shoulders,Плечи,כתפיים,other,Front Plate Raise,Подъем диска перед собой,הרמת פלטה קדימה,isolation,strength,yes,yes
mm_front_raise_and_pullover_293,mm,shoulders,Shoulders,Плечи,כתפיים,barbell,Front Raise And Pullover,Подъем перед собой и растягивание,הרמה קדימה ומתיחה,compound,strength,yes,yes
mm_front_squat_clean_grip_294,mm,legs,Legs,Ноги,רגליים,barbell,Front Squat (Clean Grip),Приседания со штангой на груди,סקוואט קדמי עם אחיזת קלינג,compound,strength,yes,yes
mm_front_squats_with_two_kettlebells_295,mm,legs,Legs,Ноги,רגליים,kettlebells,Front Squats With Two Kettlebells,Приседания со штангой на груди с двумя гирями,סקוואט קדמי עם שתי קטלבלות,compound,strength,yes,yes
mm_front_two_dumbbell_raise_296,mm,shoulders,Shoulders,Плечи,כתפיים,dumbbells,Front Two-Dumbbell Raise,Подъем гантелей перед собой,הרמת משקולות דמבל לפנים,isolation,strength,yes,yes
mm_full_range_of_motion_lat_pulldown_297,mm,back,Back,Спина,גב,cable,Full Range-Of-Motion Lat Pulldown,Тяга к груди с полной амплитудой,משיכת חזה מלאת טווח תנועה,compound,strength,yes,yes
mm_gironda_sternum_chins_298,mm,back,Back,Спина,גב,other,Gironda Sternum Chins,Подтягивания Гиронды,מתח גירונדה לחזה,compound,strength,yes,yes
mm_glute_ham_raise_299,mm,legs,Legs,Ноги,רגליים,machine,Glute Ham Raise,Сгибание голени лежа,כושר רגליים בשכיבה,compound,powerlifting,yes,yes
mm_glute_kickback_300,mm,legs,Legs,Ноги,רגליים,bodyweight,Glute Kickback,Разгибание бедра назад,הרמת רגל אחורית,isolation,strength,yes,yes
mm_goblet_squat_301,mm,legs,Legs,Ноги,רגליים,kettlebells,Goblet Squat,Приседания с гирей,סקווט קטל,compound,strength,yes,yes
mm_good_morning_302,mm,legs,Legs,Ноги,רגליים,barbell,Good Morning,Доброе утро,בוקר טוב,compound,powerlifting,yes,yes
mm_good_morning_off_pins_303,mm,legs,Legs,Ноги,רגליים,barbell,Good Morning off Pins,Сгибание туловища со стойки,Good Morning מהפינים,compound,powerlifting,yes,yes
mm_gorilla_chincrunch_304,mm,abdominals,Abdominals,Пресс,בטן,bodyweight,Gorilla Chin/Crunch,Подтягивание с подъемом коленей в упоре,מתקף גורילה עם כיפוף בטן,isolation,strength,yes,yes
mm_groin_and_back_stretch_305,mm,stretching,Stretching,Растяжка,מתיחות,other,Groin and Back Stretch,Растяжка паха и спины,מתיחת מפשעה וגב,isolation,stretching,yes,yes
mm_groiners_306,mm,calisthenics,Calisthenics,Калистеника,משקל גוף,bodyweight,Groiners,Горничные,גרואינרס,compound,stretching,yes,yes
mm_hack_squat_307,mm,legs,Legs,Ноги,רגליים,machine,Hack Squat,Гакк-приседания,סקוואט האק,compound,strength,yes,yes
mm_hammer_curls_308,mm,elbow_flexors,Elbow Flexors,Сгибатели локтя,כופפי מרפק,dumbbells,Hammer Curls,"Сгибания рук с гантелями ""молот""",כפיפות בייסטרינג עם אחיזת מפתח,isolation,strength,yes,yes
mm_hammer_grip_incline_db_bench_press_309,mm,chest,Chest,Грудь,חזה,dumbbells,Hammer Grip Incline DB Bench Press,"Жим гантелей на наклонной скамье хватом ""молот""",פרס דמבל בליטה עם אחיזת מפתח,compound,strength,yes,yes
mm_hamstring_smr_310,mm,stretching,Stretching,Растяжка,מתיחות,foam_roll,Hamstring-SMR,Миофасциальный релиз задней поверхности бедра,SMR שרירי הירך האחוריים,isolation,stretching,yes,yes
mm_hamstring_stretch_311,mm,stretching,Stretching,Растяжка,מתיחות,other,Hamstring Stretch,Растяжка задней поверхности бедра,מתיחת שרירי הירך האחוריים,isolation,stretching,yes,yes
mm_handstand_push_ups_312,mm,shoulders,Shoulders,Плечи,כתפיים,bodyweight,Handstand Push-Ups,Отжимания в стойке на руках,התעמלות ידיים בעמידה על הידיים,compound,strength,yes,yes
mm_hang_clean_313,mm,legs,Legs,Ноги,רגליים,barbell,Hang Clean,Тяга штанги в висе,משיכת משקולות מהידיים,compound,olympic weightlifting,yes,yes
mm_hang_clean_below_the_knees_314,mm,legs,Legs,Ноги,רגליים,barbell,Hang Clean - Below the Knees,Тяга штанги в висе ниже колен,משיכת משקולות מהידיים מתחת לברכיים,compound,olympic weightlifting,yes,yes
mm_hang_snatch_315,mm,legs,Legs,Ноги,רגליים,barbell,Hang Snatch,Рывок штанги в висе,הרמת משקולות מהידיים,compound,olympic weightlifting,yes,yes
mm_hang_snatch_below_knees_316,mm,legs,Legs,Ноги,רגליים,barbell,Hang Snatch - Below Knees,Рывок штанги в висе ниже колен,הרמת משקולות מהידיים מתחת לברכיים,compound,olympic weightlifting,yes,yes
mm_hanging_bar_good_morning_317,mm,legs,Legs,Ноги,רגליים,barbell,Hanging Bar Good Morning,Сгибание туловища в висе на перекладине,כיפוף גוף בתלייה על המוט,compound,powerlifting,yes,yes
mm_hanging_leg_raise_318,mm,abdominals,Abdominals,Пресс,בטן,bodyweight,Hanging Leg Raise,Подтягивания ног в висе,הרמת רגליים בתלייה,isolation,strength,yes,yes
mm_hanging_pike_319,mm,abdominals,Abdominals,Пресс,בטן,bodyweight,Hanging Pike,Поворот в висе,קיפוץ בתלייה,isolation,strength,yes,yes
mm_heaving_snatch_balance_320,mm,fullbody,Full Body,Всё тело,כל הגוף,barbell,Heaving Snatch Balance,Подъём на носки со snatch,הרמת סנאט במאזניים,compound,olympic weightlifting,yes,yes
mm_heavy_bag_thrust_321,mm,chest,Chest,Грудь,חזה,other,Heavy Bag Thrust,Толчок тяжёлого мешка,דחיפת שק כבד,compound,plyometrics,yes,yes
mm_high_cable_curls_322,mm,elbow_flexors,Elbow Flexors,Сгибатели локтя,כופפי מרפק,cable,High Cable Curls,Сгибания рук на верхнем блоке,כפיפות זרועות בכבל עליון,isolation,strength,yes,yes
mm_hip_circles_prone_323,mm,legs,Legs,Ноги,רגליים,bodyweight,Hip Circles (prone),Круги тазом (лёжа),מעגלים באגן (שכיבה),isolation,stretching,yes,yes
mm_hip_extension_with_bands_324,mm,legs,Legs,Ноги,רגליים,bands,Hip Extension with Bands,Разгибание бёдер с эспандером,הרחבת אגן עם רצועה,isolation,strength,yes,yes
mm_hip_flexion_with_band_325,mm,legs,Legs,Ноги,רגליים,bands,Hip Flexion with Band,Сгибание бёдер с эспандером,כיפוף אגן עם רצועה,isolation,strength,yes,yes
mm_hip_lift_with_band_326,mm,legs,Legs,Ноги,רגליים,bands,Hip Lift with Band,Подъём бёдер с эспандером,הרמת אגן עם רצועה,isolation,powerlifting,yes,yes
mm_hug_a_ball_327,mm,abdominals,Abs,Пресс,בטן,exercise_ball,Hug A Ball,Объятие мяча,חיבוק כדור,isolation,stretching,yes,yes
mm_hug_knees_to_chest_328,mm,abdominals,Abs,Пресс,בטן,other,Hug Knees To Chest,Объятие коленей к груди,חיבוק ברכיים לחזה,isolation,stretching,yes,yes
mm_hurdle_hops_329,mm,legs,Legs,Ноги,רגליים,other,Hurdle Hops,Прыжки через барьеры,קפיצות מעל מכשולים,compound,plyometrics,yes,yes
mm_hyperextensions_back_extensions_330,mm,back,Back,Спина,גב,other,Hyperextensions (Back Extensions),Гиперэкстензия (Разгибания спины),היפראקסנזיה (פישור גב),isolation,strength,yes,yes
mm_hyperextensions_with_no_hyperextension_bench_331,mm,back,Back,Спина,גב,bodyweight,Hyperextensions With No Hyperextension Bench,Гиперэкстензия без скамьи,היפראקסנזיה ללא ספה,isolation,strength,yes,yes
mm_it_band_and_glute_stretch_332,mm,stretching,Stretching,Растяжка,מתיחות,other,IT Band and Glute Stretch,Растяжка IT-банд и ягодиц,מתיחת רצועת ה-IT והירכיים,isolation,stretching,yes,yes
mm_iliotibial_tract_smr_333,mm,stretching,Stretching,Растяжка,מתיחות,foam_roll,Iliotibial Tract-SMR,Самомассаж IT-банда,SMR של רצועת ה-IT,isolation,stretching,yes,yes
mm_inchworm_334,mm,fullbody,Full Body,Всё тело,כל הגוף,bodyweight,Inchworm,Червяк,תולעת,compound,stretching,yes,yes
mm_incline_barbell_triceps_extension_335,mm,triceps,Triceps,Разгибатели локтя,פושטי מרפק,barbell,Incline Barbell Triceps Extension,Французский жим на наклонной скамье,הרחבת טריצפס במוט על ספת אימון משופעת,isolation,strength,yes,yes
mm_incline_bench_pull_336,mm,chest,Chest,Грудь,חזה,barbell,Incline Bench Pull,Тяга штанги на наклонной скамье,משיכת מקבילים על ספה משופעת,isolation,strength,yes,yes
mm_incline_cable_chest_press_337,mm,chest,Chest,Грудь,חזה,cable,Incline Cable Chest Press,Горизонтальный жим на тросах в наклоне,לחיצת חזה בכבילים על ספה משופעת,compound,strength,yes,yes
mm_incline_cable_flye_338,mm,chest,Chest,Грудь,חזה,cable,Incline Cable Flye,Разводка гантелей на наклонной скамье,פתיחת מקבילים בכבילים על ספה משופעת,isolation,strength,yes,yes
mm_incline_dumbbell_bench_with_palms_facing_in_339,mm,chest,Chest,Грудь,חזה,dumbbells,Incline Dumbbell Bench With Palms Facing In,Наклонный жим гантелей с ладонями внутрь,לחיצת מקבילים משופעת עם כפות פנימה,compound,strength,yes,yes
mm_incline_dumbbell_curl_340,mm,elbow_flexors,Elbow Flexors,Сгибатели локтя,כופפי מרפק,dumbbells,Incline Dumbbell Curl,Сгибание рук с гантелями на наклонной скамье,כיפוף בייס על ספה משופעת,isolation,strength,yes,yes
mm_incline_dumbbell_flyes_341,mm,chest,Chest,Грудь,חזה,dumbbells,Incline Dumbbell Flyes,Разводка гантелей на наклонной скамье,פתיחת מקבילים עם משקולות על ספה משופעת,isolation,strength,yes,yes
mm_incline_dumbbell_flyes_with_a_twist_342,mm,chest,Chest,Грудь,חזה,dumbbells,Incline Dumbbell Flyes - With A Twist,Разводка гантелей на наклонной скамье с поворотом,פתיחת מקבילים עם משקולות על ספה משופעת עם סיבוב,isolation,strength,yes,yes
mm_incline_dumbbell_press_343,mm,chest,Chest,Грудь,חזה,dumbbells,Incline Dumbbell Press,Наклонный жим гантелей,לחיצת מקבילים משופעת,compound,strength,yes,yes
mm_incline_hammer_curls_344,mm,elbow_flexors,Elbow Flexors,Сгибатели локтя,כופפי מרפק,dumbbells,Incline Hammer Curls,Сгибание рук с гантелями на скамье наклоном,כיפוף זרועות עם משקולות על ספה משופעת,isolation,strength,yes,yes
mm_incline_inner_biceps_curl_345,mm,elbow_flexors,Elbow Flexors,Сгибатели локтя,כופפי מרפק,dumbbells,Incline Inner Biceps Curl,Сгибание рук на скамье наклоном (внутренняя часть бицепса),כיפוף זרועות על ספה משופעת (חלק פנימי של הזרוע),isolation,strength,yes,yes
mm_incline_push_up_346,mm,chest,Chest,Грудь,חזה,bodyweight,Incline Push-Up,Отжимания на скамье наклоном,סליחות על ספה משופעת,compound,strength,yes,yes
mm_incline_push_up_close_grip_347,mm,chest,Chest,Грудь,חזה,bodyweight,Incline Push-Up Close-Grip,Отжимания на скамье наклоном узким хватом,סליחות על ספה משופעת עם אחיזה צרה,compound,strength,yes,yes
mm_incline_push_up_depth_jump_348,mm,chest,Chest,Грудь,חזה,other,Incline Push-Up Depth Jump,Прыжковые отжимания на скамье наклоном,סליחות קפיצה על ספה משופעת,compound,plyometrics,yes,yes
mm_incline_push_up_medium_349,mm,chest,Chest,Грудь,חזה,bodyweight,Incline Push-Up Medium,Отжимания на скамье наклоном со средней постановкой рук,סליחות על ספה משופעת עם רגליים ברוחב בינוני,compound,strength,yes,yes
mm_incline_push_up_reverse_grip_350,mm,chest,Chest,Грудь,חזה,bodyweight,Incline Push-Up Reverse Grip,Отжимания на скамье наклоном обратным хватом,סליחות על ספה משופעת עם אחיזה הפוכה,isolation,strength,yes,yes
mm_incline_push_up_wide_351,mm,chest,Chest,Грудь,חזה,bodyweight,Incline Push-Up Wide,Отжимания на скамье наклоном широким хватом,סליחות על ספה משופעת עם אחיזה רחבה,isolation,strength,yes,yes
mm_intermediate_groin_stretch_352,mm,legs,Legs,Ноги,רגליים,other,Intermediate Groin Stretch,Растяжка паха среднего уровня,מתיחת מפשעה בינונית,isolation,stretching,yes,yes
mm_intermediate_hip_flexor_and_quad_stretch_353,mm,legs,Legs,Ноги,רגליים,other,Intermediate Hip Flexor and Quad Stretch,Растяжка сгибателей бедра и квадрицепса среднего уровня,מתיחת כופתר הירך והרגל הבינונית,isolation,stretching,yes,yes
mm_internal_rotation_with_band_354,mm,shoulders,Shoulders,Плечи,כתפיים,bands,Internal Rotation with Band,Внутренняя ротация с эспандером,סיבוב פנימי עם רצועה,isolation,strength,yes,yes
mm_inverted_row_355,mm,back,Back,Спина,גב,other,Inverted Row,Тяга в наклоне (горизонтальная тяга),משיכה הפוכה,isolation,strength,yes,yes
mm_inverted_row_with_straps_356,mm,back,Back,Спина,גב,other,Inverted Row with Straps,Тяга в наклоне со стропами,משיכה הפוכה עם רצועות,isolation,strength,yes,yes
mm_iron_cross_357,mm,shoulders,Shoulders,Плечи,כתפיים,dumbbells,Iron Cross,Жим лежа на перекладине (Жим железного креста),כוח הברזל,isolation,strength,yes,yes
mm_iron_crosses_stretch_358,mm,legs,Legs,Ноги,רגליים,other,Iron Crosses (stretch),"Растяжка ""Железный крест""",מתיחת כוח הברזל,isolation,stretching,yes,yes
mm_isometric_chest_squeezes_359,mm,chest,Chest,Грудь,חזה,bodyweight,Isometric Chest Squeezes,Изометричное сжимание груди,דחיסת חזה איזומטרית,isolation,plyometrics,yes,yes
mm_isometric_neck_exercise_front_and_back_360,mm,back,Back,Спина,גב,bodyweight,Isometric Neck Exercise - Front And Back,Изометрическое упражнение для шеи - вперед и назад,תרגיל איזומטי לצוואר - קדימה ואחורה,isolation,strength,yes,yes
mm_isometric_neck_exercise_sides_361,mm,back,Back,Спина,גב,bodyweight,Isometric Neck Exercise - Sides,Изометрическое упражнение для шеи - в стороны,תרגיל איזומטי לצוואר - לצדדים,isolation,strength,yes,yes
mm_isometric_wipers_362,mm,chest,Chest,Грудь,חזה,bodyweight,Isometric Wipers,"Изометрические ""стеклоочистители""","תרגיל איזומטי ""מנקה חלונות""",isolation,strength,yes,yes
mm_jm_press_363,mm,triceps,Triceps,Разгибатели локтя,פושטי מרפק,barbell,JM Press,Пресс JM,לחיצת JM,isolation,strength,yes,yes
mm_jackknife_sit_up_364,mm,abdominals,Abdominals,Пресс,בטן,bodyweight,Jackknife Sit-Up,"Скручивание ""ножницы""","כפיפות בטן ""סכין""",isolation,strength,yes,yes
mm_janda_sit_up_365,mm,abdominals,Abdominals,Пресс,בטן,bodyweight,Janda Sit-Up,Скручивание Джанды,כפיפות בטן ג'נדה,isolation,strength,yes,yes
mm_jefferson_squats_366,mm,legs,Legs,Ноги,רגליים,barbell,Jefferson Squats,Приседания Джефферсона,סקווט ג'פרסון,isolation,strength,yes,yes
mm_jerk_balance_367,mm,shoulders,Shoulders,Плечи,כתפיים,barbell,Jerk Balance,"Баланс в ""рывке""",איזון בהנפה,isolation,olympic weightlifting,yes,yes
mm_jerk_dip_squat_368,mm,legs,Legs,Ноги,רגליים,barbell,Jerk Dip Squat,Приседания с выпрыгиванием,סקווט דיפ עם דחיפה,isolation,olympic weightlifting,yes,yes
mm_jogging_treadmill_369,mm,legs,Legs,Ноги,רגליים,machine,"Jogging, Treadmill","Бег, беговая дорожка","ריצה, מסוע",isolation,cardio,yes,yes
mm_keg_load_370,mm,back,Back,Спина,גב,other,Keg Load,Подъем кегли,הרמת חבית,isolation,strongman,yes,yes
mm_kettlebell_arnold_press_371,mm,shoulders,Shoulders,Плечи,כתפיים,kettlebells,Kettlebell Arnold Press,Жим Арнольда с гирей,פרס ארנולד עם קטלבל,isolation,strength,yes,yes
mm_kettlebell_dead_clean_372,mm,legs,Legs,Ноги,רגליים,kettlebells,Kettlebell Dead Clean,Рывок гири из положения вис,קלן דד עם קטלבל,isolation,strength,yes,yes
mm_kettlebell_figure_8_373,mm,abdominals,Abdominals,Пресс,בטן,kettlebells,Kettlebell Figure 8,Восьмерка с гирей,פיגור 8 עם קטלבל,isolation,strength,yes,yes
mm_kettlebell_hang_clean_374,mm,legs,Legs,Ноги,רגליים,kettlebells,Kettlebell Hang Clean,Рывок гири из положения вис,הנג קלן עם קטלבל,isolation,strength,yes,yes
mm_kettlebell_one_legged_deadlift_375,mm,back,Back,Спина,גב,kettlebells,Kettlebell One-Legged Deadlift,Одноногая тяга гири,דדליפט חד-רגלי עם קטלבל,isolation,strength,yes,yes
mm_kettlebell_pass_between_the_legs_376,mm,abdominals,Abdominals,Пресс,בטן,kettlebells,Kettlebell Pass Between The Legs,Перехват гири между ног,העברת קטלבלים בין הרגליים,isolation,strength,yes,yes
mm_kettlebell_pirate_ships_377,mm,shoulders,Shoulders,Плечи,כתפיים,kettlebells,Kettlebell Pirate Ships,Пиратские корабли с гирей,ספינות שודדי הים עם קטלבל,isolation,strength,yes,yes
mm_kettlebell_pistol_squat_378,mm,legs,Legs,Ноги,רגליים,kettlebells,Kettlebell Pistol Squat,Пistol squat с гирей,סקוואט פיסטול עם קטלבל,isolation,strength,yes,yes
mm_kettlebell_seated_press_379,mm,shoulders,Shoulders,Плечи,כתפיים,kettlebells,Kettlebell Seated Press,Жим гири сидя,לחישת קטלבל ישיבה,isolation,strength,yes,yes
mm_kettlebell_seesaw_press_380,mm,shoulders,Shoulders,Плечи,כתפיים,kettlebells,Kettlebell Seesaw Press,Жим гири наизмену,לחישת קטלבל מתנדנדת,isolation,strength,yes,yes
mm_kettlebell_sumo_high_pull_381,mm,back,Back,Спина,גב,kettlebells,Kettlebell Sumo High Pull,Тяга гири сумо высоко,משיכת קטלבל סומו גבוהה,isolation,strength,yes,yes
mm_kettlebell_thruster_382,mm,shoulders,Shoulders,Плечи,כתפיים,kettlebells,Kettlebell Thruster,Трастер с гирей,תרסטר עם קטלבל,isolation,strength,yes,yes
mm_kettlebell_turkish_get_up_lunge_style_383,mm,legs,Legs,Ноги,רגליים,kettlebells,Kettlebell Turkish Get-Up (Lunge style),Турецкий подъем с гирей (в стиле выпада),הרמה טורקית עם קטלבל (סגנון לונג),isolation,strength,yes,yes
mm_kettlebell_turkish_get_up_squat_style_384,mm,legs,Legs,Ноги,רגליים,kettlebells,Kettlebell Turkish Get-Up (Squat style),Турецкий подъем с гирей (в стиле со приседом),קיקבל טורקי עם עמידה (סטייל סקווט),isolation,strength,yes,yes
mm_kettlebell_windmill_385,mm,abdominals,Abdominals,Пресс,בטן,kettlebells,Kettlebell Windmill,Ветряная мельница с гирей,קיקבל ווינדמיל,isolation,strength,yes,yes
mm_kipping_muscle_up_386,mm,back,Back,Спина,גב,other,Kipping Muscle Up,Мас-ап с киппингом,מאס-אפ עם קיפינג,isolation,strength,yes,yes
mm_knee_across_the_body_387,mm,legs,Legs,Ноги,רגליים,other,Knee Across The Body,Колено через тело,ברך על פני הגוף,isolation,stretching,yes,yes
mm_knee_circles_388,mm,legs,Legs,Ноги,רגליים,bodyweight,Knee Circles,Круги коленями,מעגלי ברך,isolation,stretching,yes,yes
mm_kneehip_raise_on_parallel_bars_389,mm,abdominals,Abdominals,Пресс,בטן,other,Knee/Hip Raise On Parallel Bars,Подъем коленей/таза на параллельных брусьях,הרמת ברך/ירך על מקבילים,isolation,strength,yes,yes
mm_knee_tuck_jump_390,mm,legs,Legs,Ноги,רגליים,bodyweight,Knee Tuck Jump,Прыжок с поджатыми коленями,קפיצה עם משיכת ברך,isolation,plyometrics,yes,yes
mm_kneeling_arm_drill_391,mm,shoulders,Shoulders,Плечи,כתפיים,other,Kneeling Arm Drill,Упражнение на коленях с руками,תרגיל ידיים בעמידה על הברכיים,isolation,plyometrics,yes,yes
mm_kneeling_cable_crunch_with_alternating_oblique_twi_392,mm,abdominals,Abdominals,Пресс,בטן,cable,Kneeling Cable Crunch With Alternating Oblique Twists,Колени на полу скручивание с тросом с альтернативными скручиваниями косых мышц,כריעה על הברך עם כביסה לפיתול חישובי חליפי,isolation,strength,yes,yes
mm_kneeling_cable_triceps_extension_393,mm,triceps,Triceps,Разгибатели локтя,פושטי מרפק,cable,Kneeling Cable Triceps Extension,Разгибание трицепса на тросе в коленно-локтевой позиции,כריעה על הברך הרחבת טריצפס עם כביסה,isolation,strength,yes,yes
mm_kneeling_forearm_stretch_394,mm,forearms,Forearms,Предплечья,אמות ידיים,other,Kneeling Forearm Stretch,Растяжка предплечий в коленно-локтевой позиции,כריעה על הברך מתיחת שרירי הזרוע,isolation,stretching,yes,yes
mm_kneeling_high_pulley_row_395,mm,back,Back,Спина,גב,cable,Kneeling High Pulley Row,Тяга верхнего блока в коленно-локтевой позиции,כריעה על הברך משיכת כביסה עליונה,isolation,strength,yes,yes
mm_kneeling_hip_flexor_396,mm,legs,Legs,Ноги,רגליים,other,Kneeling Hip Flexor,Упражнение на сгибатели бедра в коленно-локтевой позиции,כריעה על הברך כופתות מותניים,isolation,stretching,yes,yes
mm_kneeling_jump_squat_397,mm,legs,Legs,Ноги,רגליים,barbell,Kneeling Jump Squat,Прыжковые приседания на коленях,כריעה על הברך סקוואט קפיצה,isolation,olympic weightlifting,yes,yes
mm_kneeling_single_arm_high_pulley_row_398,mm,back,Back,Спина,גב,cable,Kneeling Single-Arm High Pulley Row,Тяга верхнего блока одной рукой в коленно-локтевой позиции,כריעה על הברך משיכת כביסה עליונה ביד אחת,isolation,strength,yes,yes
mm_kneeling_squat_399,mm,legs,Legs,Ноги,רגליים,barbell,Kneeling Squat,Приседания на коленях,כריעה על הברך סקוואט,isolation,powerlifting,yes,yes
mm_landmine_180s_400,mm,abdominals,Abdominals,Пресс,בטן,barbell,Landmine 180's,Повороты с гирей на 180 градусов,סיבוב 180 מעלות עם משקולת קרקעית,isolation,strength,yes,yes
mm_landmine_linear_jammer_401,mm,shoulders,Shoulders,Плечи,כתפיים,barbell,Landmine Linear Jammer,Жим гири в линейном движении,דחיפה ליניארית עם משקולת קרקעית,isolation,strength,yes,yes
mm_lateral_bound_402,mm,legs,Legs,Ноги,רגליים,bodyweight,Lateral Bound,Боковой прыжок,קפיצה צדדית,isolation,plyometrics,yes,yes
mm_lateral_box_jump_403,mm,legs,Legs,Ноги,רגליים,other,Lateral Box Jump,Боковой прыжок на ящик,קפיצה צדדית על קופסא,isolation,plyometrics,yes,yes
mm_lateral_cone_hops_404,mm,legs,Legs,Ноги,רגליים,other,Lateral Cone Hops,Боковые прыжки через конус,קפיצות צדדיות דרך חרוטים,isolation,plyometrics,yes,yes
mm_lateral_raise_with_bands_405,mm,shoulders,Shoulders,Плечи,כתפיים,bands,Lateral Raise - With Bands,Подъем рук в стороны с эспандером,הרמת צד עם רצועות,isolation,strength,yes,yes
mm_latissimus_dorsi_smr_406,mm,back,Back,Спина,גב,foam_roll,Latissimus Dorsi-SMR,Миофасциальный релиз широчайших мышц спины,שחרור פסיאלי של רחב הגב,isolation,stretching,yes,yes
mm_leg_over_floor_press_407,mm,chest,Chest,Грудь,חזה,kettlebells,Leg-Over Floor Press,Жим лежа с перебрасыванием ноги,לחישה על הרצפה עם מעבר רגל,isolation,strength,yes,yes
mm_leg_up_hamstring_stretch_408,mm,legs,Legs,Ноги,רגליים,other,Leg-Up Hamstring Stretch,Растяжка задней поверхности бедра с поднятой ногой,מתיחת שרירי הירך האחורית עם רגל מורמת,isolation,stretching,yes,yes
mm_leg_extensions_409,mm,legs,Legs,Ноги,רגליים,machine,Leg Extensions,Разгибания ног,הרחבת רגליים,isolation,strength,yes,yes
mm_leg_lift_410,mm,legs,Legs,Ноги,רגליים,bodyweight,Leg Lift,Поднимание ног,הרמת רגליים,isolation,strength,yes,yes
mm_leg_press_411,mm,legs,Legs,Ноги,רגליים,machine,Leg Press,Жим ногами,לחיצות רגליים,isolation,strength,yes,yes
mm_leg_pull_in_412,mm,abdominals,Abdominals,Пресс,בטן,bodyweight,Leg Pull-In,Подтягивание коленей к груди,משיכת ברכים לחזה,isolation,strength,yes,yes
mm_leverage_chest_press_413,mm,chest,Chest,Грудь,חזה,machine,Leverage Chest Press,Жим на рычажном тренажере для груди,לחיצת חזה במכשיר מניפה,isolation,strength,yes,yes
mm_leverage_deadlift_414,mm,back,Back,Спина,גב,machine,Leverage Deadlift,Тяга на рычажном тренажере,משיכת מתח במכשיר מניפה,isolation,strength,yes,yes
mm_leverage_decline_chest_press_415,mm,chest,Chest,Грудь,חזה,machine,Leverage Decline Chest Press,Жим на наклонной скамье с рычагом,לחיצת חזה מוגבה מכונה,isolation,strength,yes,yes
mm_leverage_high_row_416,mm,back,Back,Спина,גב,machine,Leverage High Row,Тяга высокого блока с рычагом,משיכת גב עליון מכונה,isolation,strength,yes,yes
mm_leverage_incline_chest_press_417,mm,chest,Chest,Грудь,חזה,machine,Leverage Incline Chest Press,Жим на наклонной скамье с рычагом,לחיצת חזה מוגבה מכונה,isolation,strength,yes,yes
mm_leverage_iso_row_418,mm,back,Back,Спина,גב,machine,Leverage Iso Row,Тяга с рычагом в изометрическом напряжении,משיכת מוט עם מנעול איזומטרי,isolation,strength,yes,yes
mm_leverage_shoulder_press_419,mm,shoulders,Shoulders,Плечи,כתפיים,machine,Leverage Shoulder Press,Жим плечами с рычагом,דחיפת כתפיים עם מוט,isolation,strength,yes,yes
mm_leverage_shrug_420,mm,back,Back,Спина,גב,machine,Leverage Shrug,Подъем плеч с рычагом,הרמת כתפיים עם מוט,isolation,strength,yes,yes
mm_linear_3_part_start_technique_421,mm,legs,Legs,Ноги,רגליים,other,Linear 3-Part Start Technique,Техника линейного трёхчастного старта,טכניקת התחלה ליניארית בשלושה חלקים,isolation,plyometrics,yes,yes
mm_linear_acceleration_wall_drill_422,mm,legs,Legs,Ноги,רגליים,other,Linear Acceleration Wall Drill,Упражнение с ускорением у стены,תרגיל האצה ליניארית עם קיר,isolation,plyometrics,yes,yes
mm_linear_depth_jump_423,mm,legs,Legs,Ноги,רגליים,other,Linear Depth Jump,Прыжок в глубину с линейным разгона,קפיצת עומק ליניארית,isolation,plyometrics,yes,yes
mm_log_lift_424,mm,shoulders,Shoulders,Плечи,כתפיים,other,Log Lift,Подъем бревна,הרמת גזע עץ,isolation,strongman,yes,yes
mm_london_bridges_425,mm,back,Back,Спина,גב,other,London Bridges,Лондонские мосты,גשרי לונדון,isolation,strength,yes,yes
mm_looking_at_ceiling_426,mm,legs,Legs,Ноги,רגליים,other,Looking At Ceiling,Смотрю в потолок,מסתכלת בתקרה,isolation,stretching,yes,yes
mm_low_cable_crossover_427,mm,chest,Chest,Грудь,חזה,cable,Low Cable Crossover,Нижний кроссовер на тросах,מתיחת כבל תחתונה לחזה,isolation,strength,yes,yes
mm_low_cable_triceps_extension_428,mm,triceps,Triceps,Разгибатели локтя,פושטי מרפק,cable,Low Cable Triceps Extension,Нижняя тяга на тросах на трицепс,הרחבת טריצפס עם כבל תחתון,isolation,strength,yes,yes
mm_low_pulley_row_to_neck_429,mm,back,Back,Спина,גב,cable,Low Pulley Row To Neck,Тяга нижнего блока к шее,משיכת כבל תחתון לצוואר,isolation,strength,yes,yes
mm_lower_back_smr_430,mm,back,Back,Спина,גב,foam_roll,Lower Back-SMR,Нижняя часть спины-СМР,גב תחתון-SMR,isolation,stretching,yes,yes
mm_lower_back_curl_431,mm,abdominals,Abdominals,Пресс,בטן,bodyweight,Lower Back Curl,Сгибание нижней части спины,כיפוף גב תחתון,isolation,stretching,yes,yes
mm_lunge_pass_through_432,mm,legs,Legs,Ноги,רגליים,kettlebells,Lunge Pass Through,Выпад с перешагиванием,פרסום עם מעבר,isolation,strength,yes,yes
mm_lunge_sprint_433,mm,legs,Legs,Ноги,רגליים,machine,Lunge Sprint,Выпад-спринт,ריצת נסיגות,isolation,strength,yes,yes
mm_lying_bent_leg_groin_434,mm,legs,Legs,Ноги,רגליים,other,Lying Bent Leg Groin,Лёжа сгибание ноги в groin,שכיבה על הגב כפיפת רגל פנימה,isolation,stretching,yes,yes
mm_lying_cable_curl_435,mm,elbow_flexors,Elbow Flexors,Сгибатели локтя,כופפי מרפק,cable,Lying Cable Curl,Лежа сгибание рук с тросом,שכיבה על הגב כפיפת בייסינג עם כבל,isolation,strength,yes,yes
mm_lying_cambered_barbell_row_436,mm,back,Back,Спина,גב,barbell,Lying Cambered Barbell Row,Тяга штанги лежа на наклонной скамье,שורה שכיבה מקבילה עם מוט,isolation,strength,yes,yes
mm_lying_close_grip_bar_curl_on_high_pulley_437,mm,elbow_flexors,Elbow Flexors,Сгибатели локтя,כופפי מרפק,cable,Lying Close-Grip Bar Curl On High Pulley,Сгибание рук со штангой узким хватом лежа на верхнем блоке,כפיפת זרועות שכיבה צמודה עם מוט על מכונת עליונה,isolation,strength,yes,yes
mm_lying_close_grip_barbell_triceps_extension_behind__438,mm,triceps,Triceps,Разгибатели локтя,פושטי מרפק,barbell,Lying Close-Grip Barbell Triceps Extension Behind The Head,Разгибание рук на трицепс с EZ-грифом за головой лежа,הרחבת זרועות על הטריצפס שכיבה מאחורי הראש,isolation,strength,yes,yes
mm_lying_close_grip_barbell_triceps_press_to_chin_439,mm,triceps,Triceps,Разгибатели локтя,פושטי מרפק,ez_bar,Lying Close-Grip Barbell Triceps Press To Chin,Лежачий французский жим штанги узким хватом к подбородку,עמידת שכיבה עם מוט צמוד לסנטר כונן זרוע,isolation,strength,yes,yes
mm_lying_crossover_440,mm,legs,Legs,Ноги,רגליים,bodyweight,Lying Crossover,Лежачий кроссовер,חצי עמידה עם מוט צמוד לסנטר כונן חזה,isolation,stretching,yes,yes
mm_lying_dumbbell_tricep_extension_441,mm,triceps,Triceps,Разгибатели локтя,פושטי מרפק,dumbbells,Lying Dumbbell Tricep Extension,Разгибание рук с гантелями лежа,עמידת שכיבה עם משקולות פתיחת זרוע,isolation,strength,yes,yes
mm_lying_face_down_plate_neck_resistance_442,mm,back,Back,Спина,גב,other,Lying Face Down Plate Neck Resistance,Лежа на животе с сопротивлением шеи с диском,שכיבה על הבטן עם התנגדות בצוואר עם משקולת,isolation,strength,yes,yes
mm_lying_face_up_plate_neck_resistance_443,mm,back,Back,Спина,גב,other,Lying Face Up Plate Neck Resistance,Лежа на спине с сопротивлением шеи с диском,שכיבה על הגב עם התנגדות בצוואר עם משקולת,isolation,strength,yes,yes
mm_lying_glute_444,mm,legs,Legs,Ноги,רגליים,bodyweight,Lying Glute,Лежа ягодицы,שכיבה על הצד עם התמקדות בשרירי הירכיים והישבן,isolation,stretching,yes,yes
mm_lying_hamstring_445,mm,legs,Legs,Ноги,רגליים,other,Lying Hamstring,Лежащий сгибание бицепса бедра,כפיפת שרירי הירך בשכיבה,isolation,stretching,yes,yes
mm_lying_high_bench_barbell_curl_446,mm,elbow_flexors,Elbow Flexors,Сгибатели локтя,כופפי מרפק,barbell,Lying High Bench Barbell Curl,Сгибание рук со штангой на наклонной скамье лежа,כפיפת בייספ עם מוט שכיבה על ספה מוגבהת,isolation,strength,yes,yes
mm_lying_leg_curls_447,mm,legs,Legs,Ноги,רגליים,machine,Lying Leg Curls,Сгибание ног лежа,כפיפת רגליים בשכיבה,isolation,strength,yes,yes
mm_lying_machine_squat_448,mm,legs,Legs,Ноги,רגליים,machine,Lying Machine Squat,Сгибание ног в лежании на тренажере,כפיפת רגליים בשכיבה על מכונה,isolation,strength,yes,yes
mm_lying_one_arm_lateral_raise_449,mm,shoulders,Shoulders,Плечи,כתפיים,dumbbells,Lying One-Arm Lateral Raise,Мах одной рукой лежа,הרמת צד אחד בשכיבה,isolation,strength,yes,yes
mm_lying_prone_quadriceps_450,mm,legs,Legs,Ноги,רגליים,bodyweight,Lying Prone Quadriceps,Разгибание четырехглавой мышцы лежа на животе,הרחבת שריר הירך בשכיבה על הבטן,isolation,stretching,yes,yes
mm_lying_rear_delt_raise_451,mm,shoulders,Shoulders,Плечи,כתפיים,dumbbells,Lying Rear Delt Raise,Подъем рук с гантелями лежа для задних дельт,הרמת ידיים עם משקולות שכיבה לשריר הטרפז האחורי,isolation,strength,yes,yes
mm_lying_supine_dumbbell_curl_452,mm,elbow_flexors,Elbow Flexors,Сгибатели локтя,כופפי מרפק,dumbbells,Lying Supine Dumbbell Curl,Сгибание рук с гантелями лежа на спине,כיפוף ידיים עם משקולות בשכיבה על הגב,isolation,strength,yes,yes
mm_lying_t_bar_row_453,mm,back,Back,Спина,גב,machine,Lying T-Bar Row,Тяга Т-образного грифа лежа,משיכת T בר עם משקולות בשכיבה,isolation,strength,yes,yes
mm_lying_triceps_press_454,mm,triceps,Triceps,Разгибатели локтя,פושטי מרפק,ez_bar,Lying Triceps Press,Французский жим лежа,לחיצת טריצפס שכיבה,isolation,strength,yes,yes
mm_machine_bench_press_455,mm,chest,Chest,Грудь,חזה,machine,Machine Bench Press,Жим лежа на тренажере,לחיצת חזה מכונה,isolation,strength,yes,yes
mm_machine_bicep_curl_456,mm,elbow_flexors,Elbow Flexors,Сгибатели локтя,כופפי מרפק,machine,Machine Bicep Curl,Сгибание рук на бицепс в тренажере,כיפוף בייספ במכונה,isolation,strength,yes,yes
mm_machine_preacher_curls_457,mm,elbow_flexors,Elbow Flexors,Сгибатели локтя,כופפי מרפק,machine,Machine Preacher Curls,Сгибания рук на скамье для preacher curls на тренажере,כפיפות זרועות על מכונת פריצ'ר,isolation,strength,yes,yes
mm_machine_shoulder_military_press_458,mm,shoulders,Shoulders,Плечи,כתפיים,machine,Machine Shoulder (Military) Press,Жим плеч сидя на тренажере,לחיצת כתפיים ישיבה על מכונה,isolation,strength,yes,yes
mm_machine_triceps_extension_459,mm,triceps,Triceps,Разгибатели локтя,פושטי מרפק,machine,Machine Triceps Extension,Разгибания рук на трицепс на тренажере,הרחבת טריצפס על מכונה,isolation,strength,yes,yes
mm_medicine_ball_chest_pass_460,mm,chest,Chest,Грудь,חזה,medicine_ball,Medicine Ball Chest Pass,Передача мяча для фитнеса на грудь,העברת כדור רפואי לחזה,isolation,plyometrics,yes,yes
mm_medicine_ball_full_twist_461,mm,abdominals,Abdominals,Пресс,בטן,medicine_ball,Medicine Ball Full Twist,Полный поворот с мячом для фитнеса,סיבוב מלא עם כדור רפואי,isolation,plyometrics,yes,yes
mm_medicine_ball_scoop_throw_462,mm,shoulders,Shoulders,Плечи,כתפיים,medicine_ball,Medicine Ball Scoop Throw,Бросок мяча для фитнеса снизу вверх,זריקת כדור רפואי מלמטה למעלה,isolation,plyometrics,yes,yes
mm_middle_back_shrug_463,mm,back,Back,Спина,גב,dumbbells,Middle Back Shrug,Подъём средней части спины,הרמת חזה אמצעי,isolation,strength,yes,yes
mm_middle_back_stretch_464,mm,back,Back,Спина,גב,other,Middle Back Stretch,Растяжка средней части спины,מתיחת חזה אמצעי,isolation,stretching,yes,yes
mm_mixed_grip_chin_465,mm,back,Back,Спина,גב,other,Mixed Grip Chin,Подтягивание с разным хватом,מתח עם אחיזה מעורבת,isolation,strength,yes,yes
mm_monster_walk_466,mm,legs,Legs,Ноги,רגליים,bands,Monster Walk,Ходьста монстра,הליכת מפלצת,isolation,strength,yes,yes
mm_mountain_climbers_467,mm,legs,Legs,Ноги,רגליים,other,Mountain Climbers,Горные альпинисты,טיפוס הרים,isolation,plyometrics,yes,yes
mm_moving_claw_series_468,mm,legs,Legs,Ноги,רגליים,other,Moving Claw Series,Серия движущихся когтей,סדרת טופרים נעים,isolation,plyometrics,yes,yes
mm_muscle_snatch_469,mm,legs,Legs,Ноги,רגליים,barbell,Muscle Snatch,Рывок на мышцах,משיכת שרירים,isolation,olympic weightlifting,yes,yes
mm_muscle_up_470,mm,back,Back,Спина,גב,other,Muscle Up,Масл-ап,מאסל-אפ,isolation,strength,yes,yes
mm_narrow_stance_hack_squats_471,mm,legs,Legs,Ноги,רגליים,machine,Narrow Stance Hack Squats,Приседания хэк-сquat узкой постановкой ног,סקווט חק סטנס צר,isolation,strength,yes,yes
mm_narrow_stance_leg_press_472,mm,legs,Legs,Ноги,רגליים,machine,Narrow Stance Leg Press,Жим ногами узкой постановкой ног,לחישת רגליים במרחק צמוד,isolation,strength,yes,yes
mm_narrow_stance_squats_473,mm,legs,Legs,Ноги,רגליים,barbell,Narrow Stance Squats,Приседания узкой постановкой ног,סקווט עם רגליים צמודות,isolation,strength,yes,yes
mm_natural_glute_ham_raise_474,mm,legs,Legs,Ноги,רגליים,bodyweight,Natural Glute Ham Raise,Разгибание голени-ягодиц лежа,פעימת ישיבה לשרירי הירך והישבן,isolation,strength,yes,yes
mm_neck_smr_475,mm,back,Back,Спина,גב,other,Neck-SMR,Самомассаж шеи,עיסוי עצמי של הצוואר,isolation,stretching,yes,yes
mm_neck_press_476,mm,chest,Chest,Грудь,חזה,barbell,Neck Press,Наклоны шеи,הטיות צוואר,isolation,strength,yes,yes
mm_oblique_crunches_477,mm,abdominals,Abdominals,Пресс,בטן,bodyweight,Oblique Crunches,Наклоны для косых мышц живота,כפיפות לצד עבור שרירי הבטן האלכסוניים,isolation,strength,yes,yes
mm_oblique_crunches_on_the_floor_478,mm,abdominals,Abdominals,Пресс,בטן,bodyweight,Oblique Crunches - On The Floor,Наклоны в сторону - На полу,כפיפות אלכסוניות - על הרצפה,isolation,strength,yes,yes
mm_olympic_squat_479,mm,legs,Legs,Ноги,רגליים,barbell,Olympic Squat,Олимпийский присед,סקוואט אולימפי,isolation,olympic weightlifting,yes,yes
mm_on_your_back_quad_stretch_480,mm,legs,Legs,Ноги,רגליים,other,On-Your-Back Quad Stretch,Растяжка квадрицепса - Лёжа на спине,מתיחת רגליים - שכיבה על הגב,isolation,stretching,yes,yes
mm_on_your_side_quad_stretch_481,mm,legs,Legs,Ноги,רגליים,other,On Your Side Quad Stretch,Растяжка квадрицепса на боку,מתיחת שרירי הירך בצד,isolation,stretching,yes,yes
mm_one_arm_dumbbell_row_482,mm,back,Back,Спина,גב,dumbbells,One-Arm Dumbbell Row,Тяга гантели одной рукой,משיכת דמבל ביד אחת,isolation,strength,yes,yes
mm_one_arm_flat_bench_dumbbell_flye_483,mm,chest,Chest,Грудь,חזה,dumbbells,One-Arm Flat Bench Dumbbell Flye,Мах гантелями на плоской скамье одной рукой,פליי עם דמבל על ספסל שטוח ביד אחת,isolation,strength,yes,yes
mm_one_arm_high_pulley_cable_side_bends_484,mm,abdominals,Abdominals,Пресс,בטן,cable,One-Arm High-Pulley Cable Side Bends,Наклоны в сторону с тросом на верхнем блоке одной рукой,הטיה צדנית עם כבל עליון ביד אחת,isolation,strength,yes,yes
mm_one_arm_incline_lateral_raise_485,mm,shoulders,Shoulders,Плечи,כתפיים,dumbbells,One-Arm Incline Lateral Raise,Отведение руки в сторону на наклонной скамье одной рукой,הרמת צד על מוט מוגבה ביד אחת,isolation,strength,yes,yes
mm_one_arm_kettlebell_clean_486,mm,legs,Legs,Ноги,רגליים,kettlebells,One-Arm Kettlebell Clean,Рывок гири одной рукой,נקישת קטל בלחישה ביד אחת,isolation,strength,yes,yes
mm_one_arm_kettlebell_clean_and_jerk_487,mm,shoulders,Shoulders,Плечи,כתפיים,kettlebells,One-Arm Kettlebell Clean and Jerk,Одноручное гиревое упражнение «рывок и толчок»,קטלבל זרוע אחת נקישה ודחיפה,isolation,strength,yes,yes
mm_one_arm_kettlebell_floor_press_488,mm,chest,Chest,Грудь,חזה,kettlebells,One-Arm Kettlebell Floor Press,Одноручное гиревое жим лежа,קטלבל זרוע אחת דחיפה מהרצפה,isolation,strength,yes,yes
mm_one_arm_kettlebell_jerk_489,mm,shoulders,Shoulders,Плечи,כתפיים,kettlebells,One-Arm Kettlebell Jerk,Одноручное гиревое упражнение «рывок»,קטלבל זרוע אחת נקישה,isolation,strength,yes,yes
mm_one_arm_kettlebell_military_press_to_the_side_490,mm,shoulders,Shoulders,Плечи,כתפיים,kettlebells,One-Arm Kettlebell Military Press To The Side,Одноармейское жим гири в стороны,דחיפת קטלבה חד-צדדית לצד,isolation,strength,yes,yes
mm_one_arm_kettlebell_para_press_491,mm,shoulders,Shoulders,Плечи,כתפיים,kettlebells,One-Arm Kettlebell Para Press,Одноармейский параЖим гири,דחיפת קטלבה חד-צדדית פארה,isolation,strength,yes,yes
mm_one_arm_kettlebell_push_press_492,mm,shoulders,Shoulders,Плечи,כתפיים,kettlebells,One-Arm Kettlebell Push Press,Одноармейский толчок гири,דחיפת קטלבה חד-צדדית פרס,isolation,strength,yes,yes
mm_one_arm_kettlebell_row_493,mm,back,Back,Спина,גב,kettlebells,One-Arm Kettlebell Row,Одноручная тяга гири,משיכת קטלב ביד אחת,isolation,strength,yes,yes
mm_one_arm_kettlebell_snatch_494,mm,shoulders,Shoulders,Плечи,כתפיים,kettlebells,One-Arm Kettlebell Snatch,Одноручная рывок гири,הנפת קטלב ביד אחת,isolation,strength,yes,yes
mm_one_arm_kettlebell_split_jerk_495,mm,shoulders,Shoulders,Плечи,כתפיים,kettlebells,One-Arm Kettlebell Split Jerk,Одноручной толчок гири на одну ногу,דחיפת קטלב ביד אחת בסגנון ספליט,isolation,strength,yes,yes
mm_one_arm_kettlebell_split_snatch_496,mm,shoulders,Shoulders,Плечи,כתפיים,kettlebells,One-Arm Kettlebell Split Snatch,Одноручной гиревой сплит-рывок,סנאץ' גיירלינג עם יד אחת,isolation,strength,yes,yes
mm_one_arm_kettlebell_swings_497,mm,legs,Legs,Ноги,רגליים,kettlebells,One-Arm Kettlebell Swings,Одноручные махи гирей,נדנות גיירלינג עם יד אחת,isolation,strength,yes,yes
mm_one_arm_long_bar_row_498,mm,back,Back,Спина,גב,barbell,One-Arm Long Bar Row,Одноручная тяга длинной штанги,משיכת מוט ארוך עם יד אחת,isolation,strength,yes,yes
mm_one_arm_medicine_ball_slam_499,mm,abdominals,Abdominals,Пресс,בטן,medicine_ball,One-Arm Medicine Ball Slam,Одноручный бросок медбола,הטלת כדור רפואה ביד אחת,isolation,strength,yes,yes
mm_one_arm_open_palm_kettlebell_clean_500,mm,legs,Legs,Ноги,רגליים,kettlebells,One-Arm Open Palm Kettlebell Clean,Одноручное рывковое движение гири с открытой ладонью,נקישת קטלבל ביד אחת עם כף פתוחה,isolation,strength,yes,yes
mm_one_arm_overhead_kettlebell_squats_501,mm,legs,Legs,Ноги,רגליים,kettlebells,One-Arm Overhead Kettlebell Squats,Одноручные приседания с гирей над головой,סקווט עם קטלבל מעל הראש ביד אחת,isolation,strength,yes,yes
mm_one_arm_side_deadlift_502,mm,back,Back,Спина,גב,barbell,One-Arm Side Deadlift,Односторонняя тяга одной рукой в сторону,משיכת מתלה צד אחד עם יד אחת,isolation,strength,yes,yes
mm_one_arm_side_laterals_503,mm,shoulders,Shoulders,Плечи,כתפיים,dumbbells,One-Arm Side Laterals,Подъем одной рукой в стороны,קידום צד אחד עם יד אחת,isolation,strength,yes,yes
mm_one_legged_cable_kickback_504,mm,legs,Legs,Ноги,רגליים,cable,One-Legged Cable Kickback,Отведение ноги назад на тросе одной ногой,בעיטה אחורית בכבל על רגל אחת,isolation,strength,yes,yes
mm_one_arm_against_wall_505,mm,back,Back,Спина,גב,other,One Arm Against Wall,Отжимание от стены одной рукой,סמיכת קיר ביד אחת,isolation,stretching,yes,yes
mm_one_arm_chin_up_506,mm,back,Back,Спина,גב,other,One Arm Chin-Up,Подтягивание одной рукой,מתח ביד אחת,isolation,strength,yes,yes
mm_one_arm_dumbbell_bench_press_507,mm,chest,Chest,Грудь,חזה,dumbbells,One Arm Dumbbell Bench Press,Жим гантелей одной рукой на скамье,פעימת דמבל ביד אחת על ספה,isolation,strength,yes,yes
mm_one_arm_dumbbell_preacher_curl_508,mm,elbow_flexors,Elbow Flexors,Сгибатели локтя,כופפי מרפק,dumbbells,One Arm Dumbbell Preacher Curl,Сгибание на бицепс на скамье-preacher одной рукой с гантелью,כיפוש בייספק עם משקולת יד אחת,isolation,strength,yes,yes
mm_one_arm_floor_press_509,mm,triceps,Triceps,Разгибатели локтя,פושטי מרפק,barbell,One Arm Floor Press,Отжимания лежа одной рукой с гантелью,לחיצת חזה על הרצפה עם משקולת יד אחת,isolation,strength,yes,yes
mm_one_arm_lat_pulldown_510,mm,back,Back,Спина,גב,cable,One Arm Lat Pulldown,Тяга к груди одной рукой в блоке,משיכת גב אחורית במכונה עם יד אחת,isolation,strength,yes,yes
mm_one_arm_pronated_dumbbell_triceps_extension_511,mm,triceps,Triceps,Разгибатели локтя,פושטי מרפק,dumbbells,One Arm Pronated Dumbbell Triceps Extension,Одноарменное разгибание трицепса с гантелью в пронированном хвате,הרחבת טריצפס עם משקולת אחת באחיזה פרונטית,isolation,strength,yes,yes
mm_one_arm_supinated_dumbbell_triceps_extension_512,mm,triceps,Triceps,Разгибатели локтя,פושטי מרפק,dumbbells,One Arm Supinated Dumbbell Triceps Extension,Одноарменное разгибание трицепса с гантелью в супинированном хвате,הרחבת טריצפס עם משקולת אחת באחיזה סופינטד,isolation,strength,yes,yes
mm_one_half_locust_513,mm,legs,Legs,Ноги,רגליים,other,One Half Locust,Половина стрекозы,חצי חרדון,isolation,stretching,yes,yes
mm_one_handed_hang_514,mm,back,Back,Спина,גב,other,One Handed Hang,Подтягивание одной рукой,תלייה ביד אחת,isolation,stretching,yes,yes
mm_one_knee_to_chest_515,mm,legs,Legs,Ноги,רגליים,other,One Knee To Chest,Колено к груди,ברך לחזה,isolation,stretching,yes,yes
mm_one_leg_barbell_squat_516,mm,legs,Legs,Ноги,רגליים,barbell,One Leg Barbell Squat,Приседание со штангой на одной ноге,סקוואט עם משקולת על רגל אחת,isolation,strength,yes,yes
mm_open_palm_kettlebell_clean_517,mm,legs,Legs,Ноги,רגליים,kettlebells,Open Palm Kettlebell Clean,Рывок гири с открытой ладонью,נקישת קטלבל עם כף יד פתוחה,isolation,strength,yes,yes
mm_otis_up_518,mm,abdominals,Abdominals,Пресс,בטן,other,Otis-Up,Отис-Ап,אוטיס-אפ,isolation,strength,yes,yes
mm_overhead_cable_curl_519,mm,elbow_flexors,Elbow Flexors,Сгибатели локтя,כופפי מרפק,cable,Overhead Cable Curl,Подтягивание на блоке над головой,כפיפת כותלים מהבלוק מעל הראש,isolation,strength,yes,yes
mm_overhead_lat_520,mm,back,Back,Спина,גב,other,Overhead Lat,Тяга к подбородку,משיכה מעל הראש,isolation,stretching,yes,yes
mm_overhead_slam_521,mm,back,Back,Спина,גב,medicine_ball,Overhead Slam,Сламбол сверху,הטחה מעל הראש,isolation,plyometrics,yes,yes
mm_overhead_squat_522,mm,legs,Legs,Ноги,רגליים,barbell,Overhead Squat,Приседание со штангой над головой,סקווט עם משקולת מעל הראש,isolation,olympic weightlifting,yes,yes
mm_overhead_stretch_523,mm,abdominals,Abdominals,Пресс,בטן,other,Overhead Stretch,Растяжка над головой,מתיחה מעל הראש,isolation,stretching,yes,yes
mm_overhead_triceps_524,mm,triceps,Triceps,Разгибатели локтя,פושטי מרפק,bodyweight,Overhead Triceps,Французский жим над головой,פלקס עם משקולת מעל הראש,isolation,stretching,yes,yes
mm_pallof_press_525,mm,abdominals,Abdominals,Пресс,בטן,cable,Pallof Press,Нажатие Паллофа,לחיצת פאלוף,isolation,strength,yes,yes
mm_pallof_press_with_rotation_526,mm,abdominals,Abdominals,Пресс,בטן,cable,Pallof Press With Rotation,Пресс Паллофа с поворотом,לחיצת פלוף עם סיבוב,isolation,strength,yes,yes
mm_palms_down_dumbbell_wrist_curl_over_a_bench_527,mm,forearms,Forearms,Предплечья,אמות ידיים,dumbbells,Palms-Down Dumbbell Wrist Curl Over A Bench,Сгибание запястий со штангой на скамье ладонями вниз,"כיפוף פרק כף יד עם משקולות כפולות על ספה, כפות למטה",isolation,strength,yes,yes
mm_palms_down_wrist_curl_over_a_bench_528,mm,forearms,Forearms,Предплечья,אמות ידיים,barbell,Palms-Down Wrist Curl Over A Bench,Сгибание запястий со штангой на скамье ладонями вниз,"כיפוף פרק כף יד על ספה, כפות למטה",isolation,strength,yes,yes
mm_palms_up_barbell_wrist_curl_over_a_bench_529,mm,forearms,Forearms,Предплечья,אמות ידיים,barbell,Palms-Up Barbell Wrist Curl Over A Bench,Сгибание запястий со штангой ладонями вверх на скамье,"כיפוף פרק כף היד עם מוט משקולות, כפות כלפי מעלה, על ספסל",isolation,strength,yes,yes
mm_palms_up_dumbbell_wrist_curl_over_a_bench_530,mm,forearms,Forearms,Предплечья,אמות ידיים,dumbbells,Palms-Up Dumbbell Wrist Curl Over A Bench,Сгибание запястий с гантелями ладонями вверх на скамье,"כיפוף פרק כף היד עם משקולות, כפות כלפי מעלה, על ספסל",isolation,strength,yes,yes
mm_parallel_bar_dip_531,mm,triceps,Triceps,Разгибатели локтя,פושטי מרפק,other,Parallel Bar Dip,Отжимание на брусьях параллельных,התעמלות על מוטות מקבילים,isolation,strength,yes,yes
mm_pelvic_tilt_into_bridge_532,mm,back,Back,Спина,גב,other,Pelvic Tilt Into Bridge,Тазовый наклон в мост,הטיה אקסציה של אגן לגשר,isolation,stretching,yes,yes
mm_peroneals_smr_533,mm,legs,Legs,Ноги,רגליים,foam_roll,Peroneals-SMR,Миофасциальный релиз перонеальных мышц,שחרור מיופסיאלי של שרירי השוקה הצדדית,isolation,stretching,yes,yes
mm_peroneals_stretch_534,mm,legs,Legs,Ноги,רגליים,other,Peroneals Stretch,Растяжка перонеальных мышц,מתיחה של שרירי השוקה הצדדית,isolation,stretching,yes,yes
mm_physioball_hip_bridge_535,mm,legs,Legs,Ноги,רגליים,exercise_ball,Physioball Hip Bridge,Физибол ягодичный мост,גשר ישיבה עם כדור תרגולים,isolation,strength,yes,yes
mm_pin_presses_536,mm,triceps,Triceps,Разгибатели локтя,פושטי מרפק,barbell,Pin Presses,Жим пинками,לחיצות עם ידיים מקבילות,isolation,powerlifting,yes,yes
mm_piriformis_smr_537,mm,legs,Legs,Ноги,רגליים,foam_roll,Piriformis-SMR,Миофасциальный релиз ягодичной мышцы,שחרור פיריפורמיס,isolation,stretching,yes,yes
mm_plank_538,mm,abdominals,Abdominals,Пресс,בטן,bodyweight,Plank,Планка,ספליט,isolation,strength,yes,yes
mm_plate_pinch_539,mm,forearms,Forearms,Предплечья,אמות ידיים,other,Plate Pinch,Сжимание тарелок,מלקק מגשים,isolation,strength,yes,yes
mm_plate_twist_540,mm,abdominals,Abdominals,Пресс,בטן,other,Plate Twist,Скручивание с тарелкой,סיבוב עם מגש,isolation,strength,yes,yes
mm_platform_hamstring_slides_541,mm,legs,Legs,Ноги,רגליים,other,Platform Hamstring Slides,Слайды для задней поверхности бедра на платформе,סליידים לשרירי האחוריים על הפלטפורמה,isolation,strength,yes,yes
mm_plie_dumbbell_squat_542,mm,legs,Legs,Ноги,רגליים,dumbbells,Plie Dumbbell Squat,Приседания с гантлями Плие,סקוואט עם משקולות פלייה,isolation,strength,yes,yes
mm_plyo_kettlebell_pushups_543,mm,chest,Chest,Грудь,חזה,kettlebells,Plyo Kettlebell Pushups,Плиометрические отжимания с гирей,התרגילים הפליומטריים עם קטלן,isolation,strength,yes,yes
mm_plyo_push_up_544,mm,chest,Chest,Грудь,חזה,bodyweight,Plyo Push-up,Плиометрические отжимания,פליו-פאש אפ (סליחת פליו),isolation,plyometrics,yes,yes
mm_posterior_tibialis_stretch_545,mm,legs,Legs,Ноги,רגליים,other,Posterior Tibialis Stretch,Растяжка задней большеберцовой мышцы,מתיחת שריר השוקה האחורי,isolation,stretching,yes,yes
mm_power_clean_546,mm,legs,Legs,Ноги,רגליים,barbell,Power Clean,Рывок силовой,קלאן פאוור,isolation,strength,yes,yes
mm_power_clean_from_blocks_547,mm,legs,Legs,Ноги,רגליים,barbell,Power Clean from Blocks,Рывок со стопоров,קליעת כוח מגושים,isolation,olympic weightlifting,yes,yes
mm_power_jerk_548,mm,legs,Legs,Ноги,רגליים,barbell,Power Jerk,Толчок с выкрутом,דחיפת כוח,isolation,olympic weightlifting,yes,yes
mm_power_partials_549,mm,shoulders,Shoulders,Плечи,כתפיים,dumbbells,Power Partials,Частичные силовые движения,חלקי כוח,isolation,strength,yes,yes
mm_power_snatch_550,mm,legs,Legs,Ноги,רגליים,barbell,Power Snatch,Силовой рывок,סנאץ כוחני,isolation,olympic weightlifting,yes,yes
mm_power_snatch_from_blocks_551,mm,legs,Legs,Ноги,רגליים,barbell,Power Snatch from Blocks,Силовой рывок с упоров,סנאץ כוחני מעמדות,isolation,olympic weightlifting,yes,yes
mm_power_stairs_552,mm,legs,Legs,Ноги,רגליים,other,Power Stairs,Силовые лестницы,סולם כוחני,isolation,strongman,yes,yes
mm_preacher_curl_553,mm,elbow_flexors,Elbow Flexors,Сгибатели локтя,כופפי מרפק,barbell,Preacher Curl,Сгибание рук на скамье проповедника,כיפוש זרועות עם מכשיר הטיפוסים,isolation,strength,yes,yes
mm_preacher_hammer_dumbbell_curl_554,mm,elbow_flexors,Elbow Flexors,Сгибатели локтя,כופפי מרפק,dumbbells,Preacher Hammer Dumbbell Curl,"Сгибание рук на скамье проповедчика со штангой ""молот""","כיפוש זרועות ""מפצח אגוזים"" עם מכשיר הטיפוסים",isolation,strength,yes,yes
mm_press_sit_up_555,mm,abdominals,Abdominals,Пресс,בטן,barbell,Press Sit-Up,Сидячий жим лежа,עמידת פלנק עם דחיפה,isolation,strength,yes,yes
mm_prone_manual_hamstring_556,mm,legs,Legs,Ноги,רגליים,other,Prone Manual Hamstring,Сгибание бицепса бедра в положении лежа,מתיחת ירך בשכיבה על הבטן,isolation,strength,yes,yes
mm_prowler_sprint_557,mm,legs,Legs,Ноги,רגליים,other,Prowler Sprint,Бег с упором Праулера,ריצת פראולר,isolation,cardio,yes,yes
mm_pull_through_558,mm,legs,Legs,Ноги,רגליים,cable,Pull Through,Пролезание сквозь,משיכה לאחור,isolation,strength,yes,yes
mm_pullups_559,mm,back,Back,Спина,גב,bodyweight,Pullups,Подтягивания,מתליים,isolation,strength,yes,yes
mm_push_up_wide_560,mm,chest,Chest,Грудь,חזה,bodyweight,Push-Up Wide,Отжимания широким хватом,עמידות נמוכות רחבות,isolation,strength,yes,yes
mm_push_ups_close_triceps_position_561,mm,triceps,Triceps,Разгибатели локтя,פושטי מרפק,bodyweight,Push-Ups - Close Triceps Position,Отжимания узким хватом на трицепс,עמידות נמוכות צרות,isolation,strength,yes,yes
mm_push_ups_with_feet_elevated_562,mm,chest,Chest,Грудь,חזה,bodyweight,Push-Ups With Feet Elevated,Отжимания с приподнятыми ногами,סלילות עם רגליים מורמות,isolation,strength,yes,yes
mm_push_ups_with_feet_on_an_exercise_ball_563,mm,chest,Chest,Грудь,חזה,exercise_ball,Push-Ups With Feet On An Exercise Ball,Отжимания с ногами на фитболе,סלילות עם רגליים על כדור כושר,isolation,strength,yes,yes
mm_push_press_564,mm,shoulders,Shoulders,Плечи,כתפיים,barbell,Push Press,Жим штанги плечом,דחיפת כתפיים,isolation,olympic weightlifting,yes,yes
mm_push_press_behind_the_neck_565,mm,shoulders,Shoulders,Плечи,כתפיים,barbell,Push Press - Behind the Neck,Жим над головой сзади,דחיפת משקולות מאחורי הצוואר,isolation,olympic weightlifting,yes,yes
mm_push_up_to_side_plank_566,mm,chest,Chest,Грудь,חזה,bodyweight,Push Up to Side Plank,Отжимания в планку сбоку,סליחות לתרגיל התזוזה הצדדית,isolation,strength,yes,yes
mm_pushups_567,mm,chest,Chest,Грудь,חזה,bodyweight,Pushups,Отжимания,סליחות,isolation,strength,yes,yes
mm_pushups_close_and_wide_hand_positions_568,mm,chest,Chest,Грудь,חזה,bodyweight,Pushups (Close and Wide Hand Positions),Отжимания (узкая и широкая постановка рук),שכיבות סמיכה (תנוחות צמודות ורחוקות של הידיים),isolation,strength,yes,yes
mm_pyramid_569,mm,back,Back,Спина,גב,exercise_ball,Pyramid,Пирамида,פירמידה,isolation,stretching,yes,yes
mm_quad_stretch_570,mm,legs,Legs,Ноги,רגליים,other,Quad Stretch,Растяжка квадрицепса,מתיחת שרירי הירך,isolation,stretching,yes,yes
mm_quadriceps_smr_571,mm,legs,Legs,Ноги,רגליים,foam_roll,Quadriceps-SMR,Квадрицепс-СМР,רצועת הירך-SMR,isolation,stretching,yes,yes
mm_quick_leap_572,mm,legs,Legs,Ноги,רגליים,other,Quick Leap,Быстрый прыжок,קפיצה מהירה,isolation,plyometrics,yes,yes
mm_rack_delivery_573,mm,shoulders,Shoulders,Плечи,כתפיים,barbell,Rack Delivery,Подъём на стойку,העברה למדף,isolation,olympic weightlifting,yes,yes
mm_rack_pull_with_bands_574,mm,back,Back,Спина,גב,barbell,Rack Pull with Bands,Тяга в рамке с эспандером,משיכת מסגרת עם רצועות,isolation,powerlifting,yes,yes
mm_rack_pulls_575,mm,back,Back,Спина,גב,barbell,Rack Pulls,Тяга в рамке,משיכת מסגרת,isolation,powerlifting,yes,yes
mm_rear_leg_raises_576,mm,abdominals,Abs,Пресс,בטן,bodyweight,Rear Leg Raises,Подъемы ног назад,הרמת רגליים אחורה,isolation,stretching,yes,yes
mm_recumbent_bike_577,mm,legs,Legs,Ноги,רגליים,machine,Recumbent Bike,Велосипед лежа,אופני שכיבה,isolation,cardio,yes,yes
mm_return_push_from_stance_578,mm,shoulders,Shoulders,Плечи,כתפיים,medicine_ball,Return Push from Stance,Возвратный толчок из стойки,דחיפה חוזרת מעמידה,isolation,plyometrics,yes,yes
mm_reverse_band_bench_press_579,mm,chest,Chest,Грудь,חזה,barbell,Reverse Band Bench Press,Жим лежа с эспандером,עמידת בנץ עם רצועות הפוכות,isolation,powerlifting,yes,yes
mm_reverse_band_box_squat_580,mm,legs,Legs,Ноги,רגליים,barbell,Reverse Band Box Squat,Приседания со штангой в силовой раме с эспандерами,סקוואט עם רצועות הפוכות בתוך קופסת הסקוואט,isolation,powerlifting,yes,yes
mm_reverse_band_deadlift_581,mm,back,Back,Спина,גב,barbell,Reverse Band Deadlift,Тяга штанги со эспандерами,דדליפט עם רצועות הפוכות,isolation,powerlifting,yes,yes
mm_reverse_band_power_squat_582,mm,legs,Legs,Ноги,רגליים,barbell,Reverse Band Power Squat,Силачные приседания со эспандерами,סקוואט כוח עם רצועות הפוכות,isolation,powerlifting,yes,yes
mm_reverse_band_sumo_deadlift_583,mm,back,Back,Спина,גב,barbell,Reverse Band Sumo Deadlift,Тяга штанги в упоре сумо с эспандером,משיכת מוט מהופכת סומו עם רצועות,isolation,powerlifting,yes,yes
mm_reverse_barbell_curl_584,mm,elbow_flexors,Elbow Flexors,Сгибатели локтя,כופפי מרפק,barbell,Reverse Barbell Curl,Обратный сгибание рук со штангой,כפיפת בייספין מופכת עם מוט,isolation,strength,yes,yes
mm_reverse_barbell_preacher_curls_585,mm,elbow_flexors,Elbow Flexors,Сгибатели локтя,כופפי מרפק,ez_bar,Reverse Barbell Preacher Curls,Обратное сгибание рук на скамье Скотта со штангой,כפיפת בייספין מופכת על ספסל סקוט עם מוט,isolation,strength,yes,yes
mm_reverse_cable_curl_586,mm,elbow_flexors,Elbow Flexors,Сгибатели локтя,כופפי מרפק,cable,Reverse Cable Curl,Обратный сгибание рук с тросом,הפיכת מפרקים הפוכה עם כבל,isolation,strength,yes,yes
mm_reverse_crunch_587,mm,abdominals,Abdominals,Пресс,בטן,bodyweight,Reverse Crunch,Обратное скручивание,כפיפת בטן הפוכה,isolation,strength,yes,yes
mm_reverse_flyes_588,mm,shoulders,Shoulders,Плечи,כתפיים,dumbbells,Reverse Flyes,Разведение рук с гантелями в наклоне,פתיחת כתפיים הפוכה עם משקולות,isolation,strength,yes,yes
mm_reverse_flyes_with_external_rotation_589,mm,shoulders,Shoulders,Плечи,כתפיים,dumbbells,Reverse Flyes With External Rotation,Развод гантелей в наклоне с внешним вращением,פלייס הפוך עם סיבוב חיצוני,isolation,strength,yes,yes
mm_reverse_grip_bent_over_rows_590,mm,back,Back,Спина,גב,barbell,Reverse Grip Bent-Over Rows,Тяга штанги в наклоне обратным хватом,שורת עם תפיסה הפוכה מהכתף,isolation,strength,yes,yes
mm_reverse_grip_triceps_pushdown_591,mm,triceps,Triceps,Разгибатели локтя,פושטי מרפק,cable,Reverse Grip Triceps Pushdown,Французский жим на блоке обратным хватом,דחיפת טריצפס עם תפיסה הפוכה,isolation,strength,yes,yes
mm_reverse_hyperextension_592,mm,back,Back,Спина,גב,machine,Reverse Hyperextension,Обратная гиперэкстензия,היפראקסנסיה הפוכה,isolation,strength,yes,yes
mm_reverse_machine_flyes_593,mm,shoulders,Shoulders,Плечи,כתפיים,machine,Reverse Machine Flyes,Обратные разведения на тренажере,פלייס הפוכה במכשיר,isolation,strength,yes,yes
mm_reverse_plate_curls_594,mm,elbow_flexors,Elbow Flexors,Сгибатели локтя,כופפי מרפק,other,Reverse Plate Curls,Обратные сгибания с гирей,קרלינג הפוך עם משקולת,isolation,strength,yes,yes
mm_reverse_triceps_bench_press_595,mm,chest,Chest,Грудь,חזה,barbell,Reverse Triceps Bench Press,Отжимания на трицепс в обратном хвате,הדפסת טריצפס הפוכה,isolation,strength,yes,yes
mm_rhomboids_smr_596,mm,back,Back,Спина,גב,foam_roll,Rhomboids-SMR,Миофасциальный релиз ромбовидных мышц,שחרור פסיאלי של שרירי העצם הכנף,isolation,stretching,yes,yes
mm_rickshaw_carry_597,mm,forearms,Forearms,Предплечья,אמות ידיים,other,Rickshaw Carry,Рикша-переноска,נשיאת ריקשה,isolation,strongman,yes,yes
mm_rickshaw_deadlift_598,mm,back,Back,Спина,גב,other,Rickshaw Deadlift,Рикша-дедлифт,ריקשה דדליפט,isolation,strongman,yes,yes
mm_ring_dips_599,mm,triceps,Triceps,Разгибатели локтя,פושטי מרפק,other,Ring Dips,Отжимания на кольцах,עליות מוט על טבעות,isolation,strength,yes,yes
mm_rocket_jump_600,mm,legs,Legs,Ноги,רגליים,bodyweight,Rocket Jump,Ракетный прыжок,קפיצת רקטה,isolation,plyometrics,yes,yes
mm_rocking_standing_calf_raise_601,mm,legs,Legs,Ноги,רגליים,barbell,Rocking Standing Calf Raise,Подъём на икры стоя с раскачкой,הרמת בטן עם נדנדה,isolation,strength,yes,yes
mm_rocky_pull_upspulldowns_602,mm,back,Back,Спина,גב,other,Rocky Pull-Ups/Pulldowns,Подтягивания/Тяга в стиле Рокки,משיכות רוקי,isolation,strength,yes,yes
mm_romanian_deadlift_603,mm,legs,Legs,Ноги,רגליים,barbell,Romanian Deadlift,Румынская становая тяга,מתל רומני,isolation,strength,yes,yes
mm_romanian_deadlift_from_deficit_604,mm,legs,Legs,Ноги,רגליים,barbell,Romanian Deadlift from Deficit,Румынская становая тяга с возвышения,מתל רומני מעל גובה,isolation,olympic weightlifting,yes,yes
mm_rope_climb_605,mm,back,Back,Спина,גב,other,Rope Climb,Лазание по канату,טיפוס על חבל,isolation,strength,yes,yes
mm_rope_crunch_606,mm,abdominals,Abdominals,Пресс,בטן,cable,Rope Crunch,Скручивание с канатом,כפיפות בטן עם חבל,isolation,strength,yes,yes
mm_rope_jumping_607,mm,legs,Legs,Ноги,רגליים,other,Rope Jumping,Прыжки через скакалку,קפיצות בחבל,isolation,cardio,yes,yes
mm_rope_straight_arm_pulldown_608,mm,back,Back,Спина,גב,cable,Rope Straight-Arm Pulldown,Тяга верхнего блка прямыми руками,משיכת חבל עם זרועות ישרות,isolation,strength,yes,yes
mm_round_the_world_shoulder_stretch_609,mm,shoulders,Shoulders,Плечи,כתפיים,other,Round The World Shoulder Stretch,"Растяжка плеч ""Вокруг мира""",מתיחת כתפיים 'סביב העולם',isolation,stretching,yes,yes
mm_rowing_stationary_610,mm,legs,Legs,Ноги,רגליים,machine,"Rowing, Stationary","Гребля, на тренажере",חתירה על סדנה,isolation,cardio,yes,yes
mm_runners_stretch_611,mm,legs,Legs,Ноги,רגליים,other,Runner's Stretch,Растяжка бегуна,מתיחת רצים,isolation,stretching,yes,yes
mm_running_treadmill_612,mm,legs,Legs,Ноги,רגליים,machine,"Running, Treadmill",Бег на беговой дорожке,ריצה על מסוע,isolation,cardio,yes,yes
mm_russian_twist_613,mm,abdominals,Abdominals,Пресс,בטן,bodyweight,Russian Twist,Русский твист,סיבוב רוסי,isolation,strength,yes,yes
mm_sandbag_load_614,mm,legs,Legs,Ноги,רגליים,other,Sandbag Load,Поднятие мешка с песком,הרמת שק חול,isolation,strongman,yes,yes
mm_scapular_pull_up_615,mm,back,Back,Спина,גב,other,Scapular Pull-Up,Подтягивание с акцентом на лопатки,משיכה עם דגש על השקעים,isolation,strength,yes,yes
mm_scissor_kick_616,mm,abdominals,Abdominals,Пресс,בטן,bodyweight,Scissor Kick,Перерезание ножницами,חיתוך מספריים,isolation,stretching,yes,yes
mm_scissors_jump_617,mm,legs,Legs,Ноги,רגליים,bodyweight,Scissors Jump,Прыжки ножницами,קפיצות מספריים,isolation,plyometrics,yes,yes
mm_seated_band_hamstring_curl_618,mm,legs,Legs,Ноги,רגליים,other,Seated Band Hamstring Curl,Сгибание ног сидя с эспандером,כיפוף ירך ישיבה עם פס גמישות,isolation,strength,yes,yes
mm_seated_barbell_military_press_619,mm,shoulders,Shoulders,Плечи,כתפיים,barbell,Seated Barbell Military Press,Военный жим штанги сидя,לחימה צבאית ישיבה מוט,isolation,strength,yes,yes
mm_seated_barbell_twist_620,mm,abdominals,Abdominals,Пресс,בטן,barbell,Seated Barbell Twist,Скручивание со штангой сидя,סיבוב ישיבה מוט,isolation,strength,yes,yes
mm_seated_bent_over_one_arm_dumbbell_triceps_extensio_621,mm,triceps,Triceps,Разгибатели локтя,פושטי מרפק,dumbbells,Seated Bent-Over One-Arm Dumbbell Triceps Extension,Разгибание трицепса одной рукой сидя с гантелью,הרחבת טריצפס יד אחת ישיבה דמבל,isolation,strength,yes,yes
mm_seated_bent_over_rear_delt_raise_622,mm,shoulders,Shoulders,Плечи,כתפיים,dumbbells,Seated Bent-Over Rear Delt Raise,Подъем задних дельт сидя,הרמת דלתא אחורית ישיבה,isolation,strength,yes,yes
mm_seated_bent_over_two_arm_dumbbell_triceps_extensio_623,mm,triceps,Triceps,Разгибатели локтя,פושטי מרפק,dumbbells,Seated Bent-Over Two-Arm Dumbbell Triceps Extension,Разгибание трицепса двумя руками сидя с гантелями,הרחבת טריצפס שתי ידיים ישיבה דמבל,isolation,strength,yes,yes
mm_seated_biceps_624,mm,elbow_flexors,Elbow Flexors,Сгибатели локтя,כופפי מרפק,bodyweight,Seated Biceps,Сгибание рук сидя на бицепс,כיפוש ישיבה לשריר הזרוע הקדמי,isolation,stretching,yes,yes
mm_seated_cable_rows_625,mm,back,Back,Спина,גב,cable,Seated Cable Rows,Тяга сидя в блочном тренажере,משיכה ישיבה במכונת כבלים,isolation,strength,yes,yes
mm_seated_cable_shoulder_press_626,mm,shoulders,Shoulders,Плечи,כתפיים,cable,Seated Cable Shoulder Press,Жим плеч сидя в блочном тренажере,לחיצת כתף ישיבה במכונת כבלים,isolation,strength,yes,yes
mm_seated_calf_raise_627,mm,legs,Legs,Ноги,רגליים,machine,Seated Calf Raise,Подъемы икр сидя,הרמת שוק ישיבה,isolation,strength,yes,yes
mm_seated_calf_stretch_628,mm,legs,Legs,Ноги,רגליים,other,Seated Calf Stretch,Растяжка икр сидя,מתיחת שוק ישיבה,isolation,stretching,yes,yes
mm_seated_close_grip_concentration_barbell_curl_629,mm,elbow_flexors,Elbow Flexors,Сгибатели локтя,כופפי מרפק,barbell,Seated Close-Grip Concentration Barbell Curl,Сгибание рук с EZ-грифом сидя концентрированное,כיפוש ישיבה עם מוט EZ קונצנטרי,isolation,strength,yes,yes
mm_seated_dumbbell_curl_630,mm,elbow_flexors,Elbow Flexors,Сгибатели локтя,כופפי מרפק,dumbbells,Seated Dumbbell Curl,Сгибание рук с гантелями сидя,כיפוש ישיבה עם משקולות,isolation,strength,yes,yes
mm_seated_dumbbell_inner_biceps_curl_631,mm,elbow_flexors,Elbow Flexors,Сгибатели локтя,כופפי מרפק,dumbbells,Seated Dumbbell Inner Biceps Curl,Сгибание рук с гантелями сидя на внутреннюю часть бицепса,כיפוש ישיבה עם משקולות לחלק הפנימי של הזרוע,isolation,strength,yes,yes
mm_seated_dumbbell_palms_down_wrist_curl_632,mm,forearms,Forearms,Предплечья,אמות ידיים,dumbbells,Seated Dumbbell Palms-Down Wrist Curl,Сгибание запястий сидя с гантлями ладонями вниз,"כיפוף פרקי כף היד יושב עם משקולות, כפות כלפי מטה",isolation,strength,yes,yes
mm_seated_dumbbell_palms_up_wrist_curl_633,mm,forearms,Forearms,Предплечья,אמות ידיים,dumbbells,Seated Dumbbell Palms-Up Wrist Curl,Сгибание запястий сидя с гантлями ладонями вверх,"כיפוף פרקי כף היד יושב עם משקולות, כפות כלפי מעלה",isolation,strength,yes,yes
mm_seated_dumbbell_press_634,mm,chest,Chest,Грудь,חזה,dumbbells,Seated Dumbbell Press,Жим гантелей сидя,דחיפת משקולות יושב,isolation,strength,yes,yes
mm_seated_flat_bench_leg_pull_in_635,mm,abdominals,Abdominals,Пресс,בטן,bodyweight,Seated Flat Bench Leg Pull-In,Подтягивание ног сидя на скамье,משיכת בטן יושב על ספסל,isolation,strength,yes,yes
mm_seated_floor_hamstring_stretch_636,mm,legs,Legs,Ноги,רגליים,other,Seated Floor Hamstring Stretch,Растяжка подколенных сухожилий сидя на полу,מתיחת גידי האצבע יושב על הרצפה,isolation,stretching,yes,yes
mm_seated_front_deltoid_637,mm,shoulders,Shoulders,Плечи,כתפיים,bodyweight,Seated Front Deltoid,Передний дельтовидный мышца сидя,כתף קדמית יושב,isolation,stretching,yes,yes
mm_seated_glute_638,mm,legs,Legs,Ноги,רגליים,bodyweight,Seated Glute,Ягодичная мышца сидя,ישבן יושב,isolation,stretching,yes,yes
mm_seated_good_mornings_639,mm,legs,Legs,Ноги,רגליים,barbell,Seated Good Mornings,Сидячие «Доброе утро»,בוקר טוב יושב,isolation,powerlifting,yes,yes
mm_seated_hamstring_640,mm,legs,Legs,Ноги,רגליים,other,Seated Hamstring,Сгибание сидя бицепса бедра,כיפוש ישיבה של שרירי הירך האחוריים,isolation,stretching,yes,yes
mm_seated_hamstring_and_calf_stretch_641,mm,legs,Legs,Ноги,רגליים,other,Seated Hamstring and Calf Stretch,Растяжка сидя бицепса бедра и икр,מתיחה ישיבה של שרירי הירך האחוריים והשוקיים,isolation,stretching,yes,yes
mm_seated_head_harness_neck_resistance_642,mm,back,Back,Спина,גב,other,Seated Head Harness Neck Resistance,Сгибание шеи с сопротивлением в шлеме сидя,כפיפת צוואר עם התנגדות במסיכה ישיבה,isolation,strength,yes,yes
mm_seated_leg_curl_643,mm,legs,Legs,Ноги,רגליים,machine,Seated Leg Curl,Сгибание ног сидя,כיפוש ירך ישיבה,isolation,strength,yes,yes
mm_seated_leg_tucks_644,mm,abdominals,Abdominals,Пресс,בטן,bodyweight,Seated Leg Tucks,Подтягивания ног сидя,משיכת בטן ישיבה,isolation,strength,yes,yes
mm_seated_one_arm_dumbbell_palms_down_wrist_curl_645,mm,forearms,Forearms,Предплечья,אמות ידיים,dumbbells,Seated One-Arm Dumbbell Palms-Down Wrist Curl,Сгибание запястий сидя с гантлей одной рукой ладонью вниз,"כפיפת פרק כף יד עם משקולת יד אחת, כף יד למטה",isolation,strength,yes,yes
mm_seated_one_arm_dumbbell_palms_up_wrist_curl_646,mm,forearms,Forearms,Предплечья,אמות ידיים,dumbbells,Seated One-Arm Dumbbell Palms-Up Wrist Curl,Сгибание запястий сидя с гантлей одной рукой ладонью вверх,"כפיפת פרק כף יד עם משקולת יד אחת, כף יד למעלה",isolation,strength,yes,yes
mm_seated_one_arm_cable_pulley_rows_647,mm,back,Back,Спина,גב,cable,Seated One-arm Cable Pulley Rows,Тяга одной рукой к блока сидя,שימוש במכונת כושר עם כבל למשיכת גב יחידה ישיבה,isolation,strength,yes,yes
mm_seated_overhead_stretch_648,mm,abdominals,Abdominals,Пресс,בטן,other,Seated Overhead Stretch,Растягивание сидя над головой,מתיחת ישיבה מעל הראש,isolation,stretching,yes,yes
mm_seated_palm_up_barbell_wrist_curl_649,mm,forearms,Forearms,Предплечья,אמות ידיים,barbell,Seated Palm-Up Barbell Wrist Curl,Сгибание запястий сидя со штангой ладонями вверх,כפיפת פרק כף יד ישיבה מקבילים למעלה,isolation,strength,yes,yes
mm_seated_palms_down_barbell_wrist_curl_650,mm,forearms,Forearms,Предплечья,אמות ידיים,barbell,Seated Palms-Down Barbell Wrist Curl,Сгибание запястий сидя со штангой ладонями вниз,כפיפת פרק כף יד ישיבה מקבילים למטה,isolation,strength,yes,yes
mm_seated_side_lateral_raise_651,mm,shoulders,Shoulders,Плечи,כתפיים,dumbbells,Seated Side Lateral Raise,Подъем рук сидя в стороны,הרמת צד ישיבה,isolation,strength,yes,yes
mm_seated_triceps_press_652,mm,triceps,Triceps,Разгибатели локтя,פושטי מרפק,dumbbells,Seated Triceps Press,Жим трицепса сидя,לחיצת טריצפס ישיבה,isolation,strength,yes,yes
mm_seated_two_arm_palms_up_low_pulley_wrist_curl_653,mm,forearms,Forearms,Предплечья,אמות ידיים,cable,Seated Two-Arm Palms-Up Low-Pulley Wrist Curl,Сгибание запястий сидя с нижнего блока ладонями вверх,כפיפת פרק כף יד ישיבה עם כבל תחתון כפול למעלה,isolation,strength,yes,yes
mm_see_saw_press_alternating_side_press_654,mm,shoulders,Shoulders,Плечи,כתפיים,dumbbells,See-Saw Press (Alternating Side Press),"Пресс ""Маятник"" (жим чередующийся)",לחיצת מטטרון (לחיצה צדדית חליפית),isolation,strength,yes,yes
mm_shotgun_row_655,mm,back,Back,Спина,גב,cable,Shotgun Row,"Тяга ""Shotgun""",שור רובה,isolation,strength,yes,yes
mm_shoulder_circles_656,mm,shoulders,Shoulders,Плечи,כתפיים,other,Shoulder Circles,Вращения плечами,סיבוב כתפיים,isolation,stretching,yes,yes
mm_shoulder_press_with_bands_657,mm,shoulders,Shoulders,Плечи,כתפיים,bands,Shoulder Press - With Bands,Жим плеч с эспандерами,לחיצת כתפיים עם רצועות,isolation,strength,yes,yes
mm_shoulder_raise_658,mm,shoulders,Shoulders,Плечи,כתפיים,other,Shoulder Raise,Подъем плеч,הרמת כתפיים,isolation,stretching,yes,yes
mm_shoulder_stretch_659,mm,shoulders,Shoulders,Плечи,כתפיים,other,Shoulder Stretch,Растяжка плеч,מתיחת כתפיים,isolation,stretching,yes,yes
mm_side_lying_floor_stretch_660,mm,back,Back,Спина,גב,other,Side-Lying Floor Stretch,Растяжка на полу на боку,מתיחת צד על הרצפה,isolation,stretching,yes,yes
mm_side_bridge_661,mm,abdominals,Abdominals,Пресс,בטן,bodyweight,Side Bridge,Боковая планка,גשר צד,isolation,strength,yes,yes
mm_side_hop_sprint_662,mm,legs,Legs,Ноги,רגליים,other,Side Hop-Sprint,Боковой прыжок-спринт,קפיצה צדית-ספרינט,isolation,plyometrics,yes,yes
mm_side_jackknife_663,mm,abdominals,Abdominals,Пресс,בטן,bodyweight,Side Jackknife,Боковой нож,סכין צדדי,isolation,strength,yes,yes
mm_side_lateral_raise_664,mm,shoulders,Shoulders,Плечи,כתפיים,dumbbells,Side Lateral Raise,Подъемы рук в стороны,הרמת צדדית של הזרועות,isolation,strength,yes,yes
mm_side_laterals_to_front_raise_665,mm,shoulders,Shoulders,Плечи,כתפיים,dumbbells,Side Laterals to Front Raise,Подъемы рук в стороны с переходом вперед,הרמת צדדית להרמת חזית,isolation,strength,yes,yes
mm_side_leg_raises_666,mm,abdominals,Abs,Пресс,בטן,bodyweight,Side Leg Raises,Подъемы ноги в сторону,הרמת צדדית של הרגל,isolation,stretching,yes,yes
mm_side_lying_groin_stretch_667,mm,legs,Legs,Ноги,רגליים,other,Side Lying Groin Stretch,Растяжка паха в положении лежа на боку,מתיחת מפשעה בשכיבה על הצד,isolation,stretching,yes,yes
mm_side_neck_stretch_668,mm,back,Back,Спина,גב,other,Side Neck Stretch,Растяжка боковых мышц шеи,מתיחת צוואר צדדית,isolation,stretching,yes,yes
mm_side_standing_long_jump_669,mm,legs,Legs,Ноги,רגליים,other,Side Standing Long Jump,Прыжок в длину на месте в стороны,קפיצה לרוחב על מקום,isolation,plyometrics,yes,yes
mm_side_to_side_chins_670,mm,back,Back,Спина,גב,other,Side To Side Chins,Подтягивания с движением из стороны לצד,מתיחות צדדיות,isolation,strength,yes,yes
mm_side_wrist_pull_671,mm,shoulders,Shoulders,Плечи,כתפיים,other,Side Wrist Pull,Тяга кисти в сторону,משיכת פרק יד צדדית,isolation,stretching,yes,yes
mm_side_to_side_box_shuffle_672,mm,legs,Legs,Ноги,רגליים,other,Side to Side Box Shuffle,Сайд ту сайд бокс шаффл,צעדי צד לצד בתוך תיבה,isolation,plyometrics,yes,yes
mm_single_arm_cable_crossover_673,mm,chest,Chest,Грудь,חזה,cable,Single-Arm Cable Crossover,Сингл-арм кроссовер с троса,מתיחה חד-צדדית בכבל,isolation,strength,yes,yes
mm_single_arm_linear_jammer_674,mm,shoulders,Shoulders,Плечи,כתפיים,barbell,Single-Arm Linear Jammer,Сингл-арм линейный джаммер,דחיפה חד-צדדית קווית,isolation,strength,yes,yes
mm_single_arm_push_up_675,mm,chest,Chest,Грудь,חזה,bodyweight,Single-Arm Push-Up,Отжимание на одной руке,שכיבות סמיכה על יד אחת,isolation,strength,yes,yes
mm_single_cone_sprint_drill_676,mm,legs,Legs,Ноги,רגליים,other,Single-Cone Sprint Drill,Спринтерский drill с одним конусом,אימון ספרינט עם חרוט אחד,isolation,plyometrics,yes,yes
mm_single_leg_high_box_squat_677,mm,legs,Legs,Ноги,רגליים,other,Single-Leg High Box Squat,Приседание на одной ноге на высокий ящик,סקווט בורגר על רגל אחת עם קופסה גבוהה,isolation,strength,yes,yes
mm_single_leg_hop_progression_678,mm,legs,Legs,Ноги,רגליים,other,Single-Leg Hop Progression,Прогрессия прыжков на одной ноге,התקדמות בקפיצות על רגל אחת,isolation,plyometrics,yes,yes
mm_single_leg_lateral_hop_679,mm,legs,Legs,Ноги,רגליים,other,Single-Leg Lateral Hop,Боковой прыжок на одной ноге,קפיצה צדית על רגל אחת,isolation,plyometrics,yes,yes
mm_single_leg_leg_extension_680,mm,legs,Legs,Ноги,רגליים,machine,Single-Leg Leg Extension,Разгибание ноги на одной ноге,הרמת רגל אחת עם הרחבת ברך,isolation,strength,yes,yes
mm_single_leg_stride_jump_681,mm,legs,Legs,Ноги,רגליים,other,Single-Leg Stride Jump,Прыжок с выпадом на одну ногу,קפיצת דילוג על רגל אחת,isolation,plyometrics,yes,yes
mm_single_dumbbell_raise_682,mm,shoulders,Shoulders,Плечи,כתפיים,dumbbells,Single Dumbbell Raise,Подъем гантели одной рукой,הרמת משקולת ביד אחת,isolation,strength,yes,yes
mm_single_leg_butt_kick_683,mm,legs,Legs,Ноги,רגליים,bodyweight,Single Leg Butt Kick,Подъем пятки к ягодице на одной ноге,בעיטת עקב לכיוון הישבן על רגל אחת,isolation,plyometrics,yes,yes
mm_single_leg_glute_bridge_684,mm,legs,Legs,Ноги,רגליים,bodyweight,Single Leg Glute Bridge,Ягодичный мостик на одной ноге,גשר עם רגל אחת,isolation,strength,yes,yes
mm_single_leg_push_off_685,mm,legs,Legs,Ноги,רגליים,other,Single Leg Push-off,Отталкивание с одной ноги,דחיפה מהצד עם רגל אחת,isolation,plyometrics,yes,yes
mm_sit_up_686,mm,abdominals,Abdominals,Пресс,בטן,bodyweight,Sit-Up,Подъем туловища,כפיפות בטן,isolation,strength,yes,yes
mm_sit_squats_687,mm,legs,Legs,Ноги,רגליים,other,Sit Squats,Приседания сидя,סקוואט ישיב,isolation,stretching,yes,yes
mm_skating_688,mm,legs,Legs,Ноги,רגליים,other,Skating,Катание на коньках,החלקה על קרח,isolation,cardio,yes,yes
mm_sled_drag_harness_689,mm,legs,Legs,Ноги,רגליים,other,Sled Drag - Harness,Тяга сани с эспандером,משיכת מזחלת עם רתום,isolation,strongman,yes,yes
mm_sled_overhead_backward_walk_690,mm,shoulders,Shoulders,Плечи,כתפיים,other,Sled Overhead Backward Walk,Ходьба с санями над головой назад,הליכה אחורה עם מזחלה מעל הראש,isolation,strength,yes,yes
mm_sled_overhead_triceps_extension_691,mm,triceps,Triceps,Разгибатели локтя,פושטי מרפק,other,Sled Overhead Triceps Extension,Разгибание трицепса с санями над головой,הרחבת טריצפס עם מזחלה מעל הראש,isolation,strength,yes,yes
mm_sled_push_692,mm,legs,Legs,Ноги,רגליים,other,Sled Push,Толкание саней,דחיפת מזחלה,isolation,strongman,yes,yes
mm_sled_reverse_flye_693,mm,shoulders,Shoulders,Плечи,כתפיים,other,Sled Reverse Flye,Разводка гантелей с санями,פרוד עם מזחלה,isolation,strength,yes,yes
mm_sled_row_694,mm,back,Back,Спина,גב,other,Sled Row,Тяга саней к поясу,משיכת מזחלה לחזה,isolation,strength,yes,yes
mm_sledgehammer_swings_695,mm,abdominals,Abdominals,Пресс,בטן,other,Sledgehammer Swings,Махи молотом,מלואות פטיש,isolation,plyometrics,yes,yes
mm_smith_incline_shoulder_raise_696,mm,shoulders,Shoulders,Плечи,כתפיים,barbell,Smith Incline Shoulder Raise,Подъём плеч в наклоне со Смитом,הרמת כתפיים מוטבעת מוגבה,isolation,strength,yes,yes
mm_smith_machine_behind_the_back_shrug_697,mm,back,Back,Спина,גב,machine,Smith Machine Behind the Back Shrug,Шраги со Смитом сзади,שראגים עם מוט סמית מאחור,isolation,strength,yes,yes
mm_smith_machine_bench_press_698,mm,chest,Chest,Грудь,חזה,machine,Smith Machine Bench Press,Жим со Смитом на скамье,פרס סמית על ספה,isolation,strength,yes,yes
mm_smith_machine_bent_over_row_699,mm,back,Back,Спина,גב,machine,Smith Machine Bent Over Row,Тяга со Смитом в наклоне,משיכה עם מוט סמית מכופפת,isolation,strength,yes,yes
mm_smith_machine_calf_raise_700,mm,legs,Legs,Ноги,רגליים,machine,Smith Machine Calf Raise,Подъём икр со Смитом,הרמת שרירי השוק עם מוט סמית,isolation,strength,yes,yes
mm_smith_machine_close_grip_bench_press_701,mm,triceps,Triceps,Разгибатели локтя,פושטי מרפק,machine,Smith Machine Close-Grip Bench Press,Жим узким хватом со Смитом,פרס סמית באחיזה צרה,isolation,strength,yes,yes
mm_smith_machine_decline_press_702,mm,chest,Chest,Грудь,חזה,machine,Smith Machine Decline Press,Жим со Смитом на наклонной скамье,פרס סמית על ספה מוטבעת,isolation,strength,yes,yes
mm_smith_machine_hang_power_clean_703,mm,legs,Legs,Ноги,רגליים,machine,Smith Machine Hang Power Clean,Рывок со Смитом,נפילת כוח עם מוט סמית,isolation,strength,yes,yes
mm_smith_machine_hip_raise_704,mm,abdominals,Abdominals,Пресс,בטן,machine,Smith Machine Hip Raise,Подъём таза в Смите,הרמת מותן במכונת סמית,isolation,strength,yes,yes
mm_smith_machine_incline_bench_press_705,mm,chest,Chest,Грудь,חזה,machine,Smith Machine Incline Bench Press,Жим Смите на наклонной скамье,לחישת סמית על ספה משופעת,isolation,strength,yes,yes
mm_smith_machine_leg_press_706,mm,legs,Legs,Ноги,רגליים,machine,Smith Machine Leg Press,Жим ног в Смите,לחישת רגליים במכונת סמית,isolation,strength,yes,yes
mm_smith_machine_one_arm_upright_row_707,mm,shoulders,Shoulders,Плечи,כתפיים,machine,Smith Machine One-Arm Upright Row,Тяга Смите одной рукой к поясу,משיכה אנכית עם יד אחת במכונת סמית,isolation,strength,yes,yes
mm_smith_machine_overhead_shoulder_press_708,mm,shoulders,Shoulders,Плечи,כתפיים,machine,Smith Machine Overhead Shoulder Press,Жим Смите над головой,לחישת סמית מעל הראש,isolation,strength,yes,yes
mm_smith_machine_pistol_squat_709,mm,legs,Legs,Ноги,רגליים,machine,Smith Machine Pistol Squat,Приседание пистолет в Смите,סקווט פיסטול במכונת סמית,isolation,strength,yes,yes
mm_smith_machine_reverse_calf_raises_710,mm,legs,Legs,Ноги,רגליים,machine,Smith Machine Reverse Calf Raises,Разгибание голени в Смите,הרמת בטן במכונת סמית,isolation,strength,yes,yes
mm_smith_machine_squat_711,mm,legs,Legs,Ноги,רגליים,machine,Smith Machine Squat,Приседание в Смите,סקווט במכונת סמית,isolation,strength,yes,yes
mm_smith_machine_stiff_legged_deadlift_712,mm,back,Back,Спина,גב,machine,Smith Machine Stiff-Legged Deadlift,Тяга штанги в Смите на прямых ногах,משיכת מוט סמית' עם רגליים ישרות,isolation,strength,yes,yes
mm_smith_machine_upright_row_713,mm,shoulders,Shoulders,Плечи,כתפיים,machine,Smith Machine Upright Row,Тяга штанги в Смите к подбородку,משיכת מוט סמית' לכיוון הסנטר,isolation,strength,yes,yes
mm_smith_single_leg_split_squat_714,mm,legs,Legs,Ноги,רגליים,machine,Smith Single-Leg Split Squat,Приседания в Смите на одной ноге с выпадом,סקווט בורג על רגל אחת עם דחיפה,isolation,strength,yes,yes
mm_snatch_715,mm,legs,Legs,Ноги,רגליים,barbell,Snatch,Рывок,רימון,isolation,olympic weightlifting,yes,yes
mm_snatch_balance_716,mm,legs,Legs,Ноги,רגליים,barbell,Snatch Balance,Рывковый присед,סנטור רימון,isolation,olympic weightlifting,yes,yes
mm_snatch_deadlift_717,mm,back,Back,Спина,גב,barbell,Snatch Deadlift,Рывковая становая тяга,מתיחת מתח רימון,isolation,olympic weightlifting,yes,yes
mm_snatch_pull_718,mm,legs,Legs,Ноги,רגליים,barbell,Snatch Pull,Рывковая тяга,משיכת רימון,isolation,strength,yes,yes
mm_snatch_shrug_719,mm,back,Back,Спина,גב,barbell,Snatch Shrug,Рывковое шраги,שראגס רימון,isolation,olympic weightlifting,yes,yes
mm_snatch_from_blocks_720,mm,legs,Legs,Ноги,רגליים,barbell,Snatch from Blocks,Рывок со штанги с упоров,משיכת סנטch מעל גושים,isolation,olympic weightlifting,yes,yes
mm_speed_band_overhead_triceps_721,mm,triceps,Triceps,Разгибатели локтя,פושטי מרפק,bands,Speed Band Overhead Triceps,Французский жим с эспандером над головой,סקוט סקווט עם רצועת מהירות מעל הראש,isolation,strength,yes,yes
mm_speed_box_squat_722,mm,legs,Legs,Ноги,רגליים,barbell,Speed Box Squat,Приседания на скорость со ящиком,סקווט ספיד עם קופסה,isolation,powerlifting,yes,yes
mm_speed_squats_723,mm,legs,Legs,Ноги,רגליים,barbell,Speed Squats,Приседания на скорость,סקווטים מהירים,isolation,strength,yes,yes
mm_spell_caster_724,mm,abdominals,Abdominals,Пресс,בטן,dumbbells,Spell Caster,Заклинатель,קוסם,isolation,strength,yes,yes
mm_spider_crawl_725,mm,abdominals,Abdominals,Пресс,בטן,bodyweight,Spider Crawl,Паучий ползок,זחילת עכביש,isolation,strength,yes,yes
mm_spider_curl_726,mm,elbow_flexors,Elbow Flexors,Сгибатели локтя,כופפי מרפק,ez_bar,Spider Curl,"Сгибание рук на бицепс в наклоне ""паук""",כפיפות זרועות עכביש,isolation,strength,yes,yes
mm_spinal_stretch_727,mm,back,Back,Спина,גב,other,Spinal Stretch,Растяжка позвоночника,מתיחת עמוד השדרה,isolation,stretching,yes,yes
mm_split_clean_728,mm,legs,Legs,Ноги,רגליים,barbell,Split Clean,Разрывной рывок,קליעה פסולת,isolation,olympic weightlifting,yes,yes
mm_split_jerk_729,mm,legs,Legs,Ноги,רגליים,barbell,Split Jerk,Разрывной толчок,דחיפה פסולת,isolation,olympic weightlifting,yes,yes
mm_split_jump_730,mm,legs,Legs,Ноги,רגליים,bodyweight,Split Jump,Прыжок в шпагат,קפיצת פיצול,isolation,plyometrics,yes,yes
mm_split_snatch_731,mm,legs,Legs,Ноги,רגליים,barbell,Split Snatch,Разрывной толчок,הרמת משקולת פסולת,isolation,olympic weightlifting,yes,yes
mm_split_squat_with_dumbbells_732,mm,legs,Legs,Ноги,רגליים,dumbbells,Split Squat with Dumbbells,Приседания в шпагат с гантелями,סקוואט פיצול עם משקולות,isolation,strength,yes,yes
mm_split_squats_733,mm,legs,Legs,Ноги,רגליים,other,Split Squats,Приседания в шпагат,סקוואט פיצול,isolation,stretching,yes,yes
mm_squat_jerk_734,mm,legs,Legs,Ноги,רגליים,barbell,Squat Jerk,Толчок со взрывом,דחיפת סקוואט,isolation,strength,yes,yes
mm_squat_with_bands_735,mm,legs,Legs,Ноги,רגליים,barbell,Squat with Bands,Приседания с эспандерами,סקוואט עם רצועות,isolation,powerlifting,yes,yes
mm_squat_with_chains_736,mm,legs,Legs,Ноги,רגליים,barbell,Squat with Chains,Приседания с цепями,סקווט עם שרשראות,isolation,powerlifting,yes,yes
mm_squat_with_plate_movers_737,mm,legs,Legs,Ноги,רגליים,barbell,Squat with Plate Movers,Приседания с передвижными дисками,סקווט עם משקולות נעות,isolation,strength,yes,yes
mm_squats_with_bands_738,mm,legs,Legs,Ноги,רגליים,bands,Squats - With Bands,Приседания с эспандерами,סקווט עם רצועות,isolation,strength,yes,yes
mm_stairmaster_739,mm,legs,Legs,Ноги,רגליים,machine,Stairmaster,Степпер,מדרגות,isolation,cardio,yes,yes
mm_standing_alternating_dumbbell_press_740,mm,chest,Chest,Грудь,חזה,dumbbells,Standing Alternating Dumbbell Press,Стоящий жим гантелей чередующимися руками,לחיצת דמבל עמידה חלופית,isolation,strength,yes,yes
mm_standing_barbell_calf_raise_741,mm,legs,Legs,Ноги,רגליים,barbell,Standing Barbell Calf Raise,Стоящее подъемы на икры со штангой,הרמת בטן עם מוט עמידה,isolation,strength,yes,yes
mm_standing_barbell_press_behind_neck_742,mm,shoulders,Shoulders,Плечи,כתפיים,barbell,Standing Barbell Press Behind Neck,Жим штанги за голову стоя,לחיצת מוט מאחורי הראש עמידה,isolation,strength,yes,yes
mm_standing_bent_over_one_arm_dumbbell_triceps_extens_743,mm,triceps,Triceps,Разгибатели локтя,פושטי מרפק,dumbbells,Standing Bent-Over One-Arm Dumbbell Triceps Extension,Стоящее разгибание трицепса одной рукой с гантелью в наклоне,הרחבת טריצפס עם דמבל אחת בעמידה כפופה,isolation,strength,yes,yes
mm_standing_bent_over_two_arm_dumbbell_triceps_extens_744,mm,triceps,Triceps,Разгибатели локтя,פושטי מרפק,dumbbells,Standing Bent-Over Two-Arm Dumbbell Triceps Extension,Разгибание рук с гантелями над головой стоя,הרחקת ידיים עם משקולות מעל הראש בעמידה,isolation,strength,yes,yes
mm_standing_biceps_cable_curl_745,mm,elbow_flexors,Elbow Flexors,Сгибатели локтя,כופפי מרפק,cable,Standing Biceps Cable Curl,Сгибание рук со штангой на бицепс стоя,כפיפת בייפר עם מוט קפיצה בעמידה,isolation,strength,yes,yes
mm_standing_biceps_stretch_746,mm,elbow_flexors,Elbow Flexors,Сгибатели локтя,כופפי מרפק,other,Standing Biceps Stretch,Растяжка бицепса стоя,מתיחת בייפר בעמידה,isolation,stretching,yes,yes
mm_standing_bradford_press_747,mm,shoulders,Shoulders,Плечи,כתפיים,barbell,Standing Bradford Press,Жим Брэдфорда стоя,לחיצת ברדפורד בעמידה,isolation,strength,yes,yes
mm_standing_cable_chest_press_748,mm,chest,Chest,Грудь,חזה,cable,Standing Cable Chest Press,Жим груди в кроссовере стоя,לחיצת חזה במכונת כביסה בעמידה,isolation,strength,yes,yes
mm_standing_cable_lift_749,mm,abdominals,Abdominals,Пресс,בטן,cable,Standing Cable Lift,Тяга в кроссовере стоя,משיכה במכונת כביסה בעמידה,isolation,strength,yes,yes
mm_standing_cable_wood_chop_750,mm,abdominals,Abdominals,Пресс,בטן,cable,Standing Cable Wood Chop,"Тяга кроссовера ""рубка дров"" стоя",חיתוך עץ במכונת כביסה בעמידה,isolation,strength,yes,yes
mm_standing_calf_raises_751,mm,legs,Legs,Ноги,רגליים,machine,Standing Calf Raises,Подъемы на икры стоя,הרמת בטן תחתונה בעמידה,isolation,strength,yes,yes
mm_standing_concentration_curl_752,mm,elbow_flexors,Elbow Flexors,Сгибатели локтя,כופפי מרפק,dumbbells,Standing Concentration Curl,Сгибание рук на бицепс в упоре стоя,כיפוף זרועות עם הדגשה בעמידה,isolation,strength,yes,yes
mm_standing_dumbbell_calf_raise_753,mm,legs,Legs,Ноги,רגליים,dumbbells,Standing Dumbbell Calf Raise,Подъемы на икры со штангой стоя,הרמת בטן תחתונית עם משקולות בעמידה,isolation,strength,yes,yes
mm_standing_dumbbell_press_754,mm,chest,Chest,Грудь,חזה,dumbbells,Standing Dumbbell Press,Жим гантелей стоя,דחיפת משקולות למעלה בעמידה,isolation,strength,yes,yes
mm_standing_dumbbell_reverse_curl_755,mm,elbow_flexors,Elbow Flexors,Сгибатели локтя,כופפי מרפק,dumbbells,Standing Dumbbell Reverse Curl,Обратное сгибание рук со штангой стоя,כיפוף זרועות הפוך עם משקולות בעמידה,isolation,strength,yes,yes
mm_standing_dumbbell_straight_arm_front_delt_raise_ab_756,mm,shoulders,Shoulders,Плечи,כתפיים,dumbbells,Standing Dumbbell Straight-Arm Front Delt Raise Above Head,Поднятие рук перед собой с гантелями стоя,הרמת משקולות לפנים מעל הראש בעמידה,isolation,strength,yes,yes
mm_standing_dumbbell_triceps_extension_757,mm,triceps,Triceps,Разгибатели локтя,פושטי מרפק,dumbbells,Standing Dumbbell Triceps Extension,Разгибание рук на трицепс с гантелями стоя,הרחבת זרועות לטריצפס בעמידה עם משקולות,isolation,strength,yes,yes
mm_standing_dumbbell_upright_row_758,mm,shoulders,Shoulders,Плечи,כתפיים,dumbbells,Standing Dumbbell Upright Row,Тяга гантелей к подбородку стоя,משיכת משקולות לכיוון הסנטר בעמידה,isolation,strength,yes,yes
mm_standing_elevated_quad_stretch_759,mm,legs,Legs,Ноги,רגליים,other,Standing Elevated Quad Stretch,Растяжка квадрицепса на возвышенности стоя,מתיחת שרירי הירך הקדמיים בעמידה על משטח מוגבה,isolation,stretching,yes,yes
mm_standing_front_barbell_raise_over_head_760,mm,shoulders,Shoulders,Плечи,כתפיים,barbell,Standing Front Barbell Raise Over Head,Подъем штанги перед собой стоя над головой,הרמת מוט מקדימה עמידה מעל הראש,isolation,strength,yes,yes
mm_standing_gastrocnemius_calf_stretch_761,mm,legs,Legs,Ноги,רגליים,other,Standing Gastrocnemius Calf Stretch,Растяжка икроножных мышц стоя,מתיחת שרירי הסובטיליס עמידה,isolation,stretching,yes,yes
mm_standing_hamstring_and_calf_stretch_762,mm,legs,Legs,Ноги,רגליים,other,Standing Hamstring and Calf Stretch,Растяжка задней поверхности бедра и икр стоя,מתיחת שרירי הירך האחוריים והסובטיליס עמידה,isolation,stretching,yes,yes
mm_standing_hip_circles_763,mm,legs,Legs,Ноги,רגליים,bodyweight,Standing Hip Circles,Круговые движения тазом стоя,סיבובי אגן עמידה,isolation,stretching,yes,yes
mm_standing_hip_flexors_764,mm,legs,Legs,Ноги,רגליים,other,Standing Hip Flexors,Упражнение на сгибатели бедра стоя,תרגיל כופפי הירך עמידה,isolation,stretching,yes,yes
mm_standing_inner_biceps_curl_765,mm,elbow_flexors,Elbow Flexors,Сгибатели локтя,כופפי מרפק,dumbbells,Standing Inner-Biceps Curl,Сгибание рук на бицепс со сведением предплечий стоя,כפיפת בייספט עמידה עם הבאת כפות ידיים קרוב,isolation,strength,yes,yes
mm_standing_lateral_stretch_766,mm,abdominals,Abdominals,Пресс,בטן,other,Standing Lateral Stretch,Наклон вбок стоя,הטיית גוף צד עמידה,isolation,stretching,yes,yes
mm_standing_leg_curl_767,mm,legs,Legs,Ноги,רגליים,machine,Standing Leg Curl,Сгибание ног лежа на животе стоя,כפיפת רגליים לשכיבה על הבטן עמידה,isolation,strength,yes,yes
mm_standing_long_jump_768,mm,legs,Legs,Ноги,רגליים,bodyweight,Standing Long Jump,Прыжок в длину с места,קפיצת אורך מהמקום,isolation,plyometrics,yes,yes
mm_standing_low_pulley_deltoid_raise_769,mm,shoulders,Shoulders,Плечи,כתפיים,cable,Standing Low-Pulley Deltoid Raise,Подъем дельтоидов на нижнем блоке стоя,הרמת דלתולים בכבל תחתון בעמידה,isolation,strength,yes,yes
mm_standing_low_pulley_one_arm_triceps_extension_770,mm,triceps,Triceps,Разгибатели локтя,פושטי מרפק,cable,Standing Low-Pulley One-Arm Triceps Extension,Разгибание трицепса на нижнем блоке одной рукой стоя,הרחבת טריצפס בכבל תחתון יד אחת בעמידה,isolation,strength,yes,yes
mm_standing_military_press_771,mm,shoulders,Shoulders,Плечи,כתפיים,barbell,Standing Military Press,Военный жим стоя,כיבוי צבאי בעמידה,isolation,strength,yes,yes
mm_standing_olympic_plate_hand_squeeze_772,mm,forearms,Forearms,Предплечья,אמות ידיים,other,Standing Olympic Plate Hand Squeeze,Сжимание олимпийской тарелки стоя,לחיצת צלחת אולימפית בעמידה,isolation,strength,yes,yes
mm_standing_one_arm_cable_curl_773,mm,elbow_flexors,Elbow Flexors,Сгибатели локтя,כופפי מרפק,cable,Standing One-Arm Cable Curl,Сгибание рук на блоке одной рукой стоя,כיפוף בייספקט בכבל יד אחת בעמידה,isolation,strength,yes,yes
mm_standing_one_arm_dumbbell_curl_over_incline_bench_774,mm,chest,Chest,Грудь,חזה,dumbbells,Standing One-Arm Dumbbell Curl Over Incline Bench,Сгибание рук с гантелью одной рукой через наклонную скамью,כיפוף בייספקט עם משקולת יד אחת על ספה משופעת,isolation,strength,yes,yes
mm_standing_one_arm_dumbbell_triceps_extension_775,mm,triceps,Triceps,Разгибатели локтя,פושטי מרפק,dumbbells,Standing One-Arm Dumbbell Triceps Extension,Разгибание трицепса с гантелью одной рукой стоя,הרחבת טריצפס עם משקולת יד אחת בעמידה,isolation,strength,yes,yes
mm_standing_overhead_barbell_triceps_extension_776,mm,triceps,Triceps,Разгибатели локтя,פושטי מרפק,barbell,Standing Overhead Barbell Triceps Extension,Французский жим стоя с гантелью над головой,הרמת מוט מעל הראש עם משקולת לטריצפס עמידה,isolation,strength,yes,yes
mm_standing_palm_in_one_arm_dumbbell_press_777,mm,chest,Chest,Грудь,חזה,dumbbells,Standing Palm-In One-Arm Dumbbell Press,Жим одной гантели на плечо стоя со сведенными ладонями,דחיפת משקולת דמוית ספר ביד אחת עמידה,isolation,strength,yes,yes
mm_standing_palms_in_dumbbell_press_778,mm,chest,Chest,Грудь,חזה,dumbbells,Standing Palms-In Dumbbell Press,Жим гантелей на плечи стоя со сведенными ладонями,דחיפת משקולות לכתפיים עמידה עם כפות פנימה,isolation,strength,yes,yes
mm_standing_palms_up_barbell_behind_the_back_wrist_cu_779,mm,forearms,Forearms,Предплечья,אמות ידיים,barbell,Standing Palms-Up Barbell Behind The Back Wrist Curl,Сгибание запястий со штангой за спиной стоя ладонями вверх,כיפוף פרק כף היד עם מוט מאחורי הגב עמידה כפות פנימה,isolation,strength,yes,yes
mm_standing_pelvic_tilt_780,mm,back,Back,Спина,גב,other,Standing Pelvic Tilt,Наклон таза стоя,הטיית אגן עמידה,isolation,stretching,yes,yes
mm_standing_rope_crunch_781,mm,abdominals,Abdominals,Пресс,בטן,cable,Standing Rope Crunch,Скручивание на пресс со канатом стоя,כפיפת בטן עם חבל עמידה,isolation,strength,yes,yes
mm_standing_soleus_and_achilles_stretch_782,mm,legs,Legs,Ноги,רגליים,other,Standing Soleus And Achilles Stretch,Растяжка икроножных мышц и ахиллова сухожилия стоя,מתיחת שריר הסוליאוס וגיד אכילס עמידה,isolation,stretching,yes,yes
mm_standing_toe_touches_783,mm,abdominals,Abs,Пресс,בטן,other,Standing Toe Touches,Наклоны к стопам стоя,הישענות לכיוון האצבעות עמידה,isolation,stretching,yes,yes
mm_standing_towel_triceps_extension_784,mm,triceps,Triceps,Разгибатели локтя,פושטי מרפק,bodyweight,Standing Towel Triceps Extension,Разгибание трицепса с полотном стоя,הרחבת טריצפס עם מגבת בעמידה,isolation,strength,yes,yes
mm_standing_two_arm_overhead_throw_785,mm,shoulders,Shoulders,Плечи,כתפיים,medicine_ball,Standing Two-Arm Overhead Throw,Метание мяча над головой стоя двумя руками,הטלת כדור מעל הראש בעמידה עם שתי ידיים,isolation,plyometrics,yes,yes
mm_star_jump_786,mm,legs,Legs,Ноги,רגליים,bodyweight,Star Jump,Прыжки звездой,קפיצת כוכב,isolation,plyometrics,yes,yes
mm_step_up_with_knee_raise_787,mm,legs,Legs,Ноги,רגליים,bodyweight,Step-up with Knee Raise,Подъем на платформу с подъемом колена,עלייה על ספסל עם הרמת ברך,isolation,strength,yes,yes
mm_step_mill_788,mm,legs,Legs,Ноги,רגליים,machine,Step Mill,Степ-машина,מכונת סטפ,isolation,cardio,yes,yes
mm_stiff_legged_barbell_deadlift_789,mm,back,Back,Спина,גב,barbell,Stiff-Legged Barbell Deadlift,Тяга штанги на прямых ногах,מתיחת מוט עם רגליים ישרות,isolation,strength,yes,yes
mm_stiff_legged_dumbbell_deadlift_790,mm,back,Back,Спина,גב,dumbbells,Stiff-Legged Dumbbell Deadlift,Тяга гантелей на прямых ногах,מתיחת משקולות עם רגליים ישרות,isolation,strength,yes,yes
mm_stiff_leg_barbell_good_morning_791,mm,legs,Legs,Ноги,רגליים,barbell,Stiff Leg Barbell Good Morning,Сгибание корпуса со штангой на прямых ногах,כפיפת גוף עם מוט עם רגליים ישרות,isolation,strength,yes,yes
mm_stomach_vacuum_792,mm,abdominals,Abdominals,Пресс,בטן,bodyweight,Stomach Vacuum,Вакуум живота,ריקון בטן,isolation,stretching,yes,yes
mm_straight_arm_dumbbell_pullover_793,mm,back,Back,Спина,גב,dumbbells,Straight-Arm Dumbbell Pullover,Тяга гантелей лежа на спине с прямыми руками,משיכת דמבל לינג' לישיבה עם זרועות ישרות,isolation,strength,yes,yes
mm_straight_arm_pulldown_794,mm,back,Back,Спина,גב,cable,Straight-Arm Pulldown,Тяга верхнего блока прямыми руками,משיכת חזה עליונה עם זרועות ישרות,isolation,strength,yes,yes
mm_straight_bar_bench_mid_rows_795,mm,back,Back,Спина,גב,barbell,Straight Bar Bench Mid Rows,Тяга штанги к поясу в наклоне на скамье,משיכת סטרייט בר לחזה בשכיבה מהצד,isolation,strength,yes,yes
mm_straight_raises_on_incline_bench_796,mm,chest,Chest,Грудь,חזה,barbell,Straight Raises on Incline Bench,Подъемы рук лежа на наклонной скамье,הרמת ידיים לצדדים בשכיבה על ספה משופעת,isolation,strength,yes,yes
mm_stride_jump_crossover_797,mm,legs,Legs,Ноги,רגליים,other,Stride Jump Crossover,Прыжки с выпадом и перекрестным движением,קפיצת צעד עם החלפת ידיים,isolation,plyometrics,yes,yes
mm_sumo_deadlift_798,mm,back,Back,Спина,גב,barbell,Sumo Deadlift,Становая тяга сумо,מתיחת סטרייט לג סומו,isolation,powerlifting,yes,yes
mm_sumo_deadlift_with_bands_799,mm,back,Back,Спина,גב,barbell,Sumo Deadlift with Bands,Становая тяга сумо с эспандерами,מתיחת סטרייט לג סומו עם רצועות,isolation,powerlifting,yes,yes
mm_sumo_deadlift_with_chains_800,mm,back,Back,Спина,גב,barbell,Sumo Deadlift with Chains,Становая тяга сумо с цепями,משיכת מתים סומו עם שרשראות,isolation,powerlifting,yes,yes
mm_superman_801,mm,back,Back,Спина,גב,bodyweight,Superman,Супермен,סופרמן,isolation,stretching,yes,yes
mm_supine_chest_throw_802,mm,triceps,Triceps,Разгибатели локтя,פושטי מרפק,medicine_ball,Supine Chest Throw,Бросок на груди лежа,הטלת חזה שכיבה,isolation,plyometrics,yes,yes
mm_supine_one_arm_overhead_throw_803,mm,abdominals,Abdominals,Пресс,בטן,medicine_ball,Supine One-Arm Overhead Throw,Бросок одной рукой над головой лежа,הטלת יד אחת מעל הראש בשכיבה,isolation,plyometrics,yes,yes
mm_supine_two_arm_overhead_throw_804,mm,abdominals,Abdominals,Пресс,בטן,medicine_ball,Supine Two-Arm Overhead Throw,Бросок двумя руками над головой лежа,הטלת שתי ידיים מעל הראש בשכיבה,isolation,plyometrics,yes,yes
mm_suspended_fallout_805,mm,abdominals,Abdominals,Пресс,בטן,other,Suspended Fallout,Висящий откат,נפילה מתלה,isolation,strength,yes,yes
mm_suspended_push_up_806,mm,chest,Chest,Грудь,חזה,other,Suspended Push-Up,Отжимания в подвешенном состоянии,סטיות מתלה,isolation,strength,yes,yes
mm_suspended_reverse_crunch_807,mm,abdominals,Abdominals,Пресс,בטן,other,Suspended Reverse Crunch,Висящий обратный скручивание,כפיפות בטן לאחור מתלה,isolation,strength,yes,yes
mm_suspended_row_808,mm,back,Back,Спина,גב,other,Suspended Row,Тяга в подвешенном состоянии,משיכה מתלה,isolation,strength,yes,yes
mm_suspended_split_squat_809,mm,legs,Legs,Ноги,רגליים,other,Suspended Split Squat,Выпады в висе,סקוואט פצוע במתלה,isolation,strength,yes,yes
mm_svend_press_810,mm,chest,Chest,Грудь,חזה,other,Svend Press,Пресс Свенда,לחיצת סוונד,isolation,strength,yes,yes
mm_t_bar_row_with_handle_811,mm,back,Back,Спина,גב,barbell,T-Bar Row with Handle,Тяга Т-образного штанга с рукоятью,משיכת T-בר עם ידית,compound,strength,yes,yes
mm_tate_press_812,mm,triceps,Triceps,Разгибатели локтя,פושטי מרפק,dumbbells,Tate Press,Жим Тейта,לחיצת טייט,isolation,strength,yes,yes
mm_the_straddle_813,mm,stretching,Stretching,Растяжка,מתיחות,other,The Straddle,Стул-качалка,פיצול,isolation,stretching,yes,yes
mm_thigh_abductor_814,mm,legs,Legs,Ноги,רגליים,machine,Thigh Abductor,Отведение бедра,מפרק הירך מרחיק,isolation,strength,yes,yes
mm_thigh_adductor_815,mm,legs,Legs,Ноги,רגליים,machine,Thigh Adductor,Приведение бедра,מפרק הירך מושך,isolation,strength,yes,yes
mm_tire_flip_816,mm,legs,Legs,Ноги,רגליים,other,Tire Flip,Переворачивание шины,הפיכת צמיג,compound,strongman,yes,yes
mm_toe_touchers_817,mm,abdominals,Abdominals,Пресс,בטן,bodyweight,Toe Touchers,Наклон к пальцам ног,מגע אצבעות עם הרגליים,isolation,stretching,yes,yes
mm_torso_rotation_818,mm,abdominals,Abdominals,Пресс,בטן,exercise_ball,Torso Rotation,Вращение корпуса,סיבוב גו,isolation,stretching,yes,yes
mm_trail_runningwalking_819,mm,legs,Legs,Ноги,רגליים,other,Trail Running/Walking,Бег/ходьба по пересеченной местности,ריצה/הליכה בשבילים,compound,cardio,yes,yes
mm_trap_bar_deadlift_820,mm,back,Back,Спина,גב,other,Trap Bar Deadlift,Тяга с грифа-ловушки,מתיחה עם מוט טראפ,compound,strength,yes,yes
mm_tricep_dumbbell_kickback_821,mm,triceps,Triceps,Разгибатели локтя,פושטי מרפק,dumbbells,Tricep Dumbbell Kickback,Разгибание трицепса с гантлями на бицепс,הרמת דמקי עם משקולת,isolation,strength,yes,yes
mm_tricep_side_stretch_822,mm,stretching,Stretching,Растяжка,מתיחות,other,Tricep Side Stretch,Растяжка трицепса сбоку,מתיחת טרייספס מהצד,isolation,stretching,yes,yes
mm_triceps_overhead_extension_with_rope_823,mm,triceps,Triceps,Разгибатели локтя,פושטי מרפק,cable,Triceps Overhead Extension with Rope,Разгибание трицепса над головой со канатом,הרחבת טרייספס מעל הראש עם חבל,isolation,strength,yes,yes
mm_triceps_pushdown_824,mm,triceps,Triceps,Разгибатели локтя,פושטי מרפק,cable,Triceps Pushdown,Тяга нижнего блока на трицепс,משיכת תחתון על הטריצפס,isolation,strength,yes,yes
mm_triceps_pushdown_rope_attachment_825,mm,triceps,Triceps,Разгибатели локтя,פושטי מרפק,cable,Triceps Pushdown - Rope Attachment,Тяга нижнего блока на трицепс со канатной рукоятью,משיכת תחתון על הטריצפס עם ידית חבל,isolation,strength,yes,yes
mm_triceps_pushdown_v_bar_attachment_826,mm,triceps,Triceps,Разгибатели локтя,פושטי מרפק,cable,Triceps Pushdown - V-Bar Attachment,Тяга нижнего блока на трицепс с V-образной рукоятью,משיכת תחתון על הטריצפס עם ידית V,isolation,strength,yes,yes
mm_triceps_stretch_827,mm,stretching,Stretching,Растяжка,מתיחות,other,Triceps Stretch,Растяжка трицепса,מתיחת טריצפס,isolation,stretching,yes,yes
mm_tuck_crunch_828,mm,abdominals,Abdominals,Пресс,בטן,bodyweight,Tuck Crunch,Подъем коленей в висе,כפיפת בטן במתלה,isolation,strength,yes,yes
mm_two_arm_dumbbell_preacher_curl_829,mm,elbow_flexors,Elbow Flexors,Сгибатели локтя,כופפי מרפק,dumbbells,Two-Arm Dumbbell Preacher Curl,Сгибание рук со штангой на скамье Скотта,כפיפת זרועות עם מוט על ספסל סקוט,isolation,strength,yes,yes
mm_two_arm_kettlebell_clean_830,mm,fullbody,Full Body,Всё тело,כל הגוף,kettlebells,Two-Arm Kettlebell Clean,Рывок гири двумя руками,ניפוץ קטלן בשתי ידיים,compound,strength,yes,yes
mm_two_arm_kettlebell_jerk_831,mm,shoulders,Shoulders,Плечи,כתפיים,kettlebells,Two-Arm Kettlebell Jerk,Выталкивание гири двумя руками,דחיפת קטלן בשתי ידיים,compound,strength,yes,yes
mm_two_arm_kettlebell_military_press_832,mm,shoulders,Shoulders,Плечи,כתפיים,kettlebells,Two-Arm Kettlebell Military Press,Жим гантелей над головой двумя руками,סקירת קטלס דו-זרתית,isolation,strength,yes,yes
mm_two_arm_kettlebell_row_833,mm,back,Back,Спина,גב,kettlebells,Two-Arm Kettlebell Row,Тяга гантели двумя руками в наклоне,שור קטלס דו-זרתי,isolation,strength,yes,yes
mm_underhand_cable_pulldowns_834,mm,back,Back,Спина,גב,cable,Underhand Cable Pulldowns,Тяга верхнего блока обратным хватом,משיכת כבל לחזה עם אחיזה הפוכה,isolation,strength,yes,yes
mm_upper_back_leg_grab_835,mm,stretching,Stretching,Растяжка,מתיחות,other,Upper Back-Leg Grab,Подъем ноги к спине,משיכת רגל לגב עליון,isolation,stretching,yes,yes
mm_upper_back_stretch_836,mm,stretching,Stretching,Растяжка,מתיחות,other,Upper Back Stretch,Растяжка верхней части спины,מתיחת גב עליון,isolation,stretching,yes,yes
mm_upright_barbell_row_837,mm,back,Back,Спина,גב,barbell,Upright Barbell Row,Тяга штанги к подбородку,שור מוט אנכי,isolation,strength,yes,yes
mm_upright_cable_row_838,mm,back,Back,Спина,גב,cable,Upright Cable Row,Тяга верхнего блока к подбородку,שור כבל אנכי,isolation,strength,yes,yes
mm_upright_row_with_bands_839,mm,shoulders,Shoulders,Плечи,כתפיים,bands,Upright Row - With Bands,Тяга к подбородку с эспандерами,שור עם רצועות,isolation,strength,yes,yes
mm_upward_stretch_840,mm,stretching,Stretching,Растяжка,מתיחות,other,Upward Stretch,Растяжка вверх,מתיחה למעלה,isolation,stretching,yes,yes
mm_v_bar_pulldown_841,mm,back,Back,Спина,גב,cable,V-Bar Pulldown,Тяга верхнего блока V-образным грифом,משיכת V,compound,strength,yes,yes
mm_v_bar_pullup_842,mm,back,Back,Спина,גב,bodyweight,V-Bar Pullup,Подтягивания V-образным грифом,מתיחת V,compound,strength,yes,yes
mm_vertical_swing_843,mm,legs,Legs,Ноги,רגליים,dumbbells,Vertical Swing,Вертикальный мах,נדנדה אנכית,compound,plyometrics,yes,yes
mm_walking_treadmill_844,mm,legs,Legs,Ноги,רגליים,machine,"Walking, Treadmill","Ходьба, беговая дорожка","הליכה, מסיעת ריצה",compound,cardio,yes,yes
mm_weighted_ball_hyperextension_845,mm,back,Back,Спина,גב,exercise_ball,Weighted Ball Hyperextension,Гиперэкстензия с утяжеленным мячом,היפראקסנסיה עם כדור משקולות,isolation,strength,yes,yes
mm_weighted_ball_side_bend_846,mm,abdominals,Abdominals,Пресс,בטן,exercise_ball,Weighted Ball Side Bend,Наклон в сторону с утяжеленным мячом,כיפוף צדדי עם כדור משקולות,isolation,strength,yes,yes
mm_weighted_bench_dip_847,mm,triceps,Triceps,Разгибатели локтя,פושטי מרפק,other,Weighted Bench Dip,Отжимания на скамье с отягощением,סקווט קפיצה משוקלל,compound,strength,yes,yes
mm_weighted_crunches_848,mm,abdominals,Abdominals,Пресс,בטן,medicine_ball,Weighted Crunches,Скручивания с отягощением,כפיפות בטן משוקללות,isolation,strength,yes,yes
mm_weighted_jump_squat_849,mm,legs,Legs,Ноги,רגליים,barbell,Weighted Jump Squat,Приседания с прыжком и отягощением,סקווט קפיצה משוקלל,compound,strength,yes,yes
mm_weighted_pull_ups_850,mm,back,Back,Спина,גב,other,Weighted Pull Ups,Подтягивания с отягощением,משיכות עם משקולות,compound,strength,yes,yes
mm_weighted_sissy_squat_851,mm,legs,Legs,Ноги,רגליים,barbell,Weighted Sissy Squat,Приседания «Сисси» с отягощением,סקוואט סיסי עם משקולות,isolation,strength,yes,yes
mm_weighted_sit_ups_with_bands_852,mm,abdominals,Abdominals,Пресс,בטן,other,Weighted Sit-Ups - With Bands,Скручивания с отягощением - с эспандером,כפיפות בטן עם משקולות - עם רצועות,isolation,strength,yes,yes
mm_weighted_squat_853,mm,legs,Legs,Ноги,רגליים,other,Weighted Squat,Приседания со штангой,סקווט משקולות,compound,strength,yes,yes
mm_wide_grip_barbell_bench_press_854,mm,chest,Chest,Грудь,חזה,barbell,Wide-Grip Barbell Bench Press,Жим лежа на скамье со штангой широким хватом,עמידה שטוחה עם מוט צמוד,compound,strength,yes,yes
mm_wide_grip_decline_barbell_bench_press_855,mm,chest,Chest,Грудь,חזה,barbell,Wide-Grip Decline Barbell Bench Press,Жим лежа на наклонной скамье со штангой широким хватом,עמידה מוארכת עם מוט צמוד,compound,strength,yes,yes
mm_wide_grip_decline_barbell_pullover_856,mm,back,Back,Спина,גב,barbell,Wide-Grip Decline Barbell Pullover,Тяга штанги на наклонной скамье широким хватом,"משיכת מקבילים עם מוט על ספה מוטה, באחיזה רחבה",isolation,strength,yes,yes
mm_wide_grip_lat_pulldown_857,mm,back,Back,Спина,גב,cable,Wide-Grip Lat Pulldown,Тяга верхнего блока широким хватом,"משיכת מקבילים עם משקולת עליה, באחיזה רחבה",compound,strength,yes,yes
mm_wide_grip_pulldown_behind_the_neck_858,mm,back,Back,Спина,גב,cable,Wide-Grip Pulldown Behind The Neck,Тяга верхнего блока за голову широким хватом,"משיכת מקבילים עם משקולת עליה מאחורי הראש, באחיזה רחבה",compound,strength,yes,yes
mm_wide_grip_rear_pull_up_859,mm,back,Back,Спина,גב,bodyweight,Wide-Grip Rear Pull-Up,Подтягивание широким хватом к груди,משיכת גב רחבה לחזה,compound,strength,yes,yes
mm_wide_grip_standing_barbell_curl_860,mm,elbow_flexors,Elbow Flexors,Сгибатели локтя,כופפי מרפק,barbell,Wide-Grip Standing Barbell Curl,Подъем штанги на бицепс стоя широким хватом,כפיפת ברזל עם מוט על הבטן רחבה,isolation,strength,yes,yes
mm_wide_stance_barbell_squat_861,mm,legs,Legs,Ноги,רגליים,barbell,Wide Stance Barbell Squat,Приседания со штангой на ширине ног,סקווט עם מוט רחב,compound,strength,yes,yes
mm_wide_stance_stiff_legs_862,mm,legs,Legs,Ноги,רגליים,barbell,Wide Stance Stiff Legs,Широкая постановка жёсткими ногами,ריצות מהירות עם פס צר,compound,olympic weightlifting,yes,yes
mm_wind_sprints_863,mm,fullbody,Full Body,Всё тело,כל הגוף,bodyweight,Wind Sprints,Спринтерский забег,ריצות ספרינט,compound,strength,yes,yes
mm_windmills_864,mm,abdominals,Abs,Пресс,בטן,other,Windmills,Мельница,טחנות רוח,isolation,stretching,yes,yes
mm_worlds_greatest_stretch_865,mm,stretching,Stretching,Растяжка,מתיחות,other,World's Greatest Stretch,Растяжка величайшего в мире,מתיחת העולם הגדולה ביותר,isolation,stretching,yes,yes
mm_wrist_circles_866,mm,forearms,Forearms,Предплечья,אמות ידיים,bodyweight,Wrist Circles,Круговые движения запястий,סיבובי פרק כף היד,isolation,stretching,yes,yes
mm_wrist_roller_867,mm,forearms,Forearms,Предплечья,אמות ידיים,other,Wrist Roller,Ролик для запястий,גלגל לפרק כף היד,isolation,strength,yes,yes
mm_wrist_rotations_with_straight_bar_868,mm,forearms,Forearms,Предплечья,אמות ידיים,barbell,Wrist Rotations with Straight Bar,Вращения запястий со штангой,סיבובי פרק כף יד עם מוט,isolation,strength,yes,yes
mm_yoke_walk_869,mm,legs,Legs,Ноги,רגליים,other,Yoke Walk,Ходьба с фермерской ходьбой,הליכה עם יוק,compound,strongman,yes,yes
mm_zercher_squats_870,mm,legs,Legs,Ноги,רגליים,barbell,Zercher Squats,Приседания Зерчер,סקווט זרכר,compound,strength,yes,yes
mm_zottman_curl_871,mm,elbow_flexors,Elbow Flexors,Сгибатели локтя,כופפי מרפק,dumbbells,Zottman Curl,Сгибание рук на бицепс Цоттмана,כיפוש זוטמן,isolation,strength,yes,yes
mm_zottman_preacher_curl_872,mm,elbow_flexors,Elbow Flexors,Сгибатели локтя,כופפי מרפק,dumbbells,Zottman Preacher Curl,Сгибание рук на бицепс Цоттмана на скамье-preacher,כיפוש זוטמן על ספסל כומש,isolation,strength,yes,yes
pg_לחיצת_חזה_בשכיבה_כנגד_משקולות_0,pg,chest,Chest,Грудь,חזה,dumbbells,Barbell Bench Press,Жим лежа со штангой,לחיצת חזה בשכיבה כנגד משקולות,compound,,yes,yes
pg_לחיצת_חזה_בשכיבה_שיפוע_חיובי_כנגד_משקולות_1,pg,chest,Chest,Грудь,חזה,dumbbells,Incline Barbell Bench Press,Жим лежа на наклонной скамье со штангой,"לחיצת חזה בשכיבה, שיפוע חיובי כנגד משקולות",compound,,yes,yes
pg_לחיצת_חזה_בשכיבה_על_בוסו_פיטבול_כנגד_משקולות_3,pg,chest,Chest,Грудь,חזה,dumbbells,Barbell Bench Press on Bosu/Fitball,Жим лежа на bosu/fitball со штангой,לחיצת חזה בשכיבה על בוסו / פיטבול כנגד משקולות,compound,,yes,yes
pg_לחיצת_חזה_בשכיבה_על_פיטבול_שיפוע_חיובי_כנגד_משקולו_4,pg,chest,Chest,Грудь,חזה,dumbbells,Incline Barbell Bench Press on Fitball,Жим лежа на наклонном fitball со штангой,לחיצת חזה בשכיבה על פיטבול שיפוע חיובי כנגד משקולות,compound,,yes,yes
pg_פרפר_בשכיבה_שיפוע_שלילי_כנגד_משקולות_5,pg,chest,Chest,Грудь,חזה,dumbbells,Dumbbell Bench Press on Decline Bench,Жим гантелей лежа на скамье с отрицательным наклоном,"פרפר בשכיבה, שיפוע שלילי כנגד משקולות",compound,,yes,yes
pg_פרפר_בשכיבה_שיפוע_חיובי_כנגד_משקולות_7,pg,chest,Chest,Грудь,חזה,dumbbells,Incline Dumbbell Bench Press,Жим гантелей лежа на наклонной скамье,פרפר בשכיבה שיפוע חיובי כנגד משקולות,compound,,yes,yes
pg_פרפר_בשכיבה_על_פיטבול_כנגד_כייבל_קרוס_גובה_כתפיים_8,pg,chest,Chest,Грудь,חזה,dumbbells,Butterfly on a stability ball against cable cross (shoulder height),Махи в упоре на фитбол с гантелями на уровне плеч,פרפר בשכיבה על פיטבול כנגד כייבל קרוס (גובה כתפיים),isolation,,yes,yes
pg_פרפר_בשכיבה_על_בוסו_פיטבול_כנגד_משקולות_9,pg,chest,Chest,Грудь,חזה,dumbbells,Butterfly on BOSU / stability ball against dumbbells,Махи в упоре на BOSU/фитбол с гантелями,פרפר בשכיבה על בוסו / פיטבול כנגד משקולות,isolation,,yes,yes
pg_פרפר_בשכיבה_על_פיטבול_שיפוע_חיובי_כנגד_משקולות_10,pg,chest,Chest,Грудь,חזה,dumbbells,Butterfly on an inclined stability ball against dumbbells,Махи в упоре на наклонный фитбол с гантелями,פרפר בשכיבה על פיטבול שיפוע חיובי כנגד משקולות,isolation,,yes,yes
pg_לחיצת_חזה_בעמידה_כנגד_כייבל_קרוס_כבל_אמצעי_11,pg,chest,Chest,Грудь,חזה,cable,Standing chest press against cable cross mid cable,Жим стоя на среднем тросе кроссовера,לחיצת חזה בעמידה כנגד כייבל קרוס כבל אמצעי,compound,,yes,yes
pg_לחיצת_חזה_בעמידה_כנגד_כייבל_קרוס_כבל_תחתון_12,pg,chest,Chest,Грудь,חזה,cable,Standing chest press against cable cross low cable,Жим стоя на нижнем тросе кроссовера,לחיצת חזה בעמידה כנגד כייבל קרוס כבל תחתון,compound,,yes,yes
pg_לחיצת_חזה_בעמידה_כנגד_כייבל_קרוס_כבל_אליון_13,pg,chest,Chest,Грудь,חזה,cable,Standing chest press against cable cross high cable,Жим стоя на верхнем тросе кроссовера,לחיצת חזה בעמידה כנגד כייבל קרוס כבל אליון,compound,,yes,yes
pg_לחיצת_חזה_בהטיית_גוף_כנגד_כייבל_קרוס_כבל_עליון_14,pg,chest,Chest,Грудь,חזה,cable,Incline chest press against cable cross high cable,Жим в наклоне на верхнем тросе кроссовера,לחיצת חזה בהטיית גוף כנגד כייבל קרוס כבל עליון,compound,,yes,yes
pg_לחיצת_חזה_בעמידה_כנגד_כייבל_קרוס_כבל_אליון_בגובע_ח_15,pg,chest,Chest,Грудь,חזה,cable,Standing chest press against cable cross high cable at chest height,Жим стоя на верхнем тросе кроссовера в верхней точке,לחיצת חזה בעמידה כנגד כייבל קרוס כבל אליון בגובע חזה,compound,,yes,yes
pg_לחיצת_חזה_בעתיית_גוף_כנגד_כייבל_קרוס_כבל_אליון_16,pg,chest,Chest,Грудь,חזה,cable,Cable Crossover Chest Press (Low to High),Жим лежа на нижнем блоке кроссовера,לחיצת חזה בעתיית גוף כנגד כייבל קרוס כבל אליון,compound,,yes,yes
pg_פרפר_בשכיבה_כנגד_קרוסאוור_17,pg,chest,Chest,Грудь,חזה,cable,Lying Dumbbell Fly on Cable Machine,Махи в стороны лежа на блоке,פרפר בשכיבה כנגד קרוסאוור,isolation,,yes,yes
pg_לחיצת_חזה_בעמידה_כנגד_פולי_תחטון_כל_יד_בנפרד_18,pg,chest,Chest,Грудь,חזה,cable,Standing Cable Chest Press (High Pulley) (One Arm at a Time),Жим стоя на верхнем блоке (каждой рукой отдельно),לחיצת חזה בעמידה כנגד פולי תחטון (כל יד בנפרד),compound,,yes,yes
pg_לחיצת_חזה_בעמידה_כנגד_פולי_אמצעי_כל_יד_בנפרד_20,pg,chest,Chest,Грудь,חזה,cable,Standing cable chest press (each arm separately),Жим гантелей стоя на средний блок (каждой рукой поочередно),לחיצת חזה בעמידה כנגד פולי אמצעי (כל יד בנפרד),compound,,yes,yes
pg_פרפר_בעמידה_כנגד_כייבל_קרוס_כבל_תחתון_21,pg,chest,Chest,Грудь,חזה,cable,Standing cable fly (low cable),Бабочка стоя на нижний блок кроссовера,פרפר בעמידה כנגד כייבל קרוס כבל תחתון,isolation,,yes,yes
pg_פרפר_בעמידה_כנגד_כייבל_קרוס_כבל_עליון_22,pg,chest,Chest,Грудь,חזה,cable,Standing cable fly (high cable),Бабочка стоя на верхний блок кроссовера,פרפר בעמידה כנגד כייבל קרוס כבל עליון,isolation,,yes,yes
pg_פרפר_בעמידה_כנגד_כייבל_קרוס_כבל_אמצעי_23,pg,chest,Chest,Грудь,חזה,cable,Standing cable fly (mid cable),Бабочка стоя на средний блок кроссовера,פרפר בעמידה כנגד כייבל קרוס כבל אמצעי,isolation,,yes,yes
pg_פרפר_בשכיבה_בשיפוע_שלילי_כנגד_קרוסאוור_כבל_תחתון_24,pg,chest,Chest,Грудь,חזה,cable,Incline decline cable fly (low cable),Бабочка на наклонной скамье с отрицательным углом на нижний блок кроссовера,פרפר בשכיבה בשיפוע שלילי כנגד קרוסאוור כבל תחתון,isolation,,yes,yes
pg_לחיצת_חזה_בשכיבה_כנגד_מוט_25,pg,chest,Chest,Грудь,חזה,barbell,Flat Barbell Bench Press,Жим лежа на горизонтальной скамье со штангой,לחיצת חזה בשכיבה כנגד מוט,compound,,yes,yes
pg_לחיצת_חזה_בשכיבה_כנגד_מוט_החיזה_צרה_נגיעה_עם_בהונו_28,pg,chest,Chest,Грудь,חזה,barbell,Close-Grip Flat Barbell Bench Press (finger touch),Жим лежа на горизонтальной скамье со штангой узким хватом (касание пальцами),לחיצת חזה בשכיבה כנגד מוט החיזה צרה (נגיעה עם בהונות),compound,,yes,yes
pg_לחיצת_חזה_בשכיבה_שיפוע_חיובי_כנגד_מוט_החיזה_צרה_נג_29,pg,chest,Chest,Грудь,חזה,barbell,Close-Grip Incline Barbell Bench Press (finger touch),Жим лежа на наклонной скамье со штангой узким хватом (касание пальцами),"לחיצת חזה בשכיבה, שיפוע חיובי כנגד מוט החיזה צרה (נגיעה עם בהונות)",compound,,yes,yes
pg_לחיצת_חזה_בשכיבה_שיפוע_שלילי_כנגד_מוט_החיזה_צרה_נג_30,pg,chest,Chest,Грудь,חזה,barbell,Incline bench press narrow grip (touch with fingertips),Жим леж узким хватом на наклонной скамье вниз (касание пальцами),לחיצת חזה בשכיבה שיפוע שלילי כנגד מוט החיזה צרה (נגיעה עם בהונות),compound,,yes,yes
pg_לחיצת_חזה_בשכיבה_כנגד_סמית_משין_31,pg,chest,Chest,Грудь,חזה,machine,Bench press on Smith machine,Жим лежа на скамье Смита,לחיצת חזה בשכיבה כנגד סמית' משין,compound,,yes,yes
pg_לחיצת_חזה_בשכיבה_שיפוע_חיובי_כנגד_סמית_משין_32,pg,chest,Chest,Грудь,חזה,machine,Incline bench press on Smith machine,Жим лежа на наклонной скамье на машине Смита,"לחיצת חזה בשכיבה, שיפוע חיובי כנגד סמית' משין",compound,,yes,yes
pg_לחיצת_חזה_בשכיבה_שיפוע_שלילי_כנגד_סמית_משין_33,pg,chest,Chest,Грудь,חזה,machine,Decline bench press on Smith machine,Жим лежа на скамье с отрицательным наклоном на машине Смита,"לחיצת חזה בשכיבה, שיפוע שלילי  כנגד סמית' משין",compound,,yes,yes
pg_לחיצת_חזה_בישיבה_כנגד_מכונה_שיפוע_תחתונה_34,pg,chest,Chest,Грудь,חזה,machine,Seated press on lower incline,Жим сидя на нижнем наклоне,"לחיצת חזה בישיבה כנגד מכונה, שיפוע תחתונה",compound,,yes,yes
pg_לחיצת_חזה_בישיבה_שיפוע_אמצעי_כנגד_מכונה_35,pg,chest,Chest,Грудь,חזה,machine,Seated chest press on incline machine,Жим сидя на наклонной скамье в тренажере,"לחיצת חזה בישיבה, שיפוע אמצעי כנגד מכונה",compound,,yes,yes
pg_פרפר_בישיבה_כנגד_מכונה_36,pg,chest,Chest,Грудь,חזה,machine,Seated butterfly machine,Бабочка сидя в тренажере,פרפר בישיבה כנגד מכונה,isolation,,yes,yes
pg_פרפר_בישיבה_כנגד_מכונה_בעתייה_קדימה_37,pg,chest,Chest,Грудь,חזה,machine,Seated butterfly machine with forward lean,Бабочка сидя в тренажере с упором вперед,פרפר בישיבה כנגד מכונה בעתייה קדימה,isolation,,yes,yes
pg_שכיבות_סמיכה_38,pg,chest,Chest,Грудь,חזה,bodyweight,Dips,Отжимания на брусьях,שכיבות סמיכה,compound,,yes,yes
pg_שכיבות_שמיחה_רגליים_על_הספה_39,pg,chest,Chest,Грудь,חזה,bodyweight,Push-ups with feet on the sofa,Отжимания с ногами на диване,שכיבות שמיחה רגליים על הספה,compound,,yes,yes
pg_שכיבות_שמיחה_ידיים_על_הספה_40,pg,chest,Chest,Грудь,חזה,bodyweight,Couch push-ups,Отжимания на диване,שכיבות שמיחה ידיים על הספה,compound,,yes,yes
pg_שכיבות_סמיכה_ידיים_על_הפיטבול_רגליים_על_הספה_41,pg,chest,Chest,Грудь,חזה,bodyweight,"Incline push-ups on a stability ball, feet on the couch","Отжимания на фитболе, ноги на диване","שכיבות סמיכה ידיים על הפיטבול, רגליים על הספה",compound,,yes,yes
pg_שכיבות_שמיחה_רגליים_על_הפיטבול_42,pg,chest,Chest,Грудь,חזה,bodyweight,Decline push-ups on a stability ball,"Отжимания на фитболе, ноги на фитболе",שכיבות שמיחה רגליים על הפיטבול,compound,,yes,yes
pg_שכיבות_שמיחה_ידיים_על_הפיטבול_43,pg,chest,Chest,Грудь,חזה,bodyweight,Push-ups on a stability ball,Отжимания на фитболе,שכיבות שמיחה ידיים על הפיטבול,compound,,yes,yes
pg_מקבילים_רחב_45,pg,back,Back,Спина,גב,bodyweight,Wide Grip Pull-up,Широкий хват,מקבילים רחב,compound,,yes,yes
pg_חתירה_בשכיבה_על_הבטן_שיפוע_קל_כנגד_משקולות_46,pg,back,Back,Спина,גב,dumbbells,Incline Dumbbell Row,Горизонтальная тяга лёжа на наклонной скамье с гантелью,חתירה בשכיבה על הבטן שיפוע קל כנגד משקולות,isolation,,yes,yes
pg_פשיטת_כתף_בשכיבה_כנגד_משקולת_47,pg,shoulders,Shoulders,Плечи,כתפיים,dumbbells,Lying Dumbbell Shoulder Press,Подъём гантели на плечи лёжа,פשיטת כתף בשכיבה כנגד משקולת,isolation,,yes,yes
pg_חתירה_בהטיית_גוף_כנגד_משקולת_כל_יד_בנפרד_48,pg,back,Back,Спина,גב,dumbbells,Bent-Over Dumbbell Row (One Arm),Тяга в наклоне с гантелью поочерёдно,חתירה בהטיית גוף כנגד משקולת כל יד בנפרד,isolation,,yes,yes
pg_פשיטת_כתף_בשכיבה_בשיפוע_שלילי_כנגד_משקולת_49,pg,shoulders,Shoulders,Плечи,כתפיים,dumbbells,Decline Dumbbell Shoulder Press,Подъём гантели на плечи лёжа на наклонной скамье вниз,פשיטת כתף בשכיבה בשיפוע שלילי כנגד משקולת,isolation,,yes,yes
pg_חתירה_בישיבה_בהתיית_גוף_לפנים_כנגד_משקולות_50,pg,back,Back,Спина,גב,dumbbells,Seated row with body forward and dumbbells,"Гребля сидя, наклон корпуса вперед с гантелями",חתירה בישיבה בהתיית גוף לפנים כנגד משקולות,isolation,,yes,yes
pg_פשיטת_כתף_בשכיבה_על_fitball_כנגד_משקולת_51,pg,shoulders,Shoulders,Плечи,כתפיים,dumbbells,Dumbbell shoulder press on a FITBALL,Подъем плеч лежа на фитболе с гантелью,פשיטת כתף בשכיבה על FITBALL כנגד משקולת,isolation,,yes,yes
pg_משיכה_בישיבה_כנגד_פולי_עליון_באחיזה_צרהרחבה_לחזה_52,pg,back,Back,Спина,גב,cable,Seated pull to the upper pulley with a narrow/wide grip to the chest,Тяга сидя к верхнему блоку узким/широким хватом к груди,משיכה בישיבה כנגד פולי עליון באחיזה צרה\רחבה  לחזה,isolation,,yes,yes
pg_חתירה_בשכיבה_על_הגב_כנגד_פולי_עליון_רחב_צר_יד_יד_53,pg,back,Back,Спина,גב,cable,Lying row to the upper pulley with a wide/narrow/hand-to-hand grip,Гребля лежа на спине к верхнему блоку широким/узким/нейтральным хватом,חתירה בשכיבה על הגב כנגד פולי עליון רחב \ צר \ יד-יד,compound,,yes,yes
pg_פשיטת_כתף_בעמידה_כנגד_פולי_עליון_פנים_לפולי_גב_לפו_54,pg,shoulders,Shoulders,Плечи,כתפיים,cable,Standing shoulder press to the upper pulley facing the pulley/away from the pulley,Подъем плеч стоя к верхнему блоку лицом/спиной к блоку,פשיטת כתף בעמידה כנגד פולי עליון  פנים לפולי \ גב לפולי,compound,,yes,yes
pg_משיכה_בישיבה_כנגד_פולי_עליון_באחיזה_צרהרחבה_לחזה_א_55,pg,back,Back,Спина,גב,cable,Seated cable row to upper chest with narrow/wide grip reverse grip,Тяга в сидении к верхнему блоку узким/широким хватом к груди обратным хватом,משיכה בישיבה כנגד פולי עליון באחיזה צרה\רחבה  לחזה אחיזה הפוכה,compound,,yes,yes
pg_חתירה_בהטיית_גוף_כנגד_פולי_תחתון_56,pg,back,Back,Спина,גב,cable,Cable row with body lean to low pulley,Гребля с наклоном тела к нижнему блоку,חתירה בהטיית גוף כנגד פולי תחתון,compound,,yes,yes
pg_פשיטת_כתף_בשכיבה_כנגד_פולי_שיפועים_שונים_57,pg,chest,Chest,Грудь,חזה,cable,Incline dumbbell fly (various inclines),Разводка гантелей лежа на наклонной скамье (разные углы),פשיטת כתף בשכיבה כנגד פולי (שיפועים שונים),isolation,,yes,yes
pg_משיכה_בישיבה_כנגד_פולי_עליון_באחיזה_רחבה_לעורף_58,pg,back,Back,Спина,גב,cable,Seated cable row to upper chest with wide grip to the back of the neck,Тяга в сидении к верхнему блоку широким хватом к затылку,משיכה בישיבה כנגד פולי עליון באחיזה רחבה לעורף,compound,,yes,yes
pg_חתירה_בעמידה_על_בוסו_כנגד_פולי_תחתון_59,pg,back,Back,Спина,גב,cable,Standing row on BOSU against low pulley,Гребля в стойке на BOSU против нижнего блока,חתירה בעמידה על בוסו כנגד פולי תחתון,compound,,yes,yes
pg_פשיטת_כתף_בשכיבה_בשיפוע_שלילי_כנגד_פולי_שיפועים_שו_60,pg,shoulders,Shoulders,Плечи,כתפיים,cable,Seated shoulder press on incline bench against pulley (different inclines),Подъем плеч в лежании на наклонной скамье против блока (разные наклоны),פשיטת כתף בשכיבה בשיפוע שלילי כנגד פולי (שיפועים שונים),compound,,yes,yes
pg_משיכה_בישיבה_כנגד_פולי_עליון_יד_יד_61,pg,back,Back,Спина,גב,cable,"Seated cable row with upper pulley, both hands",Тяга сидя верхнего блока двумя руками,משיכה בישיבה כנגד פולי עליון יד יד,compound,,yes,yes
pg_חתירה_בישיבה_כנגד_פולי_מול_בטן_באחיזה_רחבה_צרה_ידי_62,pg,back,Back,Спина,גב,cable,Seated row against cable on stomach (wide \ narrow grip) (hands together or one at a time),Гребля сидя против блока на животе (хват широкий \ узкий) (руки вместе или по одной),חתירה בישיבה כנגד פולי מול בטן באחיזה (רחבה \ צרה) (ידיים ביחד או יד אחת בנפרד),compound,,yes,yes
pg_פשיטת_כתף_בשכיבה_על_fitball_כנגד_פולי_שיפועים_שוני_63,pg,shoulders,Shoulders,Плечи,כתפיים,cable,Lying shoulder press on FITBALL against pulley (different inclines),Подъем плеч в лежании на фитболе против блока (разные наклоны),פשיטת כתף בשכיבה על FITBALL כנגד פולי (שיפועים שונים),compound,,yes,yes
pg_קירוב_כתף_בישיבה_בעמידה_על_ברכיים_כנגד_קרוסוור_פול_64,pg,legs,Legs,Ноги,רגליים,cable,Shoulder adduction in sitting/kneeling position against upper crossover band,Приведение плеч в сидящем/коленно-локтевом положении против верхнего кроссовер-эспандера,קירוב כתף בישיבה / בעמידה על ברכיים כנגד קרוסוור פולי עליון,isolation,,yes,yes
pg_חתירה_בשכיבה_על_הבטן_שיפוע_קל_כנגד_מוט_65,pg,back,Back,Спина,גב,barbell,Incline row on abs with slight incline against barbell,Тяга в наклоне на пресс с легким уклоном против штанги,חתירה בשכיבה על הבטן שיפוע קל כנגד  מוט,compound,,yes,yes
pg_פשיטת_כתף_בשכיבה_כנגד_מוט_w_h_66,pg,shoulders,Shoulders,Плечи,כתפיים,barbell,Lying shoulder abduction against barbell W/H,Отведение плеч в лежании против штанги W/H,פשיטת כתף בשכיבה כנגד מוט W \ H,compound,,yes,yes
pg_חתירה_בהטיית_גוף_כנגד_מוט_67,pg,back,Back,Спина,גב,barbell,Bent-over row against barbell,Тяга в наклоне корпуса против штанги,חתירה בהטיית גוף כנגד מוט,compound,,yes,yes
pg_פשיטת_כתף_בשכיבה_בשיפוע_שלילי_כנגד_מוט_w_h_68,pg,shoulders,Shoulders,Плечи,כתפיים,barbell,Lying shoulder abduction on incline against barbell W/H,Отведение плеч в лежании на наклонной поверхности против штанги W/H,פשיטת כתף בשכיבה בשיפוע שלילי כנגד מוט W \ H,compound,,yes,yes
pg_מתח_בגרביטרון_באחיזה_רחבהצרה_69,pg,back,Back,Спина,גב,barbell,Pull-up on gravitron with wide\narrow grip,Подтягивания на гравитроне широким\узким хватом,מתח בגרביטרון באחיזה רחבה\צרה,compound,,yes,yes
pg_חתירה_בישיבה_כנגד_מכונה_באחיזה_רחבה_צרה_70,pg,back,Back,Спина,גב,barbell,Seated row on machine with wide\narrow grip,Тяга сидя на тренажере широким\узким хватом,חתירה בישיבה כנגד מכונה  באחיזה רחבה \ צרה,compound,,yes,yes
pg_פשיטת_כתפיים_על_מתח_כנגד_משקל_גוף_עם_גומיה_71,pg,stretching,Stretching,Растяжка,מתיחות,barbell,Shoulder stretch on bar with resistance band,Разведение плеч на турнике с эспандером,פשיטת כתפיים על מתח כנגד משקל גוף עם גומיה,isolation,,yes,yes
pg_משיכה_בישיבה_כנגד_מכונה_באחיזה_צרהרחבה_לחזה_72,pg,back,Back,Спина,גב,barbell,Seated row on machine with narrow\wide grip to chest,Тяга сидя на тренажере узким\широким хватом к груди,משיכה בישיבה כנגד מכונה באחיזה צרה\רחבה לחזה,compound,,yes,yes
pg_פשיטת_כתפיים_עם_גלגל_ידני_עם_גב_ישר_73,pg,stretching,Stretching,Растяжка,מתיחות,barbell,"Shoulder stretch with manual wheel, back straight","Разведение плеч с ручным эспандером, спина прямая",פשיטת כתפיים עם גלגל ידני עם גב ישר,isolation,,yes,yes
pg_טרפזים_74,pg,back,Back,Спина,גב,barbell,Pull-ups:,Подтягивания на перекладине:,טרפזים:,compound,,yes,yes
pg_הרמת_כתף_בעמידה_כנגד_smit_mashine_מקדימהמאחורה_צרר_75,pg,back,Back,Спина,גב,barbell,"Shoulder shrug standing on Smith machine, forward\backward narrow\wide grip","Подъем плеч стоя на тренажере Смита, хват вперед\назад узкий\широкий",הרמת כתף בעמידה כנגד smit mashine מקדימה\מאחורה צר\רחב,isolation,,yes,yes
pg_הרמת_כתף_בעמידה_כנגד_משקולות_76,pg,back,Back,Спина,גב,barbell,Shoulder shrug standing with dumbbells,Подъем плеч стоя с гантелями,הרמת כתף בעמידה כנגד משקולות,isolation,,yes,yes
pg_מתח_באחיזה_רחבהצרה_שורש_כף_היד_כלפי_חוץ_או_פנים_הג_77,pg,back,Back,Спина,גב,barbell,Pull-up with wide\narrow grip (palms facing out\in),Подтягивания широким\узким хватом (ладони наружу\внутрь),מתח באחיזה רחבה\צרה (שורש כף היד כלפי חוץ או פנים הגוף),compound,,yes,yes
pg_חתירה_כנגד_משקל_גוף_ב_smit_machine_78,pg,back,Back,Спина,גב,barbell,Rowing against body weight on SMITH MACHINE,Гребля на тренажере Смита с собственным весом,חתירה כנגד משקל גוף ב SMIT MACHINE,compound,,yes,yes
pg_הרמת_כתף_בעמידה_כנגד_מוטפולי_תחתון_צררחב_מקדימהמאח_79,pg,shoulders,Shoulders,Плечи,כתפיים,barbell,"Shoulder press standing with barbell\dumbbells, narrow\wide grip, forward\backward","Подъем плеч стоя со штангой\гантелями, узким\широким хватом, вперед\назад",הרמת כתף בעמידה כנגד מוט\פולי תחתון צר\רחב  מקדימה\מאחורה,compound,,yes,yes
pg_מתח_באחיזה_רחבהצרה_כל_יד_באחיזה_שונה_80,pg,back,Back,Спина,גב,barbell,Pull-up with wide\narrow grip (each hand with a different grip),Подтягивания широким\узким хватом (каждая рука своим хватом),מתח באחיזה רחבה\צרה (כל יד באחיזה שונה),compound,,yes,yes
pg_חתירה_כנגד_משקל_גוף_ב_trx_81,pg,back,Back,Спина,גב,barbell,Rowing against body weight in TRX,Гребля на собственном весе в TRX,חתירה כנגד משקל גוף ב TRX,compound,,yes,yes
pg_קירוב_שכמות_בישיבה_כנגד_t_bar_82,pg,legs,Legs,Ноги,רגליים,cable,Seated shoulder adduction on T-bar machine,Сведение плеч сидя на тренажере T-bar,קירוב שכמות בישיבה כנגד t-bar,isolation,,yes,yes
pg_יד_קדמית_83,pg,elbow_flexors,Elbow Flexors,Сгибатели локтя,כופפי מרפק,other,Front hand:,Передняя рука:,יד קדמית:,isolation,,yes,yes
pg_כפיפת_מרפקים_בעמידה_בישיבה_כנגד_משקולות_84,pg,elbow_flexors,Elbow Flexors,Сгибатели локтя,כופפי מרפק,dumbbells,Standing / Seated Dumbbell Bicep Curl,Сгибание рук в упоре стоя / сидя с гантелями,כפיפת מרפקים בעמידה \ בישיבה כנגד משקולות,isolation,,yes,yes
pg_כפיפת_מרפקים_בעמידה_בישיבה_כנגד_משקולות_באחיזה_פטי_85,pg,elbow_flexors,Elbow Flexors,Сгибатели локтя,כופפי מרפק,dumbbells,Standing / Seated Dumbbell Hammer Curl,Сгибание рук в упоре стоя / сидя с гантелями в молотковом хвате,כפיפת מרפקים בעמידה \ בישיבה כנגד משקולות באחיזה פטישים,isolation,,yes,yes
pg_כפיפת_מרפקים_בעמידה_בישיבה_כנגד_משקולות_באחיזה_עלי_86,pg,elbow_flexors,Elbow Flexors,Сгибатели локтя,כופפי מרפק,dumbbells,Standing / Seated Dumbbell Reverse Curl,Сгибание рук в упоре стоя / сидя с гантелями обратным хватом,כפיפת מרפקים בעמידה \ בישיבה כנגד משקולות באחיזה עלית,isolation,,yes,yes
pg_כפיפת_מרפקים_בעמידה_בישיבה_כנגד_משקולות_יד_יד_87,pg,elbow_flexors,Elbow Flexors,Сгибатели локтя,כופפי מרפק,dumbbells,Standing / Seated Dumbbell Concentration Curl,Сгибание рук в упоре стоя / сидя с гантелями на бицепс,כפיפת מרפקים בעמידה \ בישיבה כנגד משקולות יד יד,isolation,,yes,yes
pg_כפיפת_מרפקים_בעמידה_בישיבה_כנגד_משקולות_יד_יד_באחי_88,pg,elbow_flexors,Elbow Flexors,Сгибатели локтя,כופפי מרפק,dumbbells,Standing / Seated Dumbbell Concentration Hammer Curl,Сгибание рук в упоре стоя / сидя с гантелями на бицепс в молотковом хвате,כפיפת מרפקים בעמידה \ בישיבה כנגד משקולות יד יד באחיזה פטישים,isolation,,yes,yes
pg_כפיפת_מרפקים_בעמידה_בישיבה_כנגד_משקולות_יד_יד_באחי_89,pg,elbow_flexors,Elbow Flexors,Сгибатели локтя,כופפי מרפק,dumbbells,Standing / Seated Dumbbell Concentration Reverse Curl,Сгибание рук в упоре стоя / сидя с гантелями на бицепс обратным хватом,כפיפת מרפקים בעמידה \ בישיבה כנגד משקולות יד יד באחיזה עלית,isolation,,yes,yes
pg_כפיפת_מרפקים_בעמידה_התייה_לפנים_כנגד_משקולות_90,pg,elbow_flexors,Elbow Flexors,Сгибатели локтя,כופפי מרפק,dumbbells,Standing Dumbbell Zottman Curl,Сгибание рук в упоре стоя (предплечья внутрь) с гантелями,כפיפת מרפקים בעמידה (התייה לפנים) כנגד משקולות,isolation,,yes,yes
pg_כפיפת_מרפקים_בעמידה_התייה_לפנים_כנגד_משקולות_באחיז_91,pg,elbow_flexors,Elbow Flexors,Сгибатели локтя,כופפי מרפק,dumbbells,Standing Dumbbell Zottman Hammer Curl,Сгибание рук в упоре стоя (предплечья внутрь) с гантелями в молотковом хвате,כפיפת מרפקים בעמידה (התייה לפנים) כנגד משקולות באחיזה פטישים,isolation,,yes,yes
pg_כפיפת_מרפקים_בעמידה_התייה_לפנים_כנגד_משקולות_באחיז_92,pg,triceps,Triceps,Разгибатели локтя,פושטי מרפק,dumbbells,Parallel Bar Dips (Elbows Forward) with Dumbbells in Neutral Grip,Сгибание рук в упоре на брусьях (с разведением локтей вперед) с гантлями в нейтральном хвате,כפיפת מרפקים בעמידה (התייה לפנים) כנגד משקולות באחיזה עלית,compound,,yes,yes
pg_כפיפת_מרפקים_בישיבה_60_מעלות_כנגד_משקולות_93,pg,elbow_flexors,Elbow Flexors,Сгибатели локтя,כופפי מרפק,dumbbells,Seated 60-Degree Dumbbell Curls,Сгибание рук сидя под углом 60 градусов с гантлями,כפיפת מרפקים בישיבה 60 מעלות כנגד משקולות,isolation,,yes,yes
pg_כפיפת_מרפקים_בישיבה_60_מעלות_כנגד_משקולות_באחיזה_פ_94,pg,elbow_flexors,Elbow Flexors,Сгибатели локтя,כופפי מרפק,dumbbells,Seated 60-Degree Dumbbell Curls in Hammer Grip,"Сгибание рук сидя под углом 60 градусов с гантлями в ""молотковом"" хвате",כפיפת מרפקים בישיבה 60 מעלות כנגד משקולות באחיזה פטישים,isolation,,yes,yes
pg_כפיפת_מרפקים_בישיבה_60_מעלות_כנגד_משקולות_באחיזה_ע_95,pg,elbow_flexors,Elbow Flexors,Сгибатели локтя,כופפי מרפק,dumbbells,Seated 60-Degree Dumbbell Curls in Reverse Grip,Сгибание рук сидя под углом 60 градусов с гантлями в обратном хвате,כפיפת מרפקים בישיבה 60 מעלות כנגד משקולות באחיזה עלית,isolation,,yes,yes
pg_כפיפת_מרפקים_בישיבה_60_מעלות_כנגד_משקולות_יד_יד_96,pg,elbow_flexors,Elbow Flexors,Сгибатели локтя,כופפי מרפק,dumbbells,"Seated 60-Degree Dumbbell Curls ""Hand to Hand""","Сгибание рук сидя под углом 60 градусов с гантлями ""рука к руку""",כפיפת מרפקים בישיבה 60 מעלות כנגד משקולות יד יד,isolation,,yes,yes
pg_כפיפת_מרפקים_בישיבה_60_מעלות_כנגד_משקולות_יד_יד_בא_97,pg,elbow_flexors,Elbow Flexors,Сгибатели локтя,כופפי מרפק,dumbbells,"Seated 60-Degree Dumbbell Curls ""Hand to Hand"" in Hammer Grip","Сгибание рук сидя под углом 60 градусов с гантлями ""рука к руку"" в ""молотковом"" хвате",כפיפת מרפקים בישיבה 60 מעלות כנגד משקולות יד יד באחיזה פטישים,isolation,,yes,yes
pg_כפיפת_מרפקים_בישיבה_60_מעלות_כנגד_משקולות_יד_יד_בא_98,pg,elbow_flexors,Elbow Flexors,Сгибатели локтя,כופפי מרפק,dumbbells,"Seated 60-Degree Dumbbell Curls ""Hand to Hand"" in Reverse Grip","Сгибание рук сидя под углом 60 градусов с гантлями ""рука к руку"" в обратном хвате",כפיפת מרפקים בישיבה 60 מעלות כנגד משקולות יד יד באחיזה עלית,isolation,,yes,yes
pg_כפיפת_מרפקים_בעמידה_כנגד_משקולות_יד_יד_ביחד_לסירוג_99,pg,triceps,Triceps,Разгибатели локтя,פושטי מרפק,dumbbells,"Parallel Bar Dips with Dumbbells ""Hand to Hand"" Together / Alternately","Сгибание рук в упоре на брусьях с гантлями ""рука к руку"" вместе / поочередно",כפיפת מרפקים בעמידה כנגד משקולות יד-יד ביחד / לסירוגין,compound,,yes,yes
pg_כפיפת_מרפקים_בעמידה_כנגד_משקולות_יד_יד_ביחד_לסירוג_100,pg,elbow_flexors,Elbow Flexors,Сгибатели локтя,כופפי מרפק,dumbbells,Standing Dumbbell Hammer Curl / Alternating Hammer Grip,"Сгибание рук на бицепс стоя со штангой хватом молот / попеременно хватом ""молот""",כפיפת מרפקים בעמידה כנגד משקולות יד-יד ביחד / לסירוגין באחיזה פטישים,isolation,,yes,yes
pg_כפיפת_מרפקים_בעמידה_כנגד_משקולות_יד_יד_ביחד_לסירוג_101,pg,elbow_flexors,Elbow Flexors,Сгибатели локтя,כופפי מרפק,dumbbells,Standing Dumbbell Curl Overhand Grip,Сгибание рук на бицепс стоя со штангой хватом сверху,כפיפת מרפקים בעמידה כנגד משקולות יד-יד ביחד / לסירוגין באחיזה עלית,isolation,,yes,yes
pg_כפיפת_מרפקים_בשכיבה_על_הבטן15_60_מעלות_מעלות_כנגד__102,pg,elbow_flexors,Elbow Flexors,Сгибатели локтя,כופפי מרפק,dumbbells,Incline Dumbbell Curl (15-60 degrees),Сгибание рук на бицепс лежа на наклонной скамье (15-60 градусов) со штангой,כפיפת מרפקים בשכיבה על הבטן(15-60 מעלות מעלות) כנגד משקולות,isolation,,yes,yes
pg_כפיפת_מרפקים_בשכיבה_על_הבטן15_60_מעלות_מעלות_כנגד__103,pg,elbow_flexors,Elbow Flexors,Сгибатели локтя,כופפי מרפק,dumbbells,Incline Dumbbell Curl (15-60 degrees) with Hammer Grip,"Сгибание рук на бицепс лежа на наклонной скамье (15-60 градусов) со штангой хватом ""молот""",כפיפת מרפקים בשכיבה על הבטן(15-60 מעלות מעלות) כנגד משקולות באחיזה פטישים,isolation,,yes,yes
pg_כפיפת_מרפקים_בשכיבה_על_הבטן15_60_מעלות_מעלות_כנגד__104,pg,elbow_flexors,Elbow Flexors,Сгибатели локтя,כופפי מרפק,dumbbells,Incline Dumbbell Curl (15-60 degrees) with Overhand Grip,Сгибание рук на бицепс лежа на наклонной скамье (15-60 градусов) со штангой хватом сверху,כפיפת מרפקים בשכיבה על הבטן(15-60 מעלות מעלות) כנגד משקולות באחיזה עלית,isolation,,yes,yes
pg_כפיפת_מרפקים_בישיבה_בכיסא_כומר_כנגד_משקולות_2_ידים_105,pg,elbow_flexors,Elbow Flexors,Сгибатели локтя,כופפי מרפק,dumbbells,"Preacher Curl with Dumbbells, both hands / alternating",Сгибание рук на бицепс сидя на скамье Скотта со штангой двумя руками / каждой рукой по отдельности,כפיפת מרפקים בישיבה בכיסא כומר כנגד משקולות 2 ידים / כל יד בנפרד,isolation,,yes,yes
pg_כפיפת_מרפקים_בישיבה_בכיסא_כומר_כנגד_משקולות_2_ידים_106,pg,elbow_flexors,Elbow Flexors,Сгибатели локтя,כופפי מרפק,dumbbells,"Preacher Curl with Dumbbells, both hands / alternating with Hammer Grip","Сгибание рук на бицепс сидя на скамье Скотта со штангой двумя руками / каждой рукой по отдельности хватом ""молот""",כפיפת מרפקים בישיבה בכיסא כומר כנגד משקולות 2 ידים / כל יד בנפרד באחיזה פטישים,isolation,,yes,yes
pg_כפיפת_מרפקים_בישיבה_בכיסא_כומר_כנגד_משקולות_2_ידים_107,pg,elbow_flexors,Elbow Flexors,Сгибатели локтя,כופפי מרפק,dumbbells,"Preacher Curl with Dumbbells, both hands / alternating with Overhand Grip",Сгибание рук на бицепс сидя на скамье Скотта со штангой двумя руками / каждой рукой по отдельности хватом сверху,כפיפת מרפקים בישיבה בכיסא כומר כנגד משקולות 2 ידים / כל יד בנפרד באחיזה עלית,isolation,,yes,yes
pg_כפיפת_מרפקים_בישיבה_בהישענות_עם_המרפק_בחלק_הפנימי__108,pg,legs,Legs,Ноги,רגליים,dumbbells,Seated dumbbell curl with elbow resting on inner thigh,Сгибание рук на бицепс сидя с упором локтем на внутреннюю часть бедра с гантелью,כפיפת מרפקים בישיבה בהישענות עם המרפק בחלק הפנימי של הירך כנגד משקולת,isolation,,yes,yes
pg_כפיפת_מרפקים_בישיבה_בהישענות_עם_המרפק_בחלק_הפנימי__109,pg,legs,Legs,Ноги,רגליים,dumbbells,Seated dumbbell hammer curl with elbow resting on inner thigh,"Сгибание рук на бицепс сидя с упором локтем на внутреннюю часть бедра с гантелью в хвате ""молот""",כפיפת מרפקים בישיבה בהישענות עם המרפק בחלק הפנימי של הירך כנגד משקולת באחיזה פטישים,isolation,,yes,yes
pg_כפיפת_מרפקים_בישיבה_בהישענות_עם_המרפק_בחלק_הפנימי__110,pg,legs,Legs,Ноги,רגליים,dumbbells,Seated dumbbell reverse curl with elbow resting on inner thigh,Сгибание рук на бицепс сидя с упором локтем на внутреннюю часть бедра с гантелью в обратном хвате,כפיפת מרפקים בישיבה בהישענות עם המרפק בחלק הפנימי של הירך כנגד משקולת באחיזה עלית,isolation,,yes,yes
pg_כפיפת_מרפקים_בעמידה_כנגד_משקולות_ח_777_111,pg,elbow_flexors,Elbow Flexors,Сгибатели локтя,כופפי מרפק,dumbbells,Standing dumbbell curl 7+7+7 kg,Сгибание рук на бицепс стоя с гантелями 7+7+7 кг,כפיפת מרפקים בעמידה כנגד משקולות ח 7+7+7,isolation,,yes,yes
pg_כפיפת_מרפקים_בעמידה_כנגד_משקולות_ח_777_באחיזה_פטיש_112,pg,elbow_flexors,Elbow Flexors,Сгибатели локтя,כופפי מרפק,dumbbells,Standing dumbbell hammer curl 7+7+7 kg,"Сгибание рук на бицепс стоя с гантелями 7+7+7 кг в хвате ""молот""",כפיפת מרפקים בעמידה כנגד משקולות ח 7+7+7 באחיזה פטישים,isolation,,yes,yes
pg_כפיפת_מרפקים_בעמידה_כנגד_משקולות_ח_777_באחיזה_עלית_113,pg,forearms,Forearms,Предплечья,אמות,dumbbells,Standing dumbbell reverse curl 7+7+7 kg,Сгибание рук на бицепс стоя с гантелями 7+7+7 кг в обратном хвате,כפיפת מרפקים בעמידה כנגד משקולות ח 7+7+7 באחיזה עלית,isolation,,yes,yes
pg_כפיפת_מרפקים_בעמידה_כנגד_פולי_תחתון_114,pg,elbow_flexors,Elbow Flexors,Сгибатели локтя,כופפי מרפק,cable,Standing cable curl with low pulley,Сгибание рук на бицепс стоя с нижним блоком,כפיפת מרפקים בעמידה כנגד פולי תחתון,isolation,,yes,yes
pg_כפיפת_מרפקים_בעמידה_כנגד_פולי_תחתון_עם_חבל_115,pg,elbow_flexors,Elbow Flexors,Сгибатели локтя,כופפי מרפק,cable,Standing cable curl with low pulley using rope,Сгибание рук на бицепс стоя с нижним блоком со скакалкой,כפיפת מרפקים בעמידה כנגד פולי תחתון עם חבל,isolation,,yes,yes
pg_כפיפת_מרפקים_בעמידה_כנגד_פולי_תחתון_באחיזה_עלית_116,pg,triceps,Triceps,Разгибатели локтя,פושטי מרפק,cable,Standing overhead cable triceps extension with low pulley,Сгибание рук в упоре стоя с нижним блоком верхним хватом,כפיפת מרפקים בעמידה כנגד פולי תחתון באחיזה עלית,isolation,,yes,yes
pg_כפיפת_מרפקים_בעמידה_כנגד_פולי_תחתון_כל_יד_בניפרד_117,pg,triceps,Triceps,Разгибатели локтя,פושטי מרפק,cable,Standing one-arm cable triceps extension with low pulley,Сгибание рук в упоре стоя с нижним блоком каждой рукой по отдельности,כפיפת מרפקים בעמידה כנגד פולי תחתון כל יד בניפרד,isolation,,yes,yes
pg_כפיפת_מרפקים_בעמידה_כנגד_פולי_תחתון_כל_יד_בניפרד_ע_118,pg,triceps,Triceps,Разгибатели локтя,פושטי מרפק,cable,Standing one-arm cable triceps extension with rope/straight bar attachment with low pulley,Сгибание рук в упоре стоя с нижним блоком каждой рукой по отдельности со скакалкой / без рукояти,כפיפת מרפקים בעמידה כנגד פולי תחתון כל יד בניפרד עם חבל / בלי ידית,compound,,yes,yes
pg_כפיפת_מרפקים_בעמידה_כנגד_פולי_תחתון_כל_יד_בניפרד_ב_119,pg,triceps,Triceps,Разгибатели локтя,פושטי מרפק,cable,Standing one-arm overhead cable triceps extension with low pulley,Сгибание рук в упоре стоя с нижним блоком каждой рукой по отдельности верхним хватом,כפיפת מרפקים בעמידה כנגד פולי תחתון כל יד בניפרד באחיזה עלית,isolation,,yes,yes
pg_כפיפת_מרפקים_בעמידה_כנגד_קרואובר_פולי_תחתון_קן_פול_120,pg,triceps,Triceps,Разгибатели локтя,פושטי מרפק,cable,"Standing cable triceps extension with low pulley crossover, cable position in front/front/behind","Сгибание рук в упоре стоя с нижним блоком кроссовер, положение блока перед собой/вперед/назад",כפיפת מרפקים בעמידה כנגד קרואובר פולי תחתון קן פולי/קדימה/אחורה,isolation,,yes,yes
pg_כפיפת_מרפקים_בעמידה_כנגד_קרואובר_פולי_תחתון_קן_פול_121,pg,triceps,Triceps,Разгибатели локтя,פושטי מרפק,cable,"Standing cable triceps extension with low pulley crossover, cable position in front/front/behind, hammer grip","Сгибание рук в упоре стоя с нижним блоком кроссовер, положение блока перед собой/вперед/назад, хват молот",כפיפת מרפקים בעמידה כנגד קרואובר פולי תחתון קן פולי/קדימה/אחורה באחיזה פטישים,isolation,,yes,yes
pg_כפיפת_מרפקים_בעמידה_כנגד_קרואובר_פולי_תחתון_קן_פול_122,pg,triceps,Triceps,Разгибатели локтя,פושטי מרפק,cable,"Standing overhead cable triceps extension with low pulley crossover, cable position in front/front/behind","Сгибание рук в упоре стоя с нижним блоком кроссовер, положение блока перед собой/вперед/назад, верхний хват",כפיפת מרפקים בעמידה כנגד קרואובר פולי תחתון קן פולי/קדימה/אחורה באחיזה עלית,isolation,,yes,yes
pg_כפיפת_מרפקים_בעמידה_עם_הגב_לפולי_כנגד_פולי_תחתון_123,pg,triceps,Triceps,Разгибатели локтя,פושטי מרפק,cable,Standing back-to-cable triceps extension with low pulley,Сгибание рук в упоре стоя спиной к блоку с нижним блоком,כפיפת מרפקים בעמידה עם הגב לפולי כנגד פולי תחתון,isolation,,yes,yes
pg_כפיפת_מרפקים_בעמידה_עם_הגב_לפולי_כנגד_פולי_תחתון_ע_124,pg,elbow_flexors,Elbow Flexors,Сгибатели локтя,כופפי מרפק,cable,Standing elbow flexion facing low pulley with rope,Сгибание рук в упоре стоя со спиной к нижнему блоку со канатной рукоятью,כפיפת מרפקים בעמידה עם הגב לפולי כנגד פולי תחתון עם חבל,isolation,,yes,yes
pg_כפיפת_מרפקים_בעמידה_עם_הגב_לפולי_כנגד_פולי_תחתון_ב_125,pg,elbow_flexors,Elbow Flexors,Сгибатели локтя,כופפי מרפק,cable,Standing elbow flexion facing low pulley with overhand grip,Сгибание рук в упоре стоя со спиной к нижнему блоку с верхним хватом,כפיפת מרפקים בעמידה עם הגב לפולי כנגד פולי תחתון באחיזה עלית,isolation,,yes,yes
pg_כפיפת_מרפקים_בעמידה_כנגד_פולי_מול_הכתף_פולי_עליון_126,pg,elbow_flexors,Elbow Flexors,Сгибатели локтя,כופפי מרפק,cable,Standing elbow flexion facing shoulder pulley / high pulley,Сгибание рук в упоре стоя перед блоком у плеч / верхний блок,כפיפת מרפקים בעמידה כנגד פולי מול הכתף/ פולי עליון,isolation,,yes,yes
pg_כפיפת_מרפקים_בעמידה_כנגד_פולי_מול_הכתף_פולי_עליון__127,pg,elbow_flexors,Elbow Flexors,Сгибатели локтя,כופפי מרפק,cable,Standing elbow flexion facing shoulder pulley / high pulley with rope,Сгибание рук в упоре стоя перед блоком у плеч / верхний блок со канатной рукоятью,כפיפת מרפקים בעמידה כנגד פולי מול הכתף/ פולי עליון עם חבל,isolation,,yes,yes
pg_כפיפת_מרפקים_בעמידה_כנגד_פולי_מול_הכתף_פולי_עליון__128,pg,elbow_flexors,Elbow Flexors,Сгибатели локтя,כופפי מרפק,cable,Standing elbow flexion facing shoulder pulley / high pulley with overhand grip,Сгибание рук в упоре стоя перед блоком у плеч / верхний блок с верхним хватом,כפיפת מרפקים בעמידה כנגד פולי מול הכתף/ פולי עליון באחיזה עלית,isolation,,yes,yes
pg_כפיפת_מרפקים_בעמידה_כנגד_קרוסאוור_פולי_מול_הכתף_פו_129,pg,elbow_flexors,Elbow Flexors,Сгибатели локтя,כופפי מרפק,cable,Standing elbow flexion facing crossover shoulder pulley / high pulley,Сгибание рук в упоре стоя перед кроссовером у плеч / верхний блок,כפיפת מרפקים בעמידה כנגד קרוסאוור  פולי מול הכתף/ פולי עליון,isolation,,yes,yes
pg_כפיפת_מרפקים_בעמידה_כנגד_קרוסאוור_פולי_מול_הכתף_פו_130,pg,elbow_flexors,Elbow Flexors,Сгибатели локтя,כופפי מרפק,cable,Standing elbow flexion facing crossover shoulder pulley / high pulley without handles,Сгибание рук в упоре стоя перед кроссовером у плеч / верхний блок без рукоятей,כפיפת מרפקים בעמידה כנגד קרוסאוור  פולי מול הכתף/ פולי עליון בלי ידיות,isolation,,yes,yes
pg_כפיפת_מרפקים_בשכיבה_על_הבטן_70_מעלות_כנגד_פולי_תחת_131,pg,elbow_flexors,Elbow Flexors,Сгибатели локтя,כופפי מרפק,cable,Lying face down (70 degrees) elbow flexion facing low/mid/high pulley with overhand grip,Сгибание рук лежа на животе (70 градусов) перед нижним/средним/верхним блоком с верхним хватом,כפיפת מרפקים בשכיבה על הבטן  (70 מעלות) כנגד פולי תחתון/עמצאי/עליון באחיזה עלית,isolation,,yes,yes
pg_כפיפת_מרפקים_בשכיבה_על_הבטן_70_מעלות_כנגד_פולי_תחת_132,pg,chest,Chest,Грудь,חזה,cable,Push-ups with feet elevated (70 degrees) against lower/middle/upper pulley,Сгибание рук в упоре лежа на животе (70 градусов) с нижним/средним/верхним блоком,כפיפת מרפקים בשכיבה על הבטן  (70 מעלות) כנגד פולי תחתון/עמצאי/עליון,compound,,yes,yes
pg_כפיפת_מרפקים_בשכיבה_על_הבטן_70_מעלות_כנגד_פולי_תחת_133,pg,elbow_flexors,Elbow Flexors,Сгибатели локтя,כופפי מרפק,cable,Push-ups with feet elevated (70 degrees) against lower/middle/upper pulley with rope,Сгибание рук в упоре лежа на животе (70 градусов) с нижним/средним/верхним блоком со канатом,כפיפת מרפקים בשכיבה על הבטן  (70 מעלות) כנגד פולי תחתון/עמצאי/עליון עם חבל,isolation,,yes,yes
pg_כפיפת_מרפקים_בשכיבה_על_גבראש_לפולי_כנגד_פולי_עליון_134,pg,elbow_flexors,Elbow Flexors,Сгибатели локтя,כופפי מרפק,cable,Push-ups with head elevated against upper pulley in overhand grip,Сгибание рук в упоре лежа на спине (голова к блоку) с верхним блоком в верхнем хвате,כפיפת מרפקים בשכיבה על גב(ראש לפולי) כנגד פולי עליון באחיזה עלית,isolation,,yes,yes
pg_כפיפת_מרפקים_בשכיבה_על_גבראש_לפולי_כנגד_פולי_עליון_135,pg,elbow_flexors,Elbow Flexors,Сгибатели локтя,כופפי מרפק,cable,Push-ups with head elevated against upper pulley,Сгибание рук в упоре лежа на спине (голова к блоку) с верхним блоком,כפיפת מרפקים בשכיבה על גב(ראש לפולי) כנגד פולי עליון,isolation,,yes,yes
pg_כפיפת_מרפקים_בשכיבה_על_גבראש_לפולי_כנגד_פולי_עליון_136,pg,elbow_flexors,Elbow Flexors,Сгибатели локтя,כופפי מרפק,cable,Push-ups with head elevated against upper pulley with rope,Сгибание рук в упоре лежа на спине (голова к блоку) с верхним блоком со канатом,כפיפת מרפקים בשכיבה על גב(ראש לפולי) כנגד פולי עליון עם חבל,isolation,,yes,yes
pg_כפיפת_מרפקים_בשכיבה_על_גברגליים_לפולי_כנגד_פולי_על_137,pg,elbow_flexors,Elbow Flexors,Сгибатели локтя,כופפי מרפק,cable,Push-ups with feet elevated against upper/middle pulley in overhand grip,Сгибание рук в упоре лежа на спине (ноги к блоку) с верхним/средним блоком в верхнем хвате,כפיפת מרפקים בשכיבה על גב(רגליים לפולי) כנגד פולי עליון/עמצאי באחיזה עלית,isolation,,yes,yes
pg_כפיפת_מרפקים_בשכיבה_על_גברגליים_לפולי_כנגד_פולי_על_138,pg,elbow_flexors,Elbow Flexors,Сгибатели локтя,כופפי מרפק,cable,Push-ups with feet elevated against upper/middle pulley,Сгибание рук в упоре лежа на спине (ноги к блоку) с верхним/средним блоком,כפיפת מרפקים בשכיבה על גב(רגליים לפולי) כנגד פולי עליון/עמצאי,isolation,,yes,yes
pg_כפיפת_מרפקים_בשכיבה_על_גברגליים_לפולי_כנגד_פולי_על_139,pg,elbow_flexors,Elbow Flexors,Сгибатели локтя,כופפי מרפק,cable,Push-ups with feet elevated against upper/middle pulley with rope,Сгибание рук в упоре лежа на спине (ноги к блоку) с верхним/средним блоком со канатом,כפיפת מרפקים בשכיבה על גב(רגליים לפולי) כנגד פולי עליון/עמצאי עם חבל,isolation,,yes,yes
pg_כפיפת_מרפקים_בישיבה_גב_לפולי_יד_יד_בלי_ידית_140,pg,triceps,Triceps,Разгибатели локтя,פושטי מרפק,cable,Bench Dips (no bench),"Сгибание рук в упоре сидя спиной к турнику, хват руками за перекладину",כפיפת מרפקים בישיבה גב לפולי  יד-יד בלי ידית,isolation,,yes,yes
pg_כפיפת_מרפקים_בעמידה_כנגד_פולי_תחתון_ח_777_באחיזה_ע_142,pg,triceps,Triceps,Разгибатели локтя,פושטי מרפק,cable,Parallel Bar Dips (Lower Grip) 7+7+7 with Overhand Grip,Сгибание рук в упоре стоя нижним хватом 7+7+7 с верхним хватом,כפיפת מרפקים בעמידה כנגד פולי תחתון ח 7+7+7 באחיזה עלית,isolation,,yes,yes
pg_כפיפת_מרפקים_בעמידה_כנגד_פולי_תחתון_ח_777_143,pg,triceps,Triceps,Разгибатели локтя,פושטי מרפק,cable,Parallel Bar Dips (Lower Grip) 7+7+7,Сгибание рук в упоре стоя нижним хватом 7+7+7,כפיפת מרפקים בעמידה כנגד פולי תחתון ח 7+7+7,isolation,,yes,yes
pg_כפיפת_מרפקים_בעמידה_כנגד_פולי_תחתון_ח_777_עם_חבל_144,pg,triceps,Triceps,Разгибатели локтя,פושטי מרפק,cable,Parallel Bar Dips (Lower Grip) 7+7+7 with a rope,Сгибание рук в упоре стоя нижним хватом 7+7+7 со скакалкой,כפיפת מרפקים בעמידה כנגד פולי תחתון ח 7+7+7 עם חבל,isolation,,yes,yes
pg_כפיפת_מרפקים_בעמידה_כנגד_מוט_מוט_w_145,pg,triceps,Triceps,Разгибатели локтя,פושטי מרפק,barbell,Parallel Bar Dips (W-Bar),Сгибание рук в упоре стоя на брусьях (хват W),כפיפת מרפקים בעמידה כנגד מוט / מוט W,isolation,,yes,yes
pg_כפיפת_מרפקים_בעמידה_כנגד_מוט_h_146,pg,triceps,Triceps,Разгибатели локтя,פושטי מרפק,barbell,Parallel Bar Dips (H-Bar),Сгибание рук в упоре стоя на брусьях (хват H),כפיפת מרפקים בעמידה כנגד מוט H,isolation,,yes,yes
pg_כפיפת_מרפקים_בעמידה_כנגד_מוט_מוט_w_באחיזה_עלית_147,pg,triceps,Triceps,Разгибатели локтя,פושטי מרפק,barbell,Parallel Bar Dips (W-Bar) with Overhand Grip,Сгибание рук в упоре стоя на брусьях (хват W) с верхним хватом,כפיפת מרפקים בעמידה כנגד מוט / מוט W באחיזה עלית,isolation,,yes,yes
pg_כפיפת_מרפקים_בשכיבה_על_הבטן_30_60_מעלות_כנגד_מוט_מ_148,pg,triceps,Triceps,Разгибатели локтя,פושטי מרפק,barbell,Triceps Push-ups in Prone Position (30-60 degrees) on Parallel Bars / W-Bar,Отжимания на трицепс в упоре лежа (30-60 градусов) на брусьях / W-образной перекладине,כפיפת מרפקים בשכיבה על הבטן (30-60 מעלות) כנגד מוט / מוט W,isolation,,yes,yes
pg_כפיפת_מרפקים_בשכיבה_על_הבטן_30_60_מעלות_כנגד_h_149,pg,triceps,Triceps,Разгибатели локтя,פושטי מרפק,barbell,Triceps Push-ups in Prone Position (30-60 degrees) on H-Bar,Отжимания на трицепс в упоре лежа (30-60 градусов) на H-образной перекладине,כפיפת מרפקים בשכיבה על הבטן (30-60 מעלות) כנגד H,isolation,,yes,yes
pg_כפיפת_מרפקים_בשכיבה_על_הבטן_30_60_מעלות_כנגד_מוט_מ_150,pg,triceps,Triceps,Разгибатели локтя,פושטי מרפק,barbell,Triceps Push-ups in Prone Position (30-60 degrees) on Parallel Bars / W-Bar with Overhand Grip,Отжимания на трицепс в упоре лежа (30-60 градусов) на брусьях / W-образной перекладине с верхним хватом,כפיפת מרפקים בשכיבה על הבטן (30-60 מעלות) כנגד מוט / מוט W באחיזה עלית,isolation,,yes,yes
pg_כפיפת_מרפקים_בישיבה_בכיסא_כומר_כנגד_מוט_מוט_w_151,pg,triceps,Triceps,Разгибатели локтя,פושטי מרפק,barbell,Triceps Push-ups in Seated Position on Preacher Bench on Parallel Bars / W-Bar,Отжимания на трицепс в сидячем положении на скамье для preacher curl на брусьях / W-образной перекладине,כפיפת מרפקים בישיבה בכיסא כומר כנגד מוט / מוט W,isolation,,yes,yes
pg_כפיפת_מרפקים_בישיבה_בכיסא_כומר_כנגד_מוט_h_152,pg,triceps,Triceps,Разгибатели локтя,פושטי מרפק,barbell,Bench Dips Against H-Bar,Сгибание рук в упоре на скамье для отжимания на брусьях H,כפיפת מרפקים בישיבה בכיסא כומר כנגד מוט H,isolation,,yes,yes
pg_כפיפת_מרפקים_בישיבה_בכיסא_כומר_כנגד_מוט_מוט_w_באחי_153,pg,triceps,Triceps,Разгибатели локтя,פושטי מרפק,barbell,Bench Dips Against W-Bar / W-Bar Grip,Сгибание рук в упоре на скамье для отжимания на брусьях W / W-Bar Grip,כפיפת מרפקים בישיבה בכיסא כומר כנגד מוט / מוט W באחיזה עלית,isolation,,yes,yes
pg_כפיפת_מרפקים_בעמידה_כנגד_מוט_מוט_w_ח_777_154,pg,triceps,Triceps,Разгибатели локтя,פושטי מרפק,barbell,Parallel Bar Dips / W-Grip / 7+7+7,Отжимание на брусьях с параллельными хватами / W-хват / 7+7+7,כפיפת מרפקים בעמידה כנגד מוט/ מוט W/ ח 7+7+7,isolation,,yes,yes
pg_כפיפת_מרפקים_בעמידה_כנגד_מוט_h_ח_777_155,pg,triceps,Triceps,Разгибатели локтя,פושטי מרפק,barbell,Parallel Bar Dips with H-Grip / 7+7+7,Отжимание на брусьях с прямым хватом H-хват / 7+7+7,כפיפת מרפקים בעמידה כנגד מוט H/ ח 7+7+7,isolation,,yes,yes
pg_כפיפת_מרפקים_בעמידה_כנגד_מוט_מוט_w_ח_777_באחיזה_על_156,pg,triceps,Triceps,Разгибатели локтя,פושטי מרפק,barbell,Parallel Bar Dips / W-Grip / 7+7+7 Top Grip,Отжимание на брусьях с параллельными хватами / W-хват / 7+7+7 верхний хват,כפיפת מרפקים בעמידה כנגד מוט/ מוט W/ ח 7+7+7 באחיזה עלית,isolation,,yes,yes
pg_כפיפת_מרפקים_בישיבה_כנגד_מכונה_157,pg,triceps,Triceps,Разгибатели локтя,פושטי מרפק,machine,Seated triceps dip,Сгибание рук в упоре сидя на тренажере,כפיפת מרפקים בישיבה כנגד מכונה,isolation,,yes,yes
pg_כפיפת_מרפקים_בישיבה_כנגד_מכונה_באחיזה_פתישים_158,pg,triceps,Triceps,Разгибатели локтя,פושטי מרפק,machine,Seated triceps dip with reverse grip,Сгибание рук в упоре сидя на тренажере обратным хватом,כפיפת מרפקים בישיבה כנגד מכונה באחיזה פתישים,isolation,,yes,yes
pg_כפיפת_מרפקים_בישיבה_כנגד_מכונה_באחיזה_עלית_159,pg,triceps,Triceps,Разгибатели локтя,פושטי מרפק,machine,Seated triceps dip with neutral grip,Сгибание рук в упоре сидя на тренажере прямым хватом,כפיפת מרפקים בישיבה כנגד מכונה באחיזה עלית,isolation,,yes,yes
pg_כפיפה_כף_יד_במיד_פוזישון_עם_תמיכה_לאמות_לעלות_יד_ל_160,pg,forearms,Forearms,Предплечья,אמות ידיים,dumbbells,Wrist flexion in neutral position with elbow support (lift hands to chin),Сгибание запястья в нейтральном положении с упором на локти (подъем рук к подбородку),כפיפה כף יד במיד פוזישון עם תמיכה לאמות (לעלות יד למלה מרדימה),isolation,,yes,yes
pg_פשיטה_כף_יד_במיד_פוזישון_עם_תמיכה_לאמות_לעלות_יד_ל_161,pg,forearms,Forearms,Предплечья,אמות ידיים,dumbbells,Wrist extension in neutral position with elbow support (lift hands behind back),Разгибание запястья в нейтральном положении с упором на локти (подъем рук за спиной),פשיטה כף יד במיד פוזישון עם תמיכה לאמות (לעלות יד למלה מאחורהי גב),isolation,,yes,yes
pg_לחיצת_חזה_באחיזה_צרה_מרפקים_צמודים_למותניים_כנגד_מ_162,pg,chest,Chest,Грудь,חזה,other,Dumbbell press with a narrow grip (elbows close to the hips),Жим гантелей узким хватом (локти прижаты к талии),לחיצת חזה באחיזה צרה (מרפקים צמודים למותניים) כנגד משקולות,isolation,,yes,yes
pg_פשיטת_מרפקים_בשכיבה_כנגד_מוט_w_באחיזה_צרה_163,pg,triceps,Triceps,Разгибатели локтя,פושטי מרפק,other,Close-grip pushups on a W-bar lying down,Отжимания на узкой рукояти W-образного грифа лежа,פשיטת מרפקים בשכיבה כנגד מוט W באחיזה צרה,isolation,,yes,yes
pg_פשיטת_מרפקים_בישיבה_כנגד_משקולת_1_מאחורי_הראש_164,pg,triceps,Triceps,Разгибатели локтя,פושטי מרפק,other,Close-grip pushups sitting with a dumbbell behind the head,Отжимания на узкой рукояти сидя с гантелью за головой,פשיטת מרפקים בישיבה כנגד משקולת 1 (מאחורי הראש),isolation,,yes,yes
pg_לחיצת_חזה_באחיזה_צרה_מרפקים_צמודים_למותניים_כנגד_מ_165,pg,triceps,Triceps,Разгибатели локтя,פושטי מרפק,other,Close-grip pushups (elbows close to hips) on a bar,Отжимания на узкой рукояти (локти у бедер) на грифе,לחיצת חזה באחיזה צרה (מרפקים צמודים למותניים) כנגד מוט,isolation,,yes,yes
pg_פשיטת_מרפקים_בשכיבה_כנגד_מוט_w_באחיזה_רחבה_166,pg,triceps,Triceps,Разгибатели локтя,פושטי מרפק,other,Lying tricep extension on a W bar wide grip,Разгибание рук на трицепс в лежачем положении на штанге W широким хватом,פשיטת מרפקים בשכיבה כנגד מוט W באחיזה רחבה,isolation,,yes,yes
pg_פשיטת_מרפקים_בישיבה_כנגד_משקולת_1_מאחורי_הראש_כל_י_167,pg,triceps,Triceps,Разгибатели локтя,פושטי מרפק,other,Seated tricep extension with dumbbell 1 (behind the head) each hand separately,Разгибание рук на трицепс сидя с гантелью 1 (за головой) каждой рукой отдельно,פשיטת מרפקים בישיבה כנגד משקולת 1 (מאחורי הראש) כל יד בנפרד,isolation,,yes,yes
pg_לחיצת_חזה_באחיזה_צרה_מרפקים_צמודים_למותניים_כנגד_מ_168,pg,triceps,Triceps,Разгибатели локтя,פושטי מרפק,other,Close grip bench press (elbows to hips) on an H bar,Жим леж узким хватом (локти у таза) на штанге H,לחיצת חזה באחיזה צרה (מרפקים צמודים למותניים) כנגד מוט H,isolation,,yes,yes
pg_פשיטת_מרפקים_בשכיבה_כנגד_משקולות_169,pg,triceps,Triceps,Разгибатели локтя,פושטי מרפק,other,Lying triceps extension with dumbbells,Отжимания на трицепс лежа со штангой,פשיטת מרפקים בשכיבה כנגד משקולות,isolation,,yes,yes
pg_פשיטת_מרפקים_בישיבה_כנגד_משקולות_מאחורי_הראש_170,pg,triceps,Triceps,Разгибатели локтя,פושטי מרפק,other,Seated triceps extension with dumbbells (overhead),Отжимания на трицепс сидя со штангой (за головой),פשיטת מרפקים בישיבה כנגד משקולות (מאחורי הראש),isolation,,yes,yes
pg_לחיצת_חזה_באחיזה_צרה_מרפקים_צמודים_למותניים_כנגד_ס_171,pg,triceps,Triceps,Разгибатели локтя,פושטי מרפק,other,Close-grip bench press (elbows tucked) in a Smith machine,Жим лежа узким хватом (локти близко к туловищу) в Смите,לחיצת חזה באחיזה צרה (מרפקים צמודים למותניים) כנגד סמית' משין,isolation,,yes,yes
pg_פשיטת_מרפקים_בשכיבה_כנגד_משקולת_1_172,pg,triceps,Triceps,Разгибатели локтя,פושטי מרפק,other,Lying triceps extension with dumbbell 1,Отжимания на трицепс в лежании с гантелью 1,פשיטת מרפקים בשכיבה כנגד משקולת 1,isolation,,yes,yes
pg_פשיטת_מרפקים_בישיבה_כנגד_פולי_תחתון_מאחורי_הראש_173,pg,triceps,Triceps,Разгибатели локтя,פושטי מרפק,other,Seated triceps extension with low pulley (behind the head),Отжимания на трицепс в сидении с нижним блоком (за головой),פשיטת מרפקים בישיבה כנגד פולי תחתון (מאחורי הראש),isolation,,yes,yes
pg_מקבילים_באחיזה_צרה_מרפקים_צמודים_למותניים_לאורך_כל_174,pg,triceps,Triceps,Разгибатели локтя,פושטי מרפק,other,Parallel bar dips with narrow grip (elbows close to hips throughout the movement),Параллельные отжимания узким хватом (локти прижаты к бедрам на протяжении всего движения),מקבילים באחיזה צרה (מרפקים צמודים למותניים לאורך כל התנועה),isolation,,yes,yes
pg_פשיטת_מרפקים_בשכיבה_כנגד_פולי_תחתון_ראש_לפולי_175,pg,triceps,Triceps,Разгибатели локтя,פושטי מרפק,other,Bench triceps dips (feet on floor),Отжимания от скамьи на трицепс с опорой на пол,פשיטת מרפקים בשכיבה כנגד פולי תחתון ראש לפולי,isolation,,yes,yes
pg_פשיטת_מרפקים_בישיבה_בעמידה_כנגד_מוט_w_מאחורי_הראש_176,pg,triceps,Triceps,Разгибатели локтя,פושטי מרפק,other,Floor triceps push-ups sitting/standing with W-bar (behind the head),Отжимания от пола на трицепс сидя/стоя со штангой W (за головой),"פשיטת מרפקים בישיבה \ בעמידה, כנגד מוט W  (מאחורי הראש)",isolation,,yes,yes
pg_שכיבות_שמיכה_באחיזה_צרה_מרפקים_צמודים_למותניים_לאו_177,pg,triceps,Triceps,Разгибатели локтя,פושטי מרפק,other,Close-grip push-ups (elbows tucked to hips throughout the movement),Отжимания от пола узким хватом (локти прижаты к талии на протяжении всего движения),שכיבות שמיכה באחיזה צרה (מרפקים צמודים למותניים לאורך כל התנועה),isolation,,yes,yes
pg_פשיטת_מרפקים_בשכיבה_כנגד_פולי_תחתון_גב_לפולי_178,pg,triceps,Triceps,Разгибатели локтя,פושטי מרפק,other,Floor triceps push-ups with leg split,Отжимания от пола на трицепс с разведением ног,פשיטת מרפקים בשכיבה כנגד פולי תחתון גב לפולי,isolation,,yes,yes
pg_פשיטת_מרפקים_בישיבה_כנגד_מכונה_179,pg,triceps,Triceps,Разгибатели локтя,פושטי מרפק,other,Seated triceps push-downs,Отжимания от блока на трицепс сидя,פשיטת מרפקים בישיבה כנגד מכונה,isolation,,yes,yes
pg_שכיבות_שמיכה_באחיזה_צרה_על_מוט_של_סמית_משין_180,pg,triceps,Triceps,Разгибатели локтя,פושטי מרפק,other,Close-grip bench press on a Smith machine,Жим леж узким хватом на тренажере Смита,שכיבות שמיכה באחיזה צרה על מוט של סמית' משין,isolation,,yes,yes
pg_פשיטת_מרפקים_בשכיבה_שיפוע_חיובי_כנגד_כרוסוור_פולי__181,pg,triceps,Triceps,Разгибатели локтя,פושטי מרפק,other,Incline Dips on Parallel Bars with Positive Angle on Low Cable in Gravity Machine,Отжимания на брусьях в наклоне с положительным углом на нижний блок в гравитроне,פשיטת מרפקים בשכיבה שיפוע חיובי כנגד כרוסוור פולי תחתון באצלבה,isolation,,yes,yes
pg_בעתיית_גוף_182,pg,abdominals,Abs,Пресс,בטן,other,Leg Raises,Подъем ног,בעתיית גוף,isolation,,yes,yes
pg_לחיצת_חזה_בעמידה_כנגד_באחיזה_צרה_פולי_בגובע_מרפק_183,pg,triceps,Triceps,Разгибатели локтя,פושטי מרפק,other,Close-Grip Bench Press to Low Cable,Жим леж узким хватом на нижний блок,לחיצת חזה בעמידה כנגד באחיזה צרה פולי בגובע מרפק,isolation,,yes,yes
pg_פשיטת_מרפקים_בשכיבה_שיפוע_חיובי_כנגד_פולי_תחתון_כל_184,pg,triceps,Triceps,Разгибатели локтя,פושטי מרפק,other,"Incline bench dip with positive slope, underhand grip, alternating","Отжимания на брусьях с наклоном корпуса с положительным уклоном, нижний хват, поочередно",פשיטת מרפקים בשכיבה שיפוע חיובי כנגד פולי תחתון כל יד בנפרד,isolation,,yes,yes
pg_פשיטת_מרפקים_בהטיית_גוף_כנגד_משקולת_1משקולות_185,pg,triceps,Triceps,Разгибатели локтя,פושטי מרפק,other,Incline bodyweight dip with dumbbell(s),Отжимания с наклоном корпуса с гантелью/гантелями,פשיטת מרפקים בהטיית גוף כנגד משקולת 1/משקולות,isolation,,yes,yes
pg_פשיטת_מרפקים_בהטיית_גוף_כנגד_פולי_עליון_באצלבה_187,pg,chest,Chest,Грудь,חזה,cable,Bench Press with Upper Pulley,Отжимания от скамьи с верхней рукоятью тяги,פשיטת מרפקים בהטיית גוף כנגד פולי עליון באצלבה,isolation,,yes,yes
pg_פשיטת_מרפקים_בשכיבה_על_הבטן_30_45_מעלות_כנגד_משקול_188,pg,triceps,Triceps,Разгибатели локтя,פושטי מרפק,cable,30-45 Degree Plank Push-ups with Dumbbell/Barbell,Отжимания в планке 30-45 градусов с гантелью/штангой,פשיטת מרפקים בשכיבה על הבטן 30-45 מעלות כנגד משקולת 1/משקולות,isolation,,yes,yes
pg_פשיטת_מרפקים_בהטיית_גוף_כנגד_פולי_בגובה_צווארגב_לפ_189,pg,triceps,Triceps,Разгибатели локтя,פושטי מרפק,cable,"Floor Push-ups with Pulley at Neck Level, Back to Pulley","Отжимания от пола с рукоятью тяги на уровне шеи, спиной к рукояти","פשיטת מרפקים בהטיית גוף כנגד פולי בגובה צוואר,גב לפולי",isolation,,yes,yes
pg_בעמידה_190,pg,triceps,Triceps,Разгибатели локтя,פושטי מרפק,cable,Standing,Стоя,בעמידה,isolation,,yes,yes
pg_פשיטת_גב_בכסא_הרומי_191,pg,back,Back,Спина,גב,other,Back extension on Roman chair,Гиперэкстензия на римском стуле,פשיטת גב בכסא הרומי,isolation,,yes,yes
pg_פשיטת_גב_באלכסון_בכסא_הרומי_כל_צד_בנפרד_192,pg,back,Back,Спина,גב,other,"Back extension on Roman chair at an angle, each side separately","Гиперэкстензия на римском стуле под углом, каждая сторона отдельно",פשיטת גב באלכסון בכסא הרומי כל צד בנפרד,isolation,,yes,yes
pg_פשיטת_גב_באלכסון_בעמידה_כנגד_משקולת_כל_צד_בנפרד_193,pg,back,Back,Спина,גב,other,"Incline dumbbell row, each arm separately","Наклонное разведение гантелей в наклоне стоя, каждая рука отдельно","פשיטת גב באלכסון בעמידה, כנגד משקולת, כל צד בנפרד",isolation,,yes,yes
pg_פשיטת_גו_בעמידה_ל_3_צדדים_194,pg,back,Back,Спина,גב,other,Incline dumbbell row in 3 directions,"Наклонное разведение рук в наклоне стоя, 3 направления",פשיטת גו בעמידה ל 3 צדדים,isolation,,yes,yes
pg_פשיטת_גב_בישיבה_כנגד_מחונה_195,pg,back,Back,Спина,גב,exercise_ball,Seated single-arm dumbbell row,Тяга гантели сидя в наклоне,פשיטת גב בישיבה כנגד מחונה,isolation,,yes,yes
pg_כפיפות_בטן_בשכיבה_עם_משקולת_ידיים_ישרות_196,pg,abdominals,Abdominals,Пресс,בטן,dumbbells,Lying crunches with dumbbells (straight arms),Скручивания лежа с гантельями (прямые руки),כפיפות בטן בשכיבה עם משקולת (ידיים ישרות),isolation,,yes,yes
pg_כפיפה_צידית_בעמידה_כנגד_משקולת_197,pg,abdominals,Abdominals,Пресс,בטן,dumbbells,Standing side bend with dumbbell,Наклон в сторону стоя с гантелью,כפיפה צידית בעמידה כנגד משקולת,isolation,,yes,yes
pg_רותציה_בבטן_בשכיבה_כנגד_כדור_כוח_שמולה_וימינה_198,pg,abdominals,Abdominals,Пресс,בטן,dumbbells,"Lying bicycle with Pilates ball, to the left and to the right","Велосипед лежа с мячом для пилатеса, влево и вправо","רותציה בבטן בשכיבה כנגד כדור כוח, שמולה וימינה",isolation,,yes,yes
pg_כפיפות_בטן_בשכיבה_שיפוע_שלילי_עם_משקולת_ידיים_ישרו_199,pg,abdominals,Abdominals,Пресс,בטן,dumbbells,Decline weighted crunch with straight arms,Наклоны корпуса лежа на наклонной скамье с гантлю (прямые руки),כפיפות בטן בשכיבה שיפוע שלילי עם משקולת (ידיים ישרות),isolation,,yes,yes
pg_כפיפות_בטן_בשכיבה_באלכסון_כנגד_משקולות_עם_ידים_ישר_200,pg,abdominals,Abdominals,Пресс,בטן,dumbbells,Diagonal weighted crunch with straight arms (side),Наклоны корпуса лежа наискось с гантлями (прямые руки) (боковая сторона),כפיפות בטן בשכיבה באלכסון כנגד משקולות עם ידים ישרות (צד צד),isolation,,yes,yes
pg_כפיפות_בטן_בשכיבה_עם_משקולת_מאחורי_הראש_201,pg,abdominals,Abdominals,Пресс,בטן,dumbbells,Weighted crunch (behind the head),Наклоны корпуса лежа с гантлей (за голову),כפיפות בטן בשכיבה עם משקולת (מאחורי הראש),isolation,,yes,yes
pg_כפיפת_בטן_באלכסון_בעמידה_כנגד_כדור_כוח_צד_צד_שאיפה_202,pg,abdominals,Abdominals,Пресс,בטן,dumbbells,Standing diagonal crunch against stability ball (inhale-exhale),Наклон в сторону из положения стоя с мячом для стабилизации (вдох-выдох),"כפיפת בטן באלכסון בעמידה, כנגד כדור כוח, צד צד (שאיפה-ונשיפה)",isolation,,yes,yes
pg_כפיפות_בטן_בישיבה_כנגד_פולי_עליון_203,pg,abdominals,Abdominals,Пресс,בטן,cable,Seated cable crunches,Сидячие скручивания с верхним блоком,כפיפות בטן בישיבה כנגד פולי עליון,isolation,,yes,yes
pg_כפיפה_צידית_בעמידה_כנגד_פולי_תחתון_204,pg,abdominals,Abdominals,Пресс,בטן,cable,Standing side bend with low cable,Наклон в сторону из положения стоя с нижним блоком,כפיפה צידית בעמידה כנגד פולי תחתון,isolation,,yes,yes
pg_רותציה_בבטן_בעמידה_כנגד_פולי_בגובע_חזה_עם_ידית_1_כ_205,pg,abdominals,Abdominals,Пресс,בטן,cable,"Standing cable crunches facing the low pulley with handle 1, each side separately","Скручивания на пресс стоя у нижнего блока с рукоятью 1, каждая сторона отдельно","רותציה בבטן בעמידה כנגד פולי בגובע חזה, עם ידית 1, כל צד בנפרד",isolation,,yes,yes
pg_כפיפות_בטן_בשכיבה_כנגד_פולי_תחתון_206,pg,abdominals,Abdominals,Пресс,בטן,cable,Lying cable crunches facing the low pulley,Скручивания на пресс в лежачем положении у нижнего блока,כפיפות בטן בשכיבה כנגד פולי תחתון,isolation,,yes,yes
pg_כפיפת_אלכסונים_בישיבה_על_ברכיים_כנגד_פולי_אליון_עם_207,pg,abdominals,Abdominals,Пресс,בטן,cable,Seated cable crunches on knees facing the high pulley with rope attachment,Скручивания на пресс сидя на коленях у верхнего блока со канатной рукоятью,כפיפת אלכסונים בישיבה על ברכיים כנגד פולי אליון עם חבל,isolation,,yes,yes
pg_בטן_טחתון_208,pg,abdominals,Abdominals,Пресс,בטן,barbell,Lying stomach press,Пресс лежа,בטן טחתון,isolation,,yes,yes
pg_כפיפות_בטן_בשכיבה_עם_מוט_מוט_צר_מות_w_מוט_h_209,pg,abdominals,Abdominals,Пресс,בטן,barbell,Lying leg raises with a bar / narrow bar / W-bar / H-bar,Подъемы ног в лежании со штангой / узкой штангой / W-образной штангой / H-образной штангой,כפיפות בטן בשכיבה עם מוט / מוט צר / מות W / מוט H,isolation,,yes,yes
pg_עלית_ברכיים_בישיבה_על_מזרן_כנגד_כדור_כוח_להחזיק_עם_210,pg,abdominals,Abdominals,Пресс,בטן,barbell,Knee tucks with Pilates ball - hold with feet,Подъём коленей сидя на мате с мячом для пилатеса - держать стопами,עלית ברכיים בישיבה על מזרן כנגד כדור כוח - להחזיק עם כפות רגליים,isolation,,yes,yes
pg_כפיפות_בטן_בישיבה_כנגד_מכונה_2_211,pg,abdominals,Abdominals,Пресс,בטן,machine,Seated Machine Abdominal Crunch 2,Сгибания живота сидя на тренажере 2,כפיפות בטן בישיבה כנגד מכונה 2,isolation,,yes,yes
pg_אלכסונים_בישיבה_כנגד_מכונה_212,pg,abdominals,Abdominals,Пресс,בטן,machine,Seated Machine Oblique Twists,Наклоны сидя на тренажере,אלכסונים בישיבה כנגד מכונה,isolation,,yes,yes
pg_כפיפות_בטן_כנגד_גלגל_ידני_213,pg,abdominals,Abdominals,Пресс,בטן,machine,Ab Wheel Rollouts,Сгибания живота с колесом для пресса,כפיפות בטן כנגד גלגל ידני,isolation,,yes,yes
pg_כפיפות_בטן_על_בוסו_214,pg,abdominals,Abdominals,Пресс,בטן,bodyweight,Abdominal Crunches on BOSU,Сгибания живота на BOSU,כפיפות בטן על בוסו,isolation,,yes,yes
pg_כפיפה_צידית_על_כיסא_רומי_215,pg,abdominals,Abdominals,Пресс,בטן,bodyweight,Side Bends on Roman Chair,Боковые сгибания на римском стуле,כפיפה צידית על כיסא רומי,isolation,,yes,yes
pg_כפיפות_בטן_על_פיטבול_216,pg,abdominals,Abdominals,Пресс,בטן,bodyweight,Abdominal Crunches on Exercise Ball,Сгибания живота на фитболе,כפיפות בטן על פיטבול,isolation,,yes,yes
pg_אלכסונים_בשיפוע_שלילי_ניתן_להיעזר_במשקולת_לתוספת_ה_217,pg,abdominals,Abdominals,Пресс,בטן,bodyweight,Incline Oblique Twists (can use a dumbbell for extra resistance),Наклоны в наклоне (можно использовать гантель для дополнительного сопротивления),אלכסונים בשיפוע שלילי (ניתן להיעזר במשקולת לתוספת התנגדות),isolation,,yes,yes
pg_כפיפות_בטן_במצב_מקבילים_218,pg,abdominals,Abdominals,Пресс,בטן,bodyweight,Hanging Leg Raises,Сгибания живота в висе на параллельных брусьях,כפיפות בטן במצב מקבילים,isolation,,yes,yes
pg_כפיפות_בטן_באלכסון_תוך_כדי_סיבוב_לברך_נגדית_בהצלבה_219,pg,abdominals,Abdominals,Пресс,בטן,bodyweight,Diagonal crunch with opposite knee crossover,Наклоны живота по диагонали с вращением колена в кроссовере,כפיפות בטן באלכסון תוך כדי סיבוב לברך נגדית בהצלבה,isolation,,yes,yes
pg_כפיפות_בטן_מבוסו_לעמידה_220,pg,abdominals,Abdominals,Пресс,בטן,bodyweight,Leg raises from lying to standing,Подъёмы ног из положения лёжа в положение стоя,כפיפות בטן  מבוסו לעמידה,isolation,,yes,yes
pg_רגליים_ב80_מעלות_אלכסונים_לכיוון_כפות_רגליים_221,pg,abdominals,Abdominals,Пресс,בטן,bodyweight,Legs at 80 degrees diagonally towards the feet,Ноги под углом 80 градусов по диагонали к стопам,רגליים ב80 מעלות אלכסונים לכיוון כפות רגליים,isolation,,yes,yes
pg_גלגול_אגן_לאחור_בשכיבה_222,pg,abdominals,Abdominals,Пресс,בטן,bodyweight,Pelvic roll back in lying position,Перекат таза назад в положении лёжа,גלגול אגן לאחור בשכיבה,isolation,,yes,yes
pg_אלכסונים_במצב_מקבילים_223,pg,abdominals,Abdominals,Пресс,בטן,bodyweight,Diagonals in parallel position,Диагонали в положении параллели,אלכסונים במצב מקבילים,isolation,,yes,yes
pg_גלגול_אגן_לאחור_בתליה_224,pg,abdominals,Abdominals,Пресс,בטן,bodyweight,Pelvic roll back in hanging position,Перекат таза назад в висе,גלגול אגן לאחור בתליה,isolation,,yes,yes
pg_אלכסונים_בשכיבה_להניח_רגליים_הצידה_ולעלות_ישר_225,pg,abdominals,Abdominals,Пресс,בטן,bodyweight,Diagonals in lying position (legs apart and straight up),Диагонали в положении лёжа (ноги врозь и прям подъём),אלכסונים בשכיבה (להניח רגליים הצידה ולעלות ישר),isolation,,yes,yes
pg_גלגול_אגן_לאחור_בשכיבה_שיפוע_חיובי_ידיים_למלה_ספס__226,pg,chest,Chest,Грудь,חזה,bodyweight,Pelvic roll back in lying position on an incline bench (hands on waist) (step 1),Перекат таза назад в положении лёжа на наклонной скамье (руки на поясе) (шаг 1),גלגול אגן לאחור בשכיבה שיפוע חיובי ידיים למלה (ספס 1),isolation,,yes,yes
pg_אלכסונים_בשכיבה_עם_קשת_להניח_רגליים_הצידה_ולעלות_י_227,pg,abdominals,Abdominals,Пресс,בטן,bodyweight,Diagonal crunches with band (lie down with legs apart and lift straight),Диагональные скручивания лёжа с эспандером (ноги врозь и поднимать прямо),אלכסונים בשכיבה עם קשת (להניח רגליים הצידה ולעלות ישר),isolation,,yes,yes
pg_גלגול_אגן_במתקן_17_228,pg,legs,Legs,Ноги,רגליים,bodyweight,Hip thrust on machine 17,Подъём таза на тренажёре 17,גלגול אגן במתקן 17,isolation,,yes,yes
pg_אלכסונים_בשכיבה_כף_רגל_מעל_הברך_כל_צד_בנפרד_229,pg,abdominals,Abdominals,Пресс,בטן,bodyweight,"Diagonal crunches lying down, feet above knees, each side separately","Диагональные скручивания лёжа, стопы над коленями, поочерёдно для каждой стороны",אלכסונים בשכיבה כף רגל מעל הברך כל צד בנפרד,isolation,,yes,yes
pg_לחיצת_כתפיים_בישיבה_כנגד_משקולות_230,pg,shoulders,Shoulders,Плечи,כתפיים,dumbbells,Seated shoulder press with dumbbells,Жим плечей сидя с гантелями,לחיצת כתפיים בישיבה כנגד משקולות,isolation,,yes,yes
pg_כפיפת_כתף_בעמידה_בישיבה_כנגד_משקולות_231,pg,shoulders,Shoulders,Плечи,כתפיים,dumbbells,Lateral raise standing/seated with dumbbells,Подъём рук в стороны стоя/сидя с гантелями,כפיפת כתף בעמידה / בישיבה כנגד משקולות,isolation,,yes,yes
pg_הרחקה_אופקית_בשכיבה_על_הבטן_כנגד_משקולות_232,pg,shoulders,Shoulders,Плечи,כתפיים,dumbbells,Push-ups lying on the stomach with dumbbells,Отжимания лёжа на животе с гантелями,הרחקה אופקית בשכיבה על הבטן כנגד משקולות,isolation,,yes,yes
pg_לחיצת_ארנולד_בישיבה_כנגד_משקולות_233,pg,shoulders,Shoulders,Плечи,כתפיים,dumbbells,Seated Arnold press with dumbbells,Арнольд пресс сидя с гантелями,לחיצת ארנולד בישיבה כנגד משקולות,isolation,,yes,yes
pg_כפיפת_כתף_בעמידה_כנגד_משקולות_יד_יד_234,pg,shoulders,Shoulders,Плечи,כתפיים,dumbbells,"Lateral raise standing with dumbbells, hand to hand","Подъём рук в стороны стоя с гантелями, рука к руке",כפיפת כתף בעמידה כנגד משקולות יד יד,isolation,,yes,yes
pg_חתירה_באחיזה_רחבה_הרחקה_אופקית_בשכיבה_על_הבטן_כנגד_235,pg,back,Back,Спина,גב,dumbbells,Wide-grip row (horizontal abduction) lying on stomach with dumbbells,Тяга в широком хвате (горизонтальное отведение) лежа на животе с гантелями,חתירה באחיזה רחבה (הרחקה אופקית) בשכיבה על הבטן כנגד משקולות,isolation,,yes,yes
pg_חתירה_בעמידה_כנגד_משקולות_236,pg,back,Back,Спина,גב,dumbbells,Standing row with dumbbells,Тяга в стоячем положении с гантелями,חתירה בעמידה כנגד משקולות,isolation,,yes,yes
pg_כפיפת_כתף_בישיבה_על_פיטבול_כנגד_משקולות_237,pg,back,Back,Спина,גב,dumbbells,Shoulder shrug sitting on a stability ball with dumbbells,Подъем плеч в сидении на фитболе с гантелями,כפיפת כתף בישיבה על פיטבול כנגד משקולות,isolation,,yes,yes
pg_הרחקה_אופקית_בהתיית_גוף_כנגד_משקולות_238,pg,shoulders,Shoulders,Плечи,כתפיים,dumbbells,Horizontal abduction of the body leaning forward with dumbbells,Горизонтальное отведение корпуса в наклоне с гантелями,הרחקה אופקית בהתיית גוף כנגד משקולות,isolation,,yes,yes
pg_הרחקת_זרועות_בישיבה_על_פיטבול_כנגד_משקולות_239,pg,shoulders,Shoulders,Плечи,כתפיים,dumbbells,Seated arm abduction on a stability ball with dumbbells,Отведение рук в сидении на фитболе с гантелями,הרחקת זרועות בישיבה על פיטבול כנגד משקולות,isolation,,yes,yes
pg_לחיצת_כתפיים_בישיבה_כנגד_משקולות_ספה_60_מעלות_240,pg,shoulders,Shoulders,Плечи,כתפיים,dumbbells,Seated shoulder press on a 60-degree bench with dumbbells,Жим плеч сидя на скамье под углом 60 градусов с гантелями,לחיצת כתפיים בישיבה כנגד משקולות ספה 60 מעלות,isolation,,yes,yes
pg_לחיצת_כתפים_בעמידה_בישיבה_כנגד_קרוסוור_פולי_תחתון_241,pg,shoulders,Shoulders,Плечи,כתפיים,cable,Shoulder press standing/seated with a low pulley on a cable machine,Жим плеч стоя/сидя с нижнего блока кроссовера,לחיצת כתפים בעמידה/ בישיבה כנגד קרוסוור פולי תחתון,isolation,,yes,yes
pg_כפיפת_כתף_בעמידה_כנגד_פולי_תחתון_פנים_לפולי_גב_לפו_242,pg,back,Back,Спина,גב,cable,Standing shrug with a low pulley (palms in/back to pulley),Подъем плеч стоя с нижним блоком (руки внутрь/спиной к блоку),כפיפת כתף בעמידה כנגד פולי תחתון פנים לפולי / גב לפולי,isolation,,yes,yes
pg_הרחקה_אופקית_בשכיבה_על_הגב_כנגד_כייבל_קרוס_243,pg,chest,Chest,Грудь,חזה,cable,Horizontal lying pull on a cable crossover,Горизонтальное отведение лежа на спине на кроссовере,הרחקה אופקית בשכיבה על הגב כנגד כייבל קרוס,isolation,,yes,yes
pg_חתירה_בעמידה_כנגד_פולי_תחתון_244,pg,shoulders,Shoulders,Плечи,כתפיים,cable,Horizontal standing pull on a low pulley,Горизонтальная тяга стоя на нижнем блоке,חתירה בעמידה כנגד פולי תחתון,isolation,,yes,yes
pg_כפיפת_כתף_בעמידה_כנגד_פולי_תחתון_כל_יד_בנפרד_245,pg,back,Back,Спина,גב,cable,"Shoulder shrug standing on a low pulley, each hand separately",Подъем плеч стоя на нижнем блоке каждой рукой отдельно,כפיפת כתף בעמידה כנגד פולי תחתון כל יד בנפרד,isolation,,yes,yes
pg_הרחקה_אופקית_בשכיבה_שיפוע_חיובי_כנגד_כייבל_קרוס_פו_246,pg,chest,Chest,Грудь,חזה,cable,Horizontal pull on an incline bench (positive angle) on a cable crossover with a neutral grip,Горизонтальное отведение на наклонной скамье (положительный угол) на кроссовере средним хватом,הרחקה אופקית בשכיבה שיפוע חיובי  כנגד כייבל קרוס פולי אמצעי באצלבה,isolation,,yes,yes
pg_הרחקת_כתפיים_בעמידה_כנגד_פולי_תחתון_כל_יד_בנפרד_247,pg,shoulders,Shoulders,Плечи,כתפיים,cable,"Shoulder abduction standing on a low pulley, each hand separately",Отведение плеч стоя на нижнем блоке каждой рукой отдельно,הרחקת כתפיים בעמידה כנגד פולי תחתון כל יד בנפרד,isolation,,yes,yes
pg_משיכה_באחיזה_רחבה_כנגד_t_bar_248,pg,back,Back,Спина,גב,cable,Pull with a wide grip on a T-BAR row,Тяга широким хватом на T-BAR,משיכה באחיזה רחבה כנגד T-BAR,isolation,,yes,yes
pg_הרחקת_כתפיים_בעמידה_כנגד_פולי_תחתון_באצלבה_249,pg,shoulders,Shoulders,Плечи,כתפיים,cable,Shoulder abduction standing on a low pulley on a bench,Отведение плеч стоя на нижнем блоке на скамье,הרחקת כתפיים בעמידה כנגד פולי תחתון באצלבה,isolation,,yes,yes
pg_חתירה_אופקית_בעמידה_כנגד_כייבל_קרוס_פולי_אמצעי_250,pg,chest,Chest,Грудь,חזה,cable,Horizontal standing pull on a cable crossover with a neutral grip,Горизонтальная тяга стоя на кроссовере средним хватом,חתירה אופקית בעמידה כנגד כייבל קרוס פולי אמצעי,isolation,,yes,yes
pg_לחיצת_כתפיים_בישיבה_כנגד_מוט_251,pg,shoulders,Shoulders,Плечи,כתפיים,barbell,Seated shoulder press with barbell,Жим плечами сидя со штангой,לחיצת כתפיים בישיבה כנגד מוט,isolation,,yes,yes
pg_כפיפת_כתף_בעמידה_כנגד_מוט_252,pg,back,Back,Спина,גב,barbell,Standing shoulder shrug with barbell,Подъем плеч стоя со штангой,כפיפת כתף בעמידה כנגד מוט,isolation,,yes,yes
pg_חתירה_בשכיבה_על_בטן_כנגד_מוט_אחיזה_רחבה_253,pg,back,Back,Спина,גב,barbell,Lying face-down row with barbell (wide grip),Тяга лежа на животе со штангой (широкий хват),חתירה בשכיבה על בטן כנגד מוט (אחיזה רחבה),isolation,,yes,yes
pg_חתירה_בעמידה_כנגד_מוט_w_254,pg,back,Back,Спина,גב,barbell,Standing row with barbell W-grip,Тяга стоя со штангой хватом W,חתירה בעמידה כנגד מוט W,isolation,,yes,yes
pg_לחיצת_כתפיים_בישיבה_60_מעלות_כנגד_מוט_h_255,pg,shoulders,Shoulders,Плечи,כתפיים,barbell,Seated 60-degree shoulder press with barbell H-grip,Жим плечами сидя под углом 60 градусов со штангой хватом H,לחיצת כתפיים בישיבה 60 מעלות כנגד מוט H,isolation,,yes,yes
pg_לחיצת_כתפיים_בישיבה_כנגד_סמית_משין_256,pg,shoulders,Shoulders,Плечи,כתפיים,machine,Seated shoulder press in Smith machine,Жим плечами сидя в Смите,לחיצת כתפיים בישיבה כנגד סמית משין,isolation,,yes,yes
pg_לחיצת_כתפיים_בישיבה_כנגד_מכונה_אחיזה_צרה_257,pg,shoulders,Shoulders,Плечи,כתפיים,machine,Seated shoulder press on machine (narrow grip),Жим плечами сидя на тренажере (узкий хват),לחיצת כתפיים בישיבה כנגד מכונה (אחיזה צרה),isolation,,yes,yes
pg_משיכה_באחיזה_רחבה_כנגד_מכונה_258,pg,back,Back,Спина,גב,machine,Wide-grip row on machine,Тяга широким хватом на тренажере,משיכה באחיזה רחבה כנגד מכונה,isolation,,yes,yes
pg_לחיצת_כתפיים_בישיבה_כנגד_מכונה_באחיזה_רחבה_259,pg,shoulders,Shoulders,Плечи,כתפיים,machine,Seated shoulder press with machine wide grip,Жим плеч сидя в тренажере широким хватом,לחיצת כתפיים בישיבה כנגד מכונה באחיזה רחבה,isolation,,yes,yes
pg_לחיצת_כתפיים_בישיבה_60_מעלות_כנגד_סמיט_משיין_אחיזה_260,pg,shoulders,Shoulders,Плечи,כתפיים,machine,Seated shoulder press 60 degrees in Smith machine narrow grip,Жим плеч сидя под углом 60 градусов в Смите узким хватом,לחיצת כתפיים בישיבה 60 מעלות כנגד סמיט משיין (אחיזה צרה),isolation,,yes,yes
pg_הרחקה_אופקית_בישיבה_כנגד_מכונה_12_261,pg,back,Back,Спина,גב,machine,Seated horizontal row on machine 12,Горизонтальная тяга сидя в тренажере 12,הרחקה אופקית בישיבה כנגד מכונה 12,isolation,,yes,yes
pg_רותציה_בכתף_262,pg,shoulders,Shoulders,Плечи,כתפיים,smith,Shoulder rotation,Вращение в плечевом суставе,רותציה בכתף:,isolation,,yes,yes
pg_כפיפת_ברכיים_בישיבה_כנגד_מכונה_263,pg,legs,Legs,Ноги,רגליים,other,Seated leg curl in machine,Сгибание ног сидя в тренажере,"כפיפת ברכיים, בישיבה כנגד מכונה",isolation,,yes,yes
pg_הרחקה_אופקית_בישיבה_כנגד_מכונה_264,pg,back,Back,Спина,גב,other,Seated horizontal row in machine,Горизонтальная тяга сидя в тренажере,הרחקה אופקית בישיבה כנגד מכונה,isolation,,yes,yes
pg_סקוואט_כנגד_משקולת_265,pg,legs,Legs,Ноги,רגליים,other,Kettlebell squat,Приседания с гирей,סקוואט כנגד משקולת,isolation,,yes,yes
pg_כפיפת_ברכיים_בישיבה_כנגד_מכונה_כל_רגל_בנפרד_266,pg,legs,Legs,Ноги,רגליים,other,Seated leg curl machine one leg at a time,Сгибание ног сидя на тренажере поочередно,כפיפת ברכיים בישיבה כנגד מכונה כל רגל בנפרד,isolation,,yes,yes
pg_הרחקהת_ירך_בעמידה_כנגד_פולי_תחתון_267,pg,legs,Legs,Ноги,רגליים,other,Standing hip abduction machine with low pulley,Отведение бедра стоя в тренажере с нижним блоком,הרחקהת ירך בעמידה כנגד פולי תחתון,isolation,,yes,yes
pg_סקוואט_סומו_כנגד_משקולת_1_268,pg,legs,Legs,Ноги,רגליים,other,Sumo squat with dumbbell 1,Приседания сумо с гантелью 1,סקוואט סומו כנגד משקולת 1,isolation,,yes,yes
pg_כפיפת_ברכיים_בעמידה_כנגד_מכונה_כל_רגל_בנפרד_269,pg,legs,Legs,Ноги,רגליים,other,Standing leg curl machine one leg at a time,Сгибание ног стоя на тренажере поочередно,כפיפת ברכיים בעמידה כנגד מכונה כל רגל בנפרד,isolation,,yes,yes
pg_הרחקהת_ירך_בשכיבה_עם_משקולת_רגל_270,pg,legs,Legs,Ноги,רגליים,other,Lying hip abduction with dumbbell on leg,Отведение бедра лежа с гантелью на ноге,הרחקהת ירך בשכיבה עם משקולת רגל,isolation,,yes,yes
pg_סקוואט_בעמידה_על_בוסו_כנגד_משקולות_271,pg,legs,Legs,Ноги,רגליים,other,Standing squat on BOSU with dumbbells,Приседания стоя на BOSU с гантелями,סקוואט בעמידה על בוסו כנגד משקולות,isolation,,yes,yes
pg_נפילה_קדימה_מעמידת_ברכיים_על_2_ספות_272,pg,legs,Legs,Ноги,רגליים,other,Forward lunge from knees on 2 benches,Выпад вперед из коленно-локтевой упора на 2 скамейках,נפילה קדימה מעמידת ברכיים על 2 ספות,isolation,,yes,yes
pg_מכרעים_כנגד_משקולות_273,pg,legs,Legs,Ноги,רגליים,other,Dumbbell squats,Приседания с гантелями,מכרעים כנגד משקולות,isolation,,yes,yes
pg_כפיפת_ברכיים_עם_משקל_גוף_רגליים_על_ארגז_בטליה_על_מ_274,pg,legs,Legs,Ноги,רגליים,other,"Bodyweight knee flexion, feet on a box, elbows on a bench","Сгибание коленей с весом тела, ноги на скамейке, упор на локти","כפיפת ברכיים עם משקל גוף, רגליים על ארגז, בטליה על מקבלים",isolation,,yes,yes
pg_דד_ליפט_כנגד_משקולות_275,pg,legs,Legs,Ноги,רגליים,other,Dumbbell hip abduction,Отведение бедра с гантелью,דד ליפט כנגד משקולות,isolation,,yes,yes
pg_כפיפת_ברךברכיים_בשכיבה_על_בטן_כנגד_פולי_תחחתון_276,pg,legs,Legs,Ноги,רגליים,other,Prone knee flexion against a low pulley,Сгибание коленей в положении лежа на животе с нижней блоком,כפיפת ברך\ברכיים בשכיבה על בטן כנגד פולי תחחתון,isolation,,yes,yes
pg_מקרבים_277,pg,legs,Legs,Ноги,רגליים,other,Hip adduction,Приведение бедер,מקרבים,isolation,,yes,yes
pg_סומו_דד_ליפת_כנגד_משקולת_278,pg,legs,Legs,Ноги,רגליים,other,Sumo dumbbell hip abduction,Сумо отведение бедра с гантелью,סומו דד ליפת כנגד משקולת,isolation,,yes,yes
pg_סטיף_לג_דד_ליפת_כנגד_משקולת_מוט_סמית_משין_279,pg,legs,Legs,Ноги,רגליים,other,Dumbbell / Barbell / Smith machine hip abduction,Отведение бедра в стороны с гантелью / штангой / в машине Смита,סטיף לג דד ליפת כנגד משקולת \ מוט \ סמית' משין,isolation,,yes,yes
pg_קירוב_אופקי_בישיבה_כנגד_מכונה_280,pg,legs,Legs,Ноги,רגליים,other,Seated hip adduction machine,Приведение бедра сидя в тренажере,קירוב אופקי בישיבה כנגד מכונה,isolation,,yes,yes
pg_כפיפת_ברך_1_בעמידה_281,pg,legs,Legs,Ноги,רגליים,other,Standing knee flexion,Сгибание колена в положении стоя,כפיפת ברך 1 בעמידה,isolation,,yes,yes
pg_קירוב_ירך_בעמידה_כנגד_פולי_תחתון_282,pg,legs,Legs,Ноги,רגליים,other,Standing thigh adduction with low pulley,Приведение бедра стоя в нижнем блоке,קירוב ירך בעמידה כנגד פולי תחתון,isolation,,yes,yes
pg_סקוואט_כנגד_כרוס_קרואובר_פולי_תחתון_283,pg,legs,Legs,Ноги,רגליים,other,Crossover squat with low pulley,Приседания в кроссовере с нижним блоком,סקוואט כנגד כרוס קרואובר פולי תחתון,isolation,,yes,yes
pg_קירוב_ירך_בעמידה_כנגד_פולי_אמצעי_284,pg,legs,Legs,Ноги,רגליים,other,Standing thigh adduction with mid pulley,Приведение бедра стоя в среднем блоке,קירוב ירך בעמידה כנגד פולי אמצעי,isolation,,yes,yes
pg_סקוואט_סומו_כנגד_כרוס_קרואובר_פולי_תחתון_285,pg,legs,Legs,Ноги,רגליים,other,Sumo squat in crossover with low pulley,Приседания сумо в кроссовере с нижним блоком,סקוואט סומו כנגד כרוס קרואובר פולי תחתון,isolation,,yes,yes
pg_פשיטת_ברכיים_בישיבה_כנגד_מכונה_286,pg,legs,Legs,Ноги,רגליים,other,Seated leg extension on a machine,Разгибание сидя на тренажере для ног,פשיטת ברכיים בישיבה כנגד מכונה,isolation,,yes,yes
pg_סקוואט_בעמידה_על_בוסו_כנגד_קרואובר_פולי_תחתון_287,pg,legs,Legs,Ноги,רגליים,other,BOSU squat in crossover with low pulley,Приседания на BOSU в кроссовере с нижним блоком,סקוואט בעמידה על בוסו כנגד קרואובר פולי תחתון,isolation,,yes,yes
pg_פשיטת_ברכיים_בישיבה_כנגד_מכונה_רגל_רגל_288,pg,legs,Legs,Ноги,רגליים,other,Seated leg extension on a machine (one leg at a time),Разгибание сидя на тренажере для ног (поочередно),פשיטת ברכיים בישיבה כנגד מכונה (רגל-רגל),isolation,,yes,yes
pg_gastroknemius_289,pg,legs,Legs,Ноги,רגליים,other,Gastrocnemius,Икроножная мышца (gastrocnemius),gastroknemius,isolation,,yes,yes
pg_פשיטת_ברכיים_בשכיבה_שיפוע_שלילי_כנגד_פוליתחתון_על__290,pg,legs,Legs,Ноги,רגליים,other,Lying leg extension on an incline bench (reverse) with weight on legs on a 30° bench,Разгибание ног лежа на наклонной скамье (обратный) с отягощением на ногах на скамье 30°,פשיטת ברכיים בשכיבה שיפוע שלילי כנגד פוליתחתון על ספה 30№,isolation,,yes,yes
pg_פשיטת_שורש_כף_רגל_בעמידה_על_מדרגה_כנגד_סמית_משין_291,pg,legs,Legs,Ноги,רגליים,other,Calf raise standing on a step against a Smith machine,Разгибание голеностопа стоя на платформе со штангой Смита,פשיטת שורש כף רגל בעמידה על מדרגה כנגד סמית' משין,isolation,,yes,yes
pg_סקוואט_כנגד_מוט_292,pg,legs,Legs,Ноги,רגליים,other,Barbell back squat,Приседания со штангой на спине,סקוואט כנגד מוט,isolation,,yes,yes
pg_פשיטת_שורש_כף_רגל_בעמידה_על_מדרגה_כנגד_משקולת_293,pg,legs,Legs,Ноги,רגליים,other,Calf raise standing on a step with a dumbbell,Разгибание голеностопа стоя на платформе с гантелью,פשיטת שורש כף רגל בעמידה על מדרגה כנגד משקולת,isolation,,yes,yes
pg_פשיטת_שורש_כף_רגל_בעמידה_על_מדרגה_כנגד_משקולת_רגל__295,pg,legs,Legs,Ноги,רגליים,other,Single-leg calf raise standing on a step with a dumbbell,Разгибание голеностопа стоя на платформе с гантелью (одна нога),פשיטת שורש כף רגל בעמידה על מדרגה כנגד משקולת רגל-רגל,isolation,,yes,yes
pg_סקוואט_בעמידה_על_בוסו_כנגד_משקולותמשקל_גוףמוט_296,pg,legs,Legs,Ноги,רגליים,other,Squat on a Bosu ball with dumbbell/body weight/barbell,Приседания на Bosu с гантелями/собственным весом/со штангой,סקוואט בעמידה על בוסו כנגד משקולות/משקל גוף/מוט,isolation,,yes,yes
pg_פשיטת_שורש_כף_רגל_בישיבה_כנגד_מכונה_297,pg,legs,Legs,Ноги,רגליים,other,Seated calf extension,Разгибание голени сидя на тренажере,פשיטת שורש כף רגל בישיבה כנגד מכונה,isolation,,yes,yes
pg_מכרעים_כנגד_מוט_298,pg,legs,Legs,Ноги,רגליים,other,Barbell squats,Приседания со штангой,מכרעים כנגד מוט,isolation,,yes,yes
pg_פשיטת_ירך_בהטיית_גוף_כנגד_פולי_תחתון_299,pg,legs,Legs,Ноги,רגליים,other,Seated leg extension with low pulley,Разгибание бедра в наклоне с нижнего блока,פשיטת ירך בהטיית גוף כנגד פולי תחתון,isolation,,yes,yes
pg_פשיטת_שורש_כף_רגל_בעמידה_על_מדרגה_ל_רגל_בנפרד_300,pg,legs,Legs,Ноги,רגליים,other,Single-leg calf raise on a step,Разгибание голени стоя на платформе на одной ноге,פשיטת שורש כף רגל בעמידה על מדרגה ל רגל בנפרד,isolation,,yes,yes
pg_פשיטת_ירך_בעמידת_6_עם_משקולת_על_הרגל_302,pg,legs,Legs,Ноги,רגליים,other,Kneeling leg extension with weight,Разгибание бедра в упоре на коленях с весом на ноге,פשיטת ירך בעמידת 6 עם משקולת על הרגל,isolation,,yes,yes
pg_כופפי_ירך_303,pg,legs,Legs,Ноги,רגליים,other,Lying leg curl,Сгибание бедра лежа,כופפי ירך,isolation,,yes,yes
pg_סומו_דד_ליפת_כנגד_מוט_304,pg,legs,Legs,Ноги,רגליים,other,Barbell bicep curl,Подъем штанги на бицепс стоя,סומו דד ליפת כנגד מוט,isolation,,yes,yes
pg_הרמת_ישבן_ב_סמית_משין_305,pg,legs,Legs,Ноги,רגליים,other,Smith Machine Hip Thrust,Подъем ягодиц в Смите,הרמת ישבן ב סמית משין,isolation,,yes,yes
pg_כפיפת_ירך_בעתיית_כנגד_פולי_תחתון_כל_רגל_בנפרד_הברך_306,pg,legs,Legs,Ноги,רגליים,other,"Seated Hip Abduction with Lower Pulley, each leg separately, knee leading","Сгибание бедра лежа на боку с нижней рукоятью, каждая нога отдельно, колено впереди",כפיפת ירך בעתיית  כנגד פולי תחתון כל רגל בנפרד הברך מוביל,isolation,,yes,yes
pg_הרמת_ישבן_על_מזרן_עם_גומיה_307,pg,legs,Legs,Ноги,רגליים,other,Glute Bridge on Mat with Resistance Band,Подъем ягодиц на мате с эспандером,הרמת ישבן על מזרן עם גומיה,isolation,,yes,yes
pg_כפיפת_ירך_בעמידה_כנגד_פולי_תחתון_כל_רגל_בנפרד_כף_ר_308,pg,legs,Legs,Ноги,רגליים,other,"Standing Hip Abduction with Lower Pulley, each leg separately, foot leading","Сгибание бедра стоя с нижней рукоятью, каждая нога отдельно, стопа впереди",כפיפת ירך בעמידה  כנגד פולי תחתון כל רגל בנפרד כף רגל מוביל,isolation,,yes,yes
pg_פשיטת_ירך_בהטיית_גוף_כנגד_מכונה_310,pg,legs,Legs,Ноги,רגליים,other,Hip Extension Machine,Разгибание бедра с наклоном корпуса в тренажере,פשיטת ירך בהטיית גוף כנגד מכונה,isolation,,yes,yes
pg_כפיפת_ירך_בעמידה_כנגד_פולי_אמצעי_כל_רגל_בנפרד_311,pg,legs,Legs,Ноги,רגליים,other,"Standing Hip Abduction with Mid Pulley, each leg separately","Сгибание бедра стоя с средней рукоятью, каждая нога отдельно",כפיפת ירך בעמידה כנגד פולי אמצעי כל רגל בנפרד,isolation,,yes,yes
pg_סקוואט_סומו_כנגד_סמית_משין_312,pg,legs,Legs,Ноги,רגליים,other,Sumo Squat against Smith Machine,Сумо-приседания в Смите,סקוואט סומו כנגד סמית' משין,isolation,,yes,yes
pg_היפ_טראסט_גב_על_ספה_רגליים_על_הרגז_313,pg,legs,Legs,Ноги,רגליים,other,"Hip Thrust, back on bench, feet on elevated surface","Ягодичный мостик на скамье, ноги на возвышении","היפ טראסט, גב על ספה, רגליים על הרגז",isolation,,yes,yes
pg_סומו_דד_ליפת_כנגד_סמיט_משין_314,pg,legs,Legs,Ноги,רגליים,smith,Sumo Dips on Smith Machine,Сумо отжимания на брусья Смитта,סומו דד ליפת כנגד סמיט משין,isolation,,yes,yes
pg_היפ_טראסט_בסמית_משין_315,pg,legs,Legs,Ноги,רגליים,machine,Hip Thrust in Smith Machine,Ягодичный мостик в Смите,היפ טראסט בסמית משין,isolation,,yes,yes
pg_פיסטול_סקווט_עם_אזרה_של_מות_סמיט_משין_trx_316,pg,legs,Legs,Ноги,רגליים,bodyweight,Pistol Squat with Smith Machine / TRX resistance band,Пистолетные приседания с эспандером в Смите / TRX,פיסטול סקווט עם אזרה של מות סמיט משין / TRX,isolation,,yes,yes
pg_מכריים_דינמי_בתנוע_קדימה_אחורה_317,pg,back,Back,Спина,גב,bosu,"Straight-Leg Deadlift, stepping forward / backward",Динамическая тяга штанги на прямых ногах шагом вперед / назад,מכריים דינמי בתנוע קדימה / אחורה,isolation,,yes,yes
pg_קפיצה_על_מדרגה_box_318,pg,legs,Legs,Ноги,רגליים,bosu,Box Jump,Прыжки на скамейку / BOX,קפיצה על מדרגה / BOX,isolation,,yes,yes
pg_עליה_על_ארגז_כל_רגל_בנפרד_319,pg,legs,Legs,Ноги,רגליים,bosu,"Step-up on box, alternating legs",Подъем на ящик поочередно каждой ногой,עליה על ארגז כל רגל בנפרד,isolation,,yes,yes
pg_סיבובי_ירך_שמולה_וימינה_כל_רגל_בנפרד_320,pg,warmup,Warmup,Разминка,חימוום,other,"Hip rotations, left and right, each leg separately","Вращения тазом, влево и вправо, каждая нога отдельно","סיבובי ירך, שמולה וימינה, כל רגל בנפרד",isolation,,yes,yes
pg_סיבובי_ברך_שמולה_וימינה_כל_רגל_בנפרד_321,pg,warmup,Warmup,Разминка,חימוום,other,"Knee rotations, left and right, each leg separately","Вращения коленом, влево и вправо, каждая нога отдельно","סיבובי ברך, שמולה וימינה, כל רגל בנפרד",isolation,,yes,yes
pg_סיבובי_ברכיים_בהטיית_לפנים_ידיים_על_ברכיים_שמולה_ו_322,pg,warmup,Warmup,Разминка,חימוום,other,"Knee rotations with forward tilt, hands on knees, left and right","Вращения коленями с наклоном вперёд, руки на коленях, влево и вправо","סיבובי ברכיים בהטיית לפנים, ידיים על ברכיים, שמולה וימינה",isolation,,yes,yes
pg_סיבובי_קרסול_שמולה_וימינה_כל_רגל_בנפרד_323,pg,warmup,Warmup,Разминка,חימוום,other,"Ankle rotations, left and right, each leg separately","Вращения голеностопом, влево и вправо, каждая нога отдельно","סיבובי קרסול, שמולה וימינה, כל רגל בנפרד",isolation,,yes,yes
pg_סיבובי_כתפיים_קדימה_ואחורה_324,pg,warmup,Warmup,Разминка,חימוום,other,"Shoulder rotations, forward and backward","Вращения плечами, вперёд и назад","סיבובי כתפיים, קדימה ואחורה",isolation,,yes,yes
pg_סיבובי_ידיים_בכתך_קדימה_ואחורה_325,pg,warmup,Warmup,Разминка,חימוום,other,"Arm rotations in shoulders, forward and backward","Вращения руками в плечах, вперёд и назад","סיבובי ידיים בכתך, קדימה ואחורה",isolation,,yes,yes
pg_סיבובי_ידיים_בכתך_קדימה_ואחורה_כל_יד_בנפרד_326,pg,warmup,Warmup,Разминка,חימוום,other,"Arm rotations in shoulders, forward and backward, each arm separately","Вращения руками в плечах, вперёд и назад, каждая рука отдельно","סיבובי ידיים בכתך, קדימה ואחורה, כל יד בנפרד",isolation,,yes,yes
pg_סיבובי_ידיים_במרפק_שמולה_וימינה_327,pg,warmup,Warmup,Разминка,חימוום,other,"Arm rotations at the elbows, left and right","Вращения руками в локтях, влево и вправо","סיבובי ידיים במרפק, שמולה וימינה",isolation,,yes,yes
pg_סיבובי_ידיים_במרפק_שמולה_וימינה_כל_יד_בנפרד_328,pg,warmup,Warmup,Разминка,חימוום,other,"Elbow rotations, left and right, each arm separately","Вращения руками в локтях, влево и вправо, каждая рука отдельно","סיבובי ידיים במרפק, שמולה וימינה, כל יד בנפרד",isolation,,yes,yes
pg_סיבובי_פנימי_וחיצוני_כפות_יד_329,pg,warmup,Warmup,Разминка,חימוום,other,Internal and external wrist rotations,Внутренние и внешние вращения кистей рук,סיבובי פנימי וחיצוני כפות יד,isolation,,yes,yes
pg_סיבובי_כף_יד_שמולה_וימינה_כל_יד_בנפרד_330,pg,warmup,Warmup,Разминка,חימוום,other,"Wrist rotations, left and right, each arm separately","Вращения кистями рук, влево и вправо, каждая рука отдельно","סיבובי כף יד, שמולה וימינה, כל יד בנפרד",isolation,,yes,yes
pg_סיבובי_ישבן_בעמידה_שמולה_וימינה_332,pg,warmup,Warmup,Разминка,חימוום,other,"Standing hip rotations, left and right","Вращения тазом стоя, влево и вправо","סיבובי ישבן בעמידה, שמולה וימינה",isolation,,yes,yes
pg_צוואר_333,pg,warmup,Warmup,Разминка,חימוום,other,Neck,Шея,צוואר,isolation,,yes,yes
pg_סיבובי_צוואר_ימינה_ושמולה_334,pg,warmup,Warmup,Разминка,חימוום,other,"Neck rotations, right and left",Вращения шеей вправо и влево,סיבובי צוואר ימינה ושמולה,isolation,,yes,yes
pg_כפיפה_איטית_בצוואר_שמולה_ימינה_קדימה_ואחורה_335,pg,warmup,Warmup,Разминка,חימוום,other,"Slow neck tilts, left, right, forward, and backward","Медленные наклоны шеей, влево, вправо, вперед и назад","כפיפה איטית בצוואר, שמולה, ימינה, קדימה ואחורה",isolation,,yes,yes
pg_כל_הגוף_336,pg,warmup,Warmup,Разминка,חימוום,other,Full body,Все тело,כל הגוף,isolation,,yes,yes
pg_קפיצות_עם_פתיחה_וסגירה_רגליים_כפיים_יד_ביד_ויד_ברג_337,pg,warmup,Warmup,Разминка,חימוום,other,Jumping with leg spread and close + hand to hand and hand to foot claps,Прыжки с разведением и сведением ног + хлопки руками перед собой и с ног на руку,קפיצות עם פתיחה וסגירה רגליים + כפיים יד ביד ויד ברגל,isolation,,yes,yes
pg_בורפי_338,pg,warmup,Warmup,Разминка,חימוום,other,Burpee,Бёрпи,בורפי,isolation,,yes,yes
pg_מתיחות_גמישות_339,pg,stretching,Stretching,Растяжка,מתיחות,other,Stretching / Flexibility,Растяжка / Гибкость,מתיחות \ גמישות,isolation,,yes,yes
pg_hamstring_המסטרינג_340,pg,stretching,Stretching,Растяжка,מתיחות,other,Hamstring,Подвздошно-поясничная мышца (бицепс бедра),Hamstring - המסטרינג,isolation,,yes,yes
pg_shoulder_muscles_שרירי_כתף_341,pg,stretching,Stretching,Растяжка,מתיחות,other,Shoulder muscles,Мышцы плеч,Shoulder muscles - שרירי כתף,isolation,,yes,yes
pg_מתיחות_המסטרינג_על_מתקן_111926_כל_רגל_בנפרד_342,pg,stretching,Stretching,Растяжка,מתיחות,other,"Hamstring stretching: on apparatus 11,19,26, each leg separately","Растяжка бицепса бедра: на снарядах 11,19,26, каждая нога по отдельности","מתיחות המסטרינג: על מתקן 11,19,26, כל רגל בנפרד",isolation,,yes,yes
pg_מתיחות_כתפיים_בהטיית_גוף_כנגד_גומיה_לקשור_גומיה_לס_343,pg,stretching,Stretching,Растяжка,מתיחות,other,Shoulder stretching: with body tilt against a resistance band (attach band to a ladder),Растяжка плеч: с наклоном тела против эспандера (эспандер привязать к лесенке),"מתיחות כתפיים: בהטיית גוף כנגד גומיה, (לקשור גומיה לסולם עץ)",isolation,,yes,yes
pg_מתיחות_המסטרינג_בתנוע_של_דדליפת_רומני_כל_רגל_בנפרד_344,pg,legs,Legs,Ноги,רגליים,other,"Hamstring Stretch: Romanian Deadlift movement, each leg separately","Растяжка подколенных сухожилий: движение румынской становой тяги, каждая нога отдельно","מתיחות המסטרינג: בתנוע של דדליפת רומני, כל רגל בנפרד",isolation,,yes,yes
pg_מתיחות_כתפיים_בישיבה_על_מזרן_להישען_על_ארגז_כנגד_ג_345,pg,stretching,Stretching,Растяжка,מתיחות,other,"Shoulder Stretch: Sitting on a mat, lean against a box against a resistance band (attach band to a ladder)","Растяжка плеч: сидя на коврике, наклониться на коробку против эспандера (привязать эспандер к лесенке)","מתיחות כתפיים: בישיבה על מזרן להישען על ארגז כנגד גומיה, (לקשור גומיה לסולם עץ)",isolation,,yes,yes
pg_מתיחות_המסטרינג_בישיבה_על_מזרן_כנגד_גומיה_ירוקה_לח_346,pg,stretching,Stretching,Растяжка,מתיחות,other,"Hamstring Stretch: Sitting on a mat, against a green resistance band (attach band to a ladder)","Растяжка подколенных сухожилий: сидя на коврике, против зеленого эспандера (привязать эспандер к лесенке)","מתיחות המסטרינג: בישיבה על מזרן, כנגד גומיה ירוקה (לחבר גומיה לסולם עץ)",isolation,,yes,yes
pg_מתיחות_כתפיים_בהטיית_גוף_להחזיק_מוט_סמית_משין_מלמל_347,pg,stretching,Stretching,Растяжка,מתיחות,other,"Shoulder Stretch: Body tilt, hold a Smith machine bar at chin level, push the body forward","Растяжка плеч: наклон корпуса, держать штангу Смита на уровне подбородка, толкать корпус вперед","מתיחות כתפיים: בהטיית גוף להחזיק מוט סמית משין מלמלה, לדחוף לגוף קדימה",isolation,,yes,yes
pg_מתיחות_כתפיים_להביא_יד_לצד_נגדי_ולתפוס_אותה_עם_היד_348,pg,stretching,Stretching,Растяжка,מתיחות,other,"Shoulder Stretch: Bring one hand to the opposite side and catch it with the other hand, each hand separately","Растяжка плеч: одну руку завести за спину и поймать ее другой рукой, каждая рука отдельно","מתיחות כתפיים: להביא יד לצד נגדי ולתפוס אותה עם היד השניה, כל יד בנפרד",isolation,,yes,yes
pg_gastrocnemius_תאומים_349,pg,stretching,Stretching,Растяжка,מתיחות,other,Gastrocnemius - Twins,Икроножная мышца - камбаловидная,Gastrocnemius - תאומים,isolation,,yes,yes
pg_מתיחות_תאומים_בישיבה_כנגד_מכונה_15_במשקל_כפול_ממשק_350,pg,stretching,Stretching,Растяжка,מתיחות,other,"Calf Stretch: Sitting on machine 15, with double body weight","Растяжка икроножных мышц: сидя на тренажере 15, с двойным весом от тела","מתיחות תאומים: בישיבה כנגד מכונה 15, במשקל כפול ממשקל גוף",isolation,,yes,yes
pg_triceps_יד_אחורית_351,pg,stretching,Stretching,Растяжка,מתיחות,other,Triceps - Back of the arm,Трицепс - задняя часть руки,Triceps - יד אחורית,isolation,,yes,yes
pg_מתיחות_תאומים_בישיבה_רגליים_על_מדרגה_כנגד_סמית_משי_352,pg,stretching,Stretching,Растяжка,מתיחות,other,"Hamstring Stretch: Seated, legs on Smith machine, weighted","Растяжка бицепса бедра: сидя, ноги на скамье Смита, с утяжелением","מתיחות תאומים: בישיבה, רגליים על מדרגה כנגד סמית משין, במשקל כפול ממשקל גוף",isolation,,yes,yes
pg_מתיחות_יד_אחורית_להעביר_יד_מאחורי_העורף_לחוף_אותה__353,pg,shoulders,Shoulders,Плечи,כתפיים,other,"Rear Deltoid Stretch: Bring one hand behind the back, press down with the other hand, separately for each hand","Растяжка задней дельты: одна рука за спиной, другой давим вниз, по очереди каждой рукой","מתיחות יד אחורית: להעביר יד מאחורי העורף, לחוף אותה למטה עם יד השניה, כל יד בנפרד",isolation,,yes,yes
pg_מתיחות_תאומים_בעמידה_על_מדרגה_כל_רגל_בנפרד_354,pg,stretching,Stretching,Растяжка,מתיחות,bodyweight,"Hamstring Stretch: Standing, each foot on a separate bench","Растяжка бицепса бедра: стоя, каждая нога на отдельной скамейке",מתיחות תאומים: בעמידה על מדרגה כל רגל בנפרד,isolation,,yes,yes
pg_biceps_יד_קדמית_שריר_הזרוע_355,pg,stretching,Stretching,Растяжка,מתיחות,bodyweight,Biceps - Front deltoid,Бицепс - передняя рука (дельта),Biceps - יד קדמית (שריר הזרוע),isolation,,yes,yes
pg_מתיחות_יד_קדמית_למתוח_יד_ימין_ישרה_בפרונציה_כנגד_ע_356,pg,stretching,Stretching,Растяжка,מתיחות,bodyweight,"Front Deltoid Stretch: Straighten right arm to the side against a pole, pulling towards the opposite shoulder","Растяжка передней дельты: правая рука выпрямлена и отведена в сторону у стойки, тянув к противоположному плечу","מתיחות יד קדמית: למתוח יד ימין ישרה בפרונציה כנגד עמוד, לקיוון שמולה",isolation,,yes,yes
pg_quadriceps_ארבע_ראשי_357,pg,stretching,Stretching,Растяжка,מתיחות,bodyweight,Quadriceps - Quad,Квадрицепс - четырехглавая мышца,Quadriceps - ארבע ראשי,isolation,,yes,yes
pg_מתיחות_יד_קדמית_למתוח_יד_שמול_ישרה_בפרונציה_כנגד_ע_358,pg,stretching,Stretching,Растяжка,מתיחות,bodyweight,"Front Deltoid Stretch: Straighten arm to the side against a pole, pulling towards the same shoulder","Растяжка передней дельты: рука выпрямлена и отведена в сторону у стойки, тянув к своему плечу","מתיחות יד קדמית: למתוח יד שמול ישרה בפרונציה כנגד עמוד, לקיוון ימינה",isolation,,yes,yes
pg_מתיחות_ארבע_ראשי_בעמידה_על_רגל_אחד_למשוך_למעלה_מאח_359,pg,stretching,Stretching,Растяжка,מתיחות,bodyweight,"Quadriceps Stretch: Standing on one leg, pull the opposite leg up behind the back, separately for each leg","Растяжка квадрицепса: стоя на одной ноге, тянуть другую ногу вверх за спиной, по очереди каждой ногой","מתיחות ארבע ראשי:  בעמידה על רגל אחד למשוך למעלה מאחורי הגב רגל נגדית, כל רגל בנפרד",isolation,,yes,yes
pg_מתיחות_לארבע_ראשי_בעמידה_על_הברכיים_על_מזרן_להישען_360,pg,stretching,Stretching,Растяжка,מתיחות,bodyweight,"Quadriceps stretch: kneeling on a mat, lean back","Растяжка четырехглавой мышцы: стоя на коленях на коврике, отклониться назад","מתיחות לארבע ראשי: בעמידה על הברכיים על מזרן, להישען אחורה",isolation,,yes,yes
pg_pectoralis_major_שרירי_חזה_361,pg,stretching,Stretching,Растяжка,מתיחות,bodyweight,Pectoralis major - chest muscles,Грудные мышцы - большая грудная мышца,pectoralis major - שרירי חזה,isolation,,yes,yes
pg_מתיחות_שרירי_חזה_למתוח_יד_ימין_ישרה_במצב_פטישים_כנ_362,pg,stretching,Stretching,Растяжка,מתיחות,bodyweight,"Chest stretch: extend right arm straight in a hammer position, against a pillar, turn body towards it","Растяжка грудных мышц: вытянуть правую руку прямо в положении планки, к стене напротив, поворот корпуса к ней","מתיחות שרירי חזה: למתוח יד ימין ישרה במצב פטישים, כנגד עמוד, לקיוון שמולה",isolation,,yes,yes
pg_hip_muscles_מקרבי_ירך_363,pg,legs,Legs,Ноги,רגליים,bodyweight,Hip muscles - adductor muscles,Мышцы бедра - приводящие мышцы бедра,Hip muscles - מקרבי ירך,isolation,,yes,yes
pg_מתיחות_שרירי_חזה_למתוח_יד_שמול_ישרה_במצב_פטישים_כנ_364,pg,stretching,Stretching,Растяжка,מתיחות,bodyweight,"Chest stretch: extend left arm straight in a hammer position, against a pillar, turn body to the right","Растяжка грудных мышц: вытянуть левую руку прямо в положении планки, к стене напротив, поворот корпуса вправо","מתיחות שרירי חזה: למתוח יד שמול ישרה במצב פטישים, כנגד עמוד, לקיוון ימינה",isolation,,yes,yes
pg_מתיחות_למקרבי_ירך_בישיבה_על_מזרן_לפתוח_רגליים_במקס_365,pg,legs,Legs,Ноги,רגליים,bodyweight,"Adductor stretch: sitting on a mat, open legs to the sides as wide as possible, pull towards the feet with hands","Растяжка для приводящих мышц бедра: сидя на коврике, максимально развести ноги в стороны, потянуться руками к ступням","מתיחות למקרבי ירך: בישיבה על מזרן לפתוח רגליים במקסימום לצדדים, למשוך בידיים סולם עץ",isolation,,yes,yes
pg_מתיחות_למקרבי_ירך_בישיבה_על_מזרן_להצמיד_כפות_רגליי_366,pg,legs,Legs,Ноги,רגליים,bodyweight,"Adductor stretch: sitting on a mat, bring feet together, lean forward","Растяжка для приводящих мышц бедра: сидя на коврике, соединить стопы, наклониться вперед","מתיחות למקרבי ירך: בישיבה על מזרן  להצמיד כפות רגליים אחד לשני, להישען קדימה",isolation,,yes,yes
pg_עמוד_השדרה_367,pg,stretching,Stretching,Растяжка,מתיחות,bodyweight,Spine,Позвоночник,עמוד השדרה,isolation,,yes,yes
pg_מתיחות_למקרבי_ירך_רגל_אחד_על_מוט_של_סמית_משיין_והש_368,pg,legs,Legs,Ноги,רגליים,bodyweight,"Hip adductor stretch: one leg on Smith machine bar, the other on the floor, stretch inner thigh, each leg separately","Растяжка для приведения бедра: одна нога на перекладине Смита, другая на полу, растягивать внутреннюю поверхность бедра, каждую ногу отдельно","מתיחות למקרבי ירך: רגל אחד על מוט של סמית משיין והשניה על הריצפה, לניהח על צד פנימי, כל רגל בנפרד",isolation,,yes,yes
pg_back_straighteners_זוכפי_גב_369,pg,stretching,Stretching,Растяжка,מתיחות,bodyweight,Back straighteners - Back extensors,Разгибания спины - Зашкфы гб,Back straighteners - זוכפי גב,isolation,,yes,yes
pg_מתיחות_גב_תחתון_בשכיבה_על_הגב_למשוך_ברכיים_לחזה_370,pg,stretching,Stretching,Растяжка,מתיחות,bodyweight,"Lower back stretch: lying on back, pull knees to chest","Растяжка нижней части спины: лежа на спине, тянуть колени к груди",מתיחות גב תחתון: בשכיבה על הגב למשוך ברכיים לחזה,isolation,,yes,yes
pg_hip_flexors_and_extensors_כופפי_ופושטי_ירך_371,pg,stretching,Stretching,Растяжка,מתיחות,bodyweight,Hip flexors and extensors,Сгибатели и разгибатели бедра,Hip flexors and extensors - כופפי ופושטי ירך,isolation,,yes,yes
pg_בעמידה_מפוצלת_לאט_לרדת_למטה_עם_רצועות_trx_כל_צד_בנ_372,pg,stretching,Stretching,Растяжка,מתיחות,bodyweight,"In a split stance, slowly lower down, with TRX straps, each side separately","В раздельном положении, медленно опускаться вниз, с TRX-петлями, каждую сторону по отдельности","בעמידה מפוצלת, לאט לרדת למטה, עם רצועות TRX, כל צד בנפרד",isolation,,yes,yes
pg_neck_צוואר_373,pg,stretching,Stretching,Растяжка,מתיחות,bodyweight,Neck,Шея,Neck - צוואר,isolation,,yes,yes
pg_לכופף_צוואר_קדימה_למשוך_ראש_עם_היד_לכיוון_כפיפה_בע_374,pg,stretching,Stretching,Растяжка,מתיחות,bodyweight,"Bend neck forward, gently pull head with hand towards the side of the bend","Наклонить шею вперед, тянуть голову рукой в сторону наклона, аккуратно","לכופף צוואר קדימה, למשוך ראש עם היד לכיוון כפיפה בעדינות",isolation,,yes,yes
pg_לכופף_צוואר_אחורה_למשוך_ראש_עם_היד_לכיוון_כפיפה_בע_375,pg,stretching,Stretching,Растяжка,מתיחות,bodyweight,"Bend neck backward, gently pull head with hand towards the side of the bend","Наклонить шею назад, тянуть голову рукой в сторону наклона, аккуратно","לכופף צוואר אחורה, למשוך ראש עם היד לכיוון כפיפה בעדינות",isolation,,yes,yes
pg_לכופף_צוואר_דמולה_למשוך_ראש_עם_היד_לכיוון_כפיפה_בע_376,pg,stretching,Stretching,Растяжка,מתיחות,bodyweight,"Neck flexion to the right, gently pulling the head with the hand towards the flexion","Наклон шеи вправо, потягивание головы рукой к наклону аккуратно","לכופף צוואר דמולה, למשוך ראש עם היד לכיוון כפיפה בעדינות",isolation,,yes,yes
pg_לכופף_צוואר_ימינה_למשוך_ראש_עם_היד_לכיוון_כפיפה_בע_377,pg,stretching,Stretching,Растяжка,מתיחות,bodyweight,"Neck flexion to the left, gently pulling the head with the hand towards the flexion","Наклон шеи влево, потягивание головы рукой к наклону аккуратно","לכופף צוואר ימינה, למשוך ראש עם היד לכיוון כפיפה בעדינות",isolation,,yes,yes
pg_מתיכה_מורכבת_378,pg,stretching,Stretching,Растяжка,מתיחות,bodyweight,Complex flexion,Сложное сгибание,מתיכה מורכבת,isolation,,yes,yes
pg_עליית_מתח_עם_משקל_נוסף_באחיזה_רחבה_צרה_379,pg,calisthenics,Calisthenics,Воркаут,workout,bodyweight,"Weighted pull-ups, wide / narrow grip","Подтягивания с дополнительным весом, широкий / узкий хват","עליית מתח עם משקל נוסף, באחיזה רחבה \ צרה",isolation,,yes,yes
pg_פלנש_דינמי_עם_על_מקבלים_רגליים_מקופפות_380,pg,calisthenics,Calisthenics,Воркаут,workout,bodyweight,Dynamic planche with bent legs on supports,Динамический планш с согнутыми ногами на опорах,פלנש דינמי עם על מקבלים רגליים מקופפות,isolation,,yes,yes
pg_עליית_מתח_עם_משקל_נוסף_באחיזה_צרה_ואפוכה_381,pg,calisthenics,Calisthenics,Воркаут,workout,bodyweight,"Weighted pull-ups, narrow reverse grip","Подтягивания с дополнительным весом, узкий обратный хват","עליית מתח עם משקל נוסף, באחיזה צרה ואפוכה",isolation,,yes,yes
pg_פלנש_דינמי_על_מקבלים_עם_רגל_אחד_מקופפת_ואחד_ישרה_צ_382,pg,calisthenics,Calisthenics,Воркаут,workout,bodyweight,"Dynamic planche on supports, one leg bent, one straight, on the side","Динамический планш на опорах, одна нога согнута, другая прямая, на боку","פלנש דינמי על מקבלים עם רגל אחד מקופפת ואחד ישרה, צד צד",isolation,,yes,yes
pg_עליית_כוח_383,pg,calisthenics,Calisthenics,Воркаут,workout,bodyweight,Strength muscle-up,Подъем на силовую,עליית כוח,isolation,,yes,yes
pg_פלנש_דינמי_עם_על_מקבלים_רגליים_ישרות_384,pg,calisthenics,Calisthenics,Воркаут,workout,bodyweight,Dynamic parallel bar hold with straight legs,Динамическая планка на брусьях с прямыми ногами,פלנש דינמי עם על מקבלים רגליים ישרות,isolation,,yes,yes
pg_עליית_כוח_עם_משקל_נוסף_385,pg,calisthenics,Calisthenics,Воркаут,workout,bodyweight,Weighted dip,Подъём силовой с дополнительным весом,עליית כוח עם משקל נוסף,isolation,,yes,yes
pg_פלנש_סטטי_על_מקבלים_עם_רגליים_מקופפות_386,pg,calisthenics,Calisthenics,Воркаут,workout,bodyweight,Static parallel bar hold with bent knees,Статическая планка на брусьях с согнутыми ногами,פלנש סטטי על מקבלים עם רגליים מקופפות,isolation,,yes,yes
pg_עלית_רגליים_מעל_מתח_עם_ירדה_למתה_387,pg,abdominals,Abs,Пресс,בטן,bodyweight,Hanging leg raise with negative,Подъём ног на перекладине с опусканием в вис,עלית רגליים מעל מתח עם ירדה למתה,isolation,,yes,yes
pg_פלנש_סטטי_על_מקבלים_עם_רגל_אחד_מקופפת_ואחד_ישרה_כל_388,pg,calisthenics,Calisthenics,Воркаут,workout,bodyweight,"Static parallel bar hold: one leg bent, one leg straight, alternating sides","Статическая планка на брусьях: поочерёдное поднятие одной ноги согнутой, другой прямой","פלנש סטטי על מקבלים עם רגל אחד מקופפת ואחד ישרה, כל צד בנפרד",isolation,,yes,yes
pg_עלית_רגליים_מעל_מתח_עם_ירדה_בסיפוב_קדימה_389,pg,abdominals,Abs,Пресс,בטן,bodyweight,Hanging leg raise with forward twist,Подъём ног на перекладине с опусканием с разворотом вперёд,עלית רגליים מעל מתח עם ירדה בסיפוב קדימה,isolation,,yes,yes
pg_פלנש_סטטי_על_מקבלים_עם_רגליים_ישרות_390,pg,calisthenics,Calisthenics,Воркаут,workout,bodyweight,Static parallel bar hold with straight legs,Статическая планка на брусьях с прямыми ногами,פלנש סטטי על מקבלים עם רגליים ישרות,isolation,,yes,yes
pg_מדרגות_391,pg,calisthenics,Calisthenics,Воркаут,workout,pull_up_bar,Mountain climber,Скалолазание,מדרגות,isolation,,yes,yes
pg_new_392,pg,back,Back,Спина,גב,dumbbells,"Diagonal back extension standing with dumbbell, each side separately","Диагональная гиперэкстензия стоя с гантелью, по сторонам","פשיטת גב באלכסון בעמידה, כנגד משקולת, כל צד בנפרד",isolation,,yes,yes
pg_new_393,pg,back,Back,Спина,גב,bodyweight,Standing back extension to 3 sides,Наклоны спины стоя в 3 стороны,"פשיטת גו בעמידה ל-3 צדדים, צד צד / כל צד בנפרד",isolation,,yes,yes
pg_new_394,pg,back,Back,Спина,גב,bosu,Lying back extension on Bosu / Fitball,Гиперэкстензия лёжа на Bosu / Fitball,פשיטת גב בשכיבה על בוסו / פיטבול,isolation,,yes,yes
pg_new_395,pg,legs,Legs,Ноги,רגליים,barbell,Standing back extension with dumbbells / barbell (Good Morning),Наклоны со штангой/гантелями стоя (Good Morning),פשיטת גב בעמידה כנגד משקולות / מוט,isolation,,yes,yes
pg_new_396,pg,back,Back,Спина,גב,cable,"Back extension against low pulley, facing / back to pulley","Гиперэкстензия на нижнем блоке, лицом/спиной к блоку","פשיטת גב כנגד פולי תחתון, פנים לפולי / גב לפולי",isolation,,yes,yes
pg_new_397,pg,back,Back,Спина,גב,cable,"Diagonal back extension against low pulley, each side separately","Диагональная гиперэкстензия на нижнем блоке, по сторонам","פשיטת גב באלכסון (בעמידה / בישיבה) כנגד פולי תחתון, כל צד בנפרד",isolation,,yes,yes
pg_new_398,pg,back,Back,Спина,גב,machine,Seated back extension machine,Гиперэкстензия сидя в тренажёре,"פשיטת גב בישיבה כנגד מכונה, גובע כיסא / מנוף",isolation,,yes,yes
pg_new_399,pg,forearms,Forearms,Предплечья,כפות ידים,dumbbells,"Wrist curl standing at Scott bench with forearm support, with dumbbells","Сгибание кисти стоя у скамьи Скотта с упором предплечий, с гантелями","כפיפה כף יד, בעמידה בכיסא כומר, עם תמיכה לאמות כנגד משקולות",isolation,,yes,yes
pg_new_400,pg,forearms,Forearms,Предплечья,כפות ידים,dumbbells,"Reverse wrist curl standing at Scott bench with forearm support, with dumbbells","Разгибание кисти стоя у скамьи Скотта с упором предплечий, с гантелями","פשיטה כף יד בעמידה בכיסא כומר, עם תמיכה לאמות כנגד משקולות",isolation,,yes,yes
pg_new_401,pg,forearms,Forearms,Предплечья,כפות ידים,dumbbells,Wrist curl in mid position with forearm support (raise hand upward to side),Сгибание кисти в среднем положении с упором (поднимать кисть вверх в сторону),כפיפה כף יד במיד פוזישון עם תמיכה לאמות (לעלות יד למעלה מהצד),isolation,,yes,yes
pg_new_402,pg,forearms,Forearms,Предплечья,כפות ידים,dumbbells,Reverse wrist curl in mid position with forearm support (raise hand upward behind back),Разгибание кисти в среднем положении с упором (поднимать кисть назад за спину),פשיטה כף יד במיד פוזישון עם תמיכה לאמות (לעלות יד למעלה מאחורי הגב),isolation,,yes,yes
pg_new_403,pg,forearms,Forearms,Предплечья,כפות ידים,dumbbells,"Wrist curl to 3 sides with forearm support, with dumbbells 7+7+7","Сгибание кисти в 3 стороны с упором, с гантелями 7+7+7",כפיפה כף יד ל-3 צדדים עם תמיכה לאמות כנגד משקולות 7+7+7,isolation,,yes,yes
pg_new_404,pg,forearms,Forearms,Предплечья,כפות ידים,dumbbells,"Wrist curl to 3 sides with forearm support, with dumbbells 7+7+7, each hand separately","Сгибание кисти в 3 стороны с упором, с гантелями 7+7+7, каждой рукой отдельно","כפיפה כף יד ל-3 צדדים עם תמיכה לאמות כנגד משקולות 7+7+7, כל יד בנפרד",isolation,,yes,yes
pg_new_405,pg,forearms,Forearms,Предплечья,כפות ידים,barbell,"Wrist curl standing at Scott bench with forearm support, with short bar / W-bar","Сгибание кисти стоя у скамьи Скотта с упором, с коротким / W-образным грифом","כפיפה כף יד בעמידה, בכיסא כומר עם תמיכה לאמות כנגד מוט קצר / מוט W",isolation,,yes,yes
pg_new_406,pg,forearms,Forearms,Предплечья,כפות ידים,barbell,"Reverse wrist curl standing at Scott bench with forearm support, with short bar / W-bar","Разгибание кисти стоя у скамьи Скотта с упором, с коротким / W-образным грифом",פשיטה כף יד בעמידה בעמדה כומר עם תמיכה לאמות כנגד מוט קצר / מוט W,isolation,,yes,yes
pg_new_407,pg,forearms,Forearms,Предплечья,כפות ידים,barbell,Reverse wrist curl with short bar seated on bench,Разгибание кисти с коротким грифом сидя на скамье,פשיטה כף יד כנגד מוט קצר בישיבה על ספה,isolation,,yes,yes
pg_new_408,pg,shoulders,Shoulders,Плечи,כתפיים,cable,"External shoulder rotation against pulley at elbow height, each hand separately","Наружная ротация плеча на блоке на уровне локтя, каждой рукой отдельно","רוטציה חיצונית בכתף כנגד פולי בגובה מרפק, כל יד בנפרד",isolation,,yes,yes
pg_new_409,pg,shoulders,Shoulders,Плечи,כתפיים,cable,"Internal shoulder rotation against pulley at elbow height, each hand separately","Внутренняя ротация плеча на блоке на уровне локтя, каждой рукой отдельно","רוטציה פנימית בכתף כנגד פולי בגובה מרפק, כל יד בנפרד",isolation,,yes,yes
pg_new_410,pg,shoulders,Shoulders,Плечи,כתפיים,other,"External shoulder rotation against resistance band at elbow height, each hand separately","Наружная ротация плеча с эспандером на уровне локтя, каждой рукой отдельно","רוטציה חיצונית בכתף כנגד גומיה בגובה מרפק, כל יד בנפרד",isolation,,yes,yes
pg_new_411,pg,shoulders,Shoulders,Плечи,כתפיים,other,"Internal shoulder rotation against resistance band at elbow height, each hand separately","Внутренняя ротация плеча с эспандером на уровне локтя, каждой рукой отдельно","רוטציה פנימית בכתף כנגד גומיה בגובה מרפק, כל יד בנפרד",isolation,,yes,yes
pg_new_412,pg,shoulders,Shoulders,Плечи,כתפיים,dumbbells,"External shoulder rotation with dumbbell, elbow on Smith machine bar, each hand separately","Наружная ротация плеча с гантелью, локоть на грифе Смит-машины, каждой рукой отдельно","רוטציה חיצונית בכתף כנגד משקולת, (מרפק על מוט של סמיט משין) כל יד בנפרד",isolation,,yes,yes
pg_new_413,pg,shoulders,Shoulders,Плечи,כתפיים,dumbbells,"Upright row with dumbbell from knee / floor, each hand separately","Тяга гантели вверх с колена/пола, каждой рукой отдельно","ענפת משקולת יד מגובע של ברך / מהרצפה, כל יד בנפרד",isolation,,yes,yes
pg_new_414,pg,back,Back,Спина,גב,dumbbells,"Horizontal row, bent over, supported with other hand, with dumbbell, each hand separately","Горизонтальная тяга в наклоне с упором другой рукой, с гантелью, каждой рукой отдельно","חתירה אופקית, בהטיית גוף, תמיכה ליד השנייה, כנגד משקולת, כל יד בנפרד",isolation,,yes,yes
pg_new_415,pg,shoulders,Shoulders,Плечи,כתפיים,dumbbells,Lateral raise seated on Fitball with dumbbells,Отведение рук в стороны сидя на Fitball с гантелями,הרחקת כתפיים בישיבה על פיטבול כנגד משקולות,isolation,,yes,yes
pg_new_416,pg,shoulders,Shoulders,Плечи,כתפיים,dumbbells,"Front raise seated on Fitball with dumbbells, each hand","Фронтальные подъёмы сидя на Fitball с гантелями, поочерёдно",כפיפת כתפיים בישיבה על פיטבול כנגד משקולות יד יד,isolation,,yes,yes
pg_new_417,pg,shoulders,Shoulders,Плечи,כתפיים,dumbbells,Lateral raise seated at 60° incline with dumbbells,Отведение рук в стороны сидя под углом 60° с гантелями,"הרחקת כתפיים, בישיבה 60 מעלות, כנגד משקולות",isolation,,yes,yes
pg_new_418,pg,shoulders,Shoulders,Плечи,כתפיים,dumbbells,Front raise seated at 60° incline with dumbbells,Фронтальные подъёмы сидя под углом 60° с гантелями,"כפיפת כתפיים, בישיבה 60 מעלות, כנגד משקולות",isolation,,yes,yes
pg_new_419,pg,shoulders,Shoulders,Плечи,כתפיים,cable,"Lateral raise standing against pulley at wrist height, each hand separately","Отведение руки в стороны стоя на блоке на уровне кисти, каждой рукой отдельно","הרחקת כתפיים בעמידה כנגד פולי בגובה כף יד, כל יד בנפרד",isolation,,yes,yes
pg_new_420,pg,back,Back,Спина,גב,barbell,Wide grip row against T-bar with end of bar,Тяга широким хватом к T-bar с краем грифа,חתירה באחיזה רחבה כנגד T-BAR עם קצה של המוט,isolation,,yes,yes
pg_new_421,pg,shoulders,Shoulders,Плечи,כתפיים,barbell,Front raise seated at 60° incline with W-bar,Фронтальные подъёмы сидя под углом 60° с W-грифом,כפיפת כתף בישיבה 60 מעלות כנגד מוט W,isolation,,yes,yes
pg_new_422,pg,shoulders,Shoulders,Плечи,כתפיים,barbell,"Shoulder press bent over on one knee, against end of bar, each hand separately","Жим плечом с упором на одно колено, с краем грифа, каждой рукой отдельно","לחיצת כתף, בהמידת על ברך אחד, כנגד קצה של המוט, כל יד בנפרד",isolation,,yes,yes
pg_new_423,pg,shoulders,Shoulders,Плечи,כתפיים,smith,Shoulder press seated against Smith machine (narrow grip),Жим плечами сидя в Смит-машине (узкий хват),לחיצת כתפיים בישיבה כנגד סמית משין (אחיזה צרה),isolation,,yes,yes
pg_new_424,pg,shoulders,Shoulders,Плечи,כתפיים,machine,Horizontal abduction seated against machine 12 (rear delt machine),Горизонтальное отведение сидя в тренажёре 12 (тренажёр задней дельты),הרחקה אופקית בישיבה כנגד מכונה 12,isolation,,yes,yes
pg_new_425,pg,shoulders,Shoulders,Плечи,כתפיים,machine,"Horizontal abduction seated from the side against machine 12, each hand separately","Горизонтальное отведение сидя сбоку в тренажёре 12, каждой рукой отдельно","הרחקה אופקית בישיבה מהצד כנגד מכונה 12, כל יד בנפרד",isolation,,yes,yes
pg_new_426,pg,shoulders,Shoulders,Плечи,כתפיים,smith,Upright row standing against Smith machine,Тяга вверх стоя в Смит-машине,חתירה בעמידה כנגד סמית' משין,isolation,,yes,yes
pg_new_427,pg,chest,Chest,Грудь,חזה,bodyweight,Push-ups on floor / push-up stands,Отжимания на полу / на упорах,שכיבות סמיכה ידיים על הרצפה / ידיים על מתקני יד,isolation,,yes,yes
pg_new_428,pg,chest,Chest,Грудь,חזה,bosu,Push-ups on Bosu,Отжимания на Bosu,שכיבות סמיכה ידיים על בוסו,isolation,,yes,yes
pg_new_429,pg,chest,Chest,Грудь,חזה,dumbbells,Push-ups on dumbbells,Отжимания на гантелях,שכיבות סמיכה ידיים על משקולות עגולות,isolation,,yes,yes
pg_new_430,pg,chest,Chest,Грудь,חזה,bodyweight,"Pike push-ups, feet on step, hips up","Отжимания щукой, ноги на возвышении, таз вверх","שכיבות סמיכה, רגליים על מדרגה, ישבת למעלה",isolation,,yes,yes
pg_new_431,pg,chest,Chest,Грудь,חזה,smith,"Push-ups, hands on Smith machine bar","Отжимания, руки на грифе Смит-машины",שכיבות סמיכה ידיים על מוט של סמית משין,isolation,,yes,yes
pg_new_432,pg,chest,Chest,Грудь,חזה,bosu,"Push-ups, feet on Bosu","Отжимания, ноги на Bosu",שכיבות סמיכה רגליים על הבוסו,isolation,,yes,yes
pg_new_433,pg,chest,Chest,Грудь,חזה,bosu,"Push-ups, one hand on Bosu, one on floor","Отжимания, одна рука на Bosu, другая на полу",שכיבות סמיכה יד 1 על בוסו 1 על הרצפה,isolation,,yes,yes
pg_new_434,pg,back,Back,Спина,גב,cable,Lat pulldown with underhand grip,Тяга верхнего блока обратным хватом,"משיכה בישיבה כנגד פולי עליון, באחיזה צרה והפוכה",isolation,,yes,yes
pg_new_435,pg,back,Back,Спина,גב,machine,Scapular retraction seated against machine,Сведение лопаток сидя в тренажёре,קירוב שכמות בישיבה כנגד מכונה,isolation,,yes,yes
pg_new_436,pg,back,Back,Спина,גב,cable,Scapular retraction seated against low pulley,Сведение лопаток сидя на нижнем блоке,קירוב שכמות בישיבה כנגד פולי תחתון,isolation,,yes,yes
pg_new_437,pg,back,Back,Спина,גב,barbell,Scapular retraction against T-bar,Сведение лопаток на T-грифе,קירוב שכמות בישיבה כנגד t-bar,isolation,,yes,yes
pg_new_438,pg,back,Back,Спина,גב,bodyweight,Shoulder extension on pull-up bar with resistance band,Разгибание плеча на турнике с эспандером,פשיטת כתפיים על מתח כנגד משקל גוף עם גומיה,isolation,,yes,yes
pg_new_439,pg,triceps,Triceps,Разгибатели локтя,פושטי מרפק,cable,"Triceps pushdown with overhead pulley, going down","Разгибание трицепса на верхнем блоке, направление вниз","פשיטת מרפקים בהטיית גוף כנגד פולי עליון, כיוון למטה",isolation,,yes,yes
pg_new_440,pg,triceps,Triceps,Разгибатели локтя,פושטי מרפק,cable,Triceps pushdown with cross-over low pulley,Разгибание трицепса на кроссовере с нижним блоком,פשיטת מרפקים בהטיית גוף כנגד כרוסוור פולי תחתון,isolation,,yes,yes
pg_new_441,pg,triceps,Triceps,Разгибатели локтя,פושטי מרפק,cable,"Triceps lying on stomach 30-45° with low pulley, each hand separately","Разгибание трицепса лёжа на животе 30-45° на нижнем блоке, каждой рукой отдельно",פשיטת מרפקים בשכיבה על הבטן 30-45 מעלות פולי תחתון כל יד בנפרד,isolation,,yes,yes
pg_new_442,pg,triceps,Triceps,Разгибатели локтя,פושטי מרפק,cable,"Triceps standing, body against pulley at hip height, back to pulley, going up","Разгибание трицепса стоя, тело у блока на уровне таза, спиной к блоку, вверх","פשיטת מרפקים בעמידה, גוף כנגד פולי בגובה ישבן, גב לפולי, כיוון למעלה",isolation,,yes,yes
pg_new_443,pg,triceps,Triceps,Разгибатели локтя,פושטי מרפק,cable,"Triceps standing against overhead pulley, with 2 hands or 1 (facing / back to pulley)","Разгибание трицепса стоя на верхнем блоке, 2 руками или 1 (лицом/спиной к блоку)",פשיטת מרפקים בעמידה כנגד פולי עליון ב-2 ידיים או יד 1 (פנים לפולי/גב לפולי),isolation,,yes,yes
pg_new_444,pg,triceps,Triceps,Разгибатели локтя,פושטי מרפק,cable,"Triceps standing against overhead pulley, one hand (facing / back to pulley)","Разгибание трицепса стоя на верхнем блоке, одной рукой (лицом/спиной к блоку)",פשיטת מרפקים בעמידה כנגד פולי עליון ביד 1 (פנים לפולי/גב לפולי),isolation,,yes,yes
pg_new_445,pg,abdominals,Abdominals,Мышцы кора,שרירי ליבה,bodyweight,"Lying rotation with Pilates ball, left and right","Скручивания лёжа с мячом для пилатеса, влево и вправо","רוטציה בבטן בשכיבה כנגד כדור כוח, שמאלה וימינה",isolation,,yes,yes
pg_new_446,pg,abdominals,Abdominals,Мышцы кора,שרירי ליבה,cable,"Crunches seated against pulley above head, with rope","Скручивания сидя на блоке над головой, с канатом","כפיפות בטן בישיבה כנגד פולי מעל ראש, עם חבל",isolation,,yes,yes
pg_new_447,pg,abdominals,Abdominals,Мышцы кора,שרירי ליבה,cable,"Standing rotation against pulley at chest height, with 1 handle, each side separately","Скручивания стоя на блоке на уровне груди, с 1 рукоятью, по сторонам","רוטציה בבטן בעמידה כנגד פולי בגובה חזה, עם ידית 1, כל צד בנפרד",isolation,,yes,yes
pg_new_448,pg,abdominals,Abdominals,Мышцы кора,שרירי ליבה,cable,"Diagonal crunches standing against bar attached to high pulley, each side","Диагональные скручивания стоя с грифом на верхнем блоке, по сторонам",כפיפות בטן באלכסון בעמידה כנגד מוט מחובר לפולי עליון כל צד בנפרד,isolation,,yes,yes
pg_new_449,pg,abdominals,Abdominals,Мышцы кора,שרירי ליבה,cable,"Crunches kneeling, against high pulley, back to pulley","Скручивания на коленях на верхнем блоке, спиной к блоку","כפיפות בטן, בעמידה על ברכיים, כנגד פולי עליון, גב לפולי",isolation,,yes,yes
pg_new_450,pg,abdominals,Abdominals,Мышцы кора,שרירי ליבה,cable,"Diagonal crunches kneeling, against high pulley, diagonal back to pulley","Диагональные скручивания на коленях на верхнем блоке, диагонально спиной к блоку","כפיפות בטן באלכסון, בעמידה על ברכיים, כנגד פולי עליון, גב אלכסון לפולי",isolation,,yes,yes
pg_new_451,pg,abdominals,Abdominals,Мышцы кора,שרירי ליבה,cable,"Diagonal crunches standing against high pulley, facing pulley, side to side","Диагональные скручивания стоя на верхнем блоке, лицом к блоку, по сторонам","כפיפות בטן באלכסון, בעמידה, כנגד פולי עליון, פנים לפולי, צד צד / כל צד בנפרד",isolation,,yes,yes
pg_new_452,pg,chest,Chest,Грудь,חזה,barbell,Crunches lying on decline bench with bar / narrow bar / W-bar / H-bar,Скручивания лёжа на наклонной скамье вниз с грифом / узким / W / H,כפיפות בטן בשכיבה שיפוע שלילי עם מוט / מוט צר / מוט W / מוט H,isolation,,yes,yes
pg_new_453,pg,abdominals,Abdominals,Мышцы кора,שרירי ליבה,bodyweight,Crunches lying (arms straight),Скручивания лёжа (руки прямые),כפיפות בטן בשכיבה (ידיים ישרות),isolation,,yes,yes
pg_new_454,pg,abdominals,Abdominals,Мышцы кора,שרירי ליבה,bodyweight,"Crunches, legs at 80°, hands toward feet","Скручивания, ноги под 80°, руки к ногам","כפיפות בטן, רגליים ב-80 מעלות, ידיים לכיוון רגליים",isolation,,yes,yes
pg_new_455,pg,abdominals,Abdominals,Мышцы кора,שרירי ליבה,bodyweight,"Diagonal crunches, legs at 80°, hand toward opposite foot, side to side","Диагональные скручивания, ноги под 80°, рука к противоположной стопе, по сторонам","כפיפות בטן באלכסון, רגליים ב-80 מעלות, יד לכיוון רגל נגדית, צד צד / כל צד בנפרד",isolation,,yes,yes
pg_new_456,pg,abdominals,Abdominals,Мышцы кора,שרירי ליבה,bosu,"Diagonal crunches on Bosu, side to side, each side, hand upward","Диагональные скручивания на Bosu, по сторонам, каждая сторона, рука вверх","כפיפות בטן באלכסון על בוסו, צד צד, כל צד בנפרד, יד למעלה",isolation,,yes,yes
pg_new_457,pg,abdominals,Abdominals,Мышцы кора,שרירי ליבה,bosu,Crunches on Fitball,Скручивания на Fitball,כפיפות בטן על פיטבול,isolation,,yes,yes
pg_new_458,pg,abdominals,Abdominals,Мышцы кора,שרירי ליבה,bosu,"Diagonal crunches on Fitball, side to side","Диагональные скручивания на Fitball, по сторонам","כפיפות בטן באלכסון על פיטבול, צד צד / כל צד בנפרד",isolation,,yes,yes
pg_new_459,pg,abdominals,Abdominals,Мышцы кора,שרירי ליבה,bodyweight,"Diagonal crunches lying, side to side","Диагональные скручивания лёжа, по сторонам","כפיפות בטן באלכסון, בשכיבה, צד צד / כל צד בנפרד",isolation,,yes,yes
pg_new_460,pg,abdominals,Abdominals,Мышцы кора,שרירי ליבה,bodyweight,"Diagonal crunches hanging, side to side","Диагональные скручивания в висе, по сторонам","כפיפות בטן באלכסון, בתליה, צד צד / כל צד בנפרד",isolation,,yes,yes
pg_new_461,pg,abdominals,Abdominals,Мышцы кора,שרירי ליבה,bodyweight,"Pelvic roll on apparatus 17, with back support","Перекат таза на тренажёре 17, с упором спины","גלגול אגן במתקן 17, בתמיכה עם הגב",isolation,,yes,yes
pg_new_462,pg,abdominals,Abdominals,Мышцы кора,שרירי ליבה,bodyweight,"Diagonal pelvic roll on apparatus 17, with back support, side to side","Диагональный перекат таза на тренажёре 17, с упором спины, по сторонам","גלגול אגן באלכסון במתקן 17, בתמיכה עם הגב, צד צד / כל צד בנפרד",isolation,,yes,yes
pg_new_463,pg,legs,Legs,Ноги,רגליים,machine,Hip abduction seated against machine,Отведение бедра сидя в тренажёре,הרחקה אופקית בישיבה כנגד מכונה,isolation,,yes,yes
pg_new_464,pg,legs,Legs,Ноги,רגליים,cable,"Hip abduction standing on step, from squat position, against low pulley, each leg","Отведение бедра стоя на степе, из приседа, на нижнем блоке, каждой ногой","הרחקת ירך, בעמידה על מדרגה, ממצב מתינה, כנגד פולי תחתון, כל רגל בנפרד",isolation,,yes,yes
pg_new_465,pg,legs,Legs,Ноги,רגליים,machine,"Forward fall from kneeling on box, legs in machine 11 (Nordic hamstring)","Наклон вперёд с колен на ящике, ноги в тренажёре 11 (Нордическая экстензия)","נפילה קדימה מעמידת ברכיים על ארגז, רגליים במכונה 11",isolation,,yes,yes
pg_new_466,pg,legs,Legs,Ноги,רגליים,dumbbells,"Hip abduction standing with dumbbell in hand on leg, each leg","Отведение бедра стоя с гантелью на ноге, каждой ногой","הרחקת ירך בעמידה עם משקולת ביד על הרגל, כל רגל בנפרד",isolation,,yes,yes
pg_new_467,pg,legs,Legs,Ноги,רגליים,dumbbells,"Static lunge with dumbbells, each side separately","Статические выпады с гантелями, по сторонам","מכרעים סטטי כנגד משקולות, כל צד בנפרד",isolation,,yes,yes
pg_new_468,pg,legs,Legs,Ноги,רגליים,dumbbells,"Hip abduction lying on side, 45-60° incline, with dumbbell on leg, each leg","Отведение бедра лёжа на боку, наклон 45-60°, с гантелью на ноге, каждой ногой","הרחקת ירך בשכיבה על הצד, שיפוע 45-60 מעלות, עם משקולת ביד על הרגל, כל רגל בנפרד",isolation,,yes,yes
pg_new_469,pg,legs,Legs,Ноги,רגליים,barbell,"Hip thrust on bench 30, with bar","Ягодичный мостик на скамье 30, со штангой","היפ טראסט על ספה 30, כנגד מוט",isolation,,yes,yes
pg_new_470,pg,legs,Legs,Ноги,רגליים,smith,Lunges against Smith machine,Выпады в Смит-машине,מכרעים כנגד סמית' משין,isolation,,yes,yes
pg_new_471,pg,back,Back,Спина,גב,smith,Deadlift against Smith machine,Становая тяга в Смит-машине,דד ליפט כנגד סמית' משין,isolation,,yes,yes
pg_new_472,pg,legs,Legs,Ноги,רגליים,machine,"Leg press seated against machine, legs together / each leg separately","Жим ногами сидя в тренажёре, ноги вместе / каждой ногой отдельно",לחיצת רגליים בישיבה כנגד מכונה רגליים ביחד / כל רגל בנפרד,isolation,,yes,yes
pg_new_474,pg,legs,Legs,Ноги,רגליים,bodyweight,Bodyweight sumo squat,Приседания сумо с собственным весом,סקוואט סומו כנגד משקל גוף,isolation,,yes,yes
pg_new_475,pg,legs,Legs,Ноги,רגליים,bosu,Bodyweight squat on Bosu,Приседания с собственным весом на Bosu,סקוואט בעמידה על בוסו כנגד משקל גוף,isolation,,yes,yes
bf_45-degree-side-bend,bf,abdominals,Abdominals,Мышцы кора,בטן,machine,45 Degree Side Bend,Наклон в сторону под 45 градусов,הטיה צדדית בזווית 45 מעלות,isolation,,yes,yes
bf_Bentover-Dumbbell-Lateral-Raise,bf,shoulders,Shoulders,Плечи,כתפיים,dumbbell,Bentover Dumbbell Lateral Raise,Подъем гантелей в наклоне в стороны,הרמת דמבל בכיפוף צדדית,isolation,,yes,yes
bf_Dumbbell-Romanian-Deadlift,bf,legs,Legs,Ноги,רגליים,dumbbell,Dumbbell Romanian Deadlift,Румынская становая тяга с гантелями,מתיחת רומנית עם דמבל,isolation,,yes,yes
bf_EZ-Bar-Front-Raise,bf,shoulders,Shoulders,Плечи,כתפיים,barbell,EZ Bar Front Raise,Подъем EZ-штанги перед собой,הרמת מוט EZ לפנים,isolation,,yes,yes
bf_Good-morning,bf,back,Back,Спина,גב,barbell,Good-morning,Доброе утро,בוקר טוב,isolation,,yes,yes
bf_T-bar-Row-Machine,bf,back,Back,Спина,גב,machine,T-bar Row Machine,Тяга Т-грифа на тренажере,משיכת T-בר במכונה,isolation,,yes,yes
bf_V-Squat,bf,legs,Legs,Ноги,רגליים,machine,V Squat,V-приседание,סקוואט V,isolation,,yes,yes
bf_ab-coaster-machine,bf,abdominals,Abdominals,Мышцы кора,בטן,machine,Ab Coaster Machine,Тренажер Ab Coaster,מכונת Ab Coaster,isolation,,yes,yes
bf_abdominal-crunch-machine,bf,abdominals,Abdominals,Мышцы кора,בטן,machine,Abdominal Crunch Machine,Тренажер для пресса,מכונת כפיסת בטן,isolation,,yes,yes
bf_abdominal-hip-thrust,bf,legs,Legs,Ноги,רגליים,bodyweight,Abdominal Hip Thrust,Подъем таза с акцентом на пресс,דחיפת מפשעת בטן,isolation,,yes,yes
bf_abs-roll-out,bf,abdominals,Abdominals,Мышцы кора,בטן,barbell,Abs Roll Out,Ролик для пресса,גלגול בטן,isolation,,yes,yes
bf_air-bicycle-abs,bf,abdominals,Abdominals,Мышцы кора,בטן,bodyweight,Air Bicycle Abs,Велосипед лежа,אופני אוויר לבטן,isolation,,yes,yes
bf_air-squat,bf,legs,Legs,Ноги,רגליים,bodyweight,Air Squat,Приседание без веса,סקווט חופשי,isolation,,yes,yes
bf_archer-push-up,bf,chest,Chest,Грудь,חזה,bodyweight,Archer Push Up,Отжимание лучника,פוש אפ קשת,isolation,,yes,yes
bf_arm-curl-machine,bf,elbow_flexors,Elbow Flexors,Сгибатели локтя,כופפי מרפק,machine,Arm Curl Machine,Сгибание рук на тренажере,מכונת כיפוף זרועות,isolation,,yes,yes
bf_arnold-dumbbell-press,bf,shoulders,Shoulders,Плечи,כתפיים,dumbbell,Arnold Dumbbell Press,Жим Арнольда с гантелями,סקיצת ארנולד עם משקולות,isolation,,yes,yes
bf_assault-bike,bf,warmup,Warmup,Разминка,חימום,machine,Assault Bike,Велотренажер Assault Bike,אופני התעמלות,isolation,,yes,yes
bf_assisted-dip-machine,bf,chest,Chest,Грудь,חזה,machine,Assisted Dip Machine,Тренажер для отжиманий с поддержкой,מכונת עזר לדיפס,isolation,,yes,yes
bf_assisted-pull-up-machine,bf,back,Back,Спина,גב,machine,Assisted Pull Up Machine,Тяга с поддержкой,משיכה מסייעת,isolation,,yes,yes
bf_back-extension,bf,back,Back,Спина,גב,bodyweight,Back Extension,Разгибание спины,הרחבת גב,isolation,,yes,yes
bf_back-squat,bf,legs,Legs,Ноги,רגליים,barbell,Back Squat,Приседания со штангой на спине,סקוואט עם משקולות על הגב,isolation,,yes,yes
bf_bar-muscle-up,bf,fullbody,Full Body,Всё тело,כל הגוף,bodyweight,Bar Muscle-up,Подтягивание на перекладине с переходом,מתיחת שרירים על מוט,isolation,,yes,yes
bf_barbbell-preacher-curl,bf,elbow_flexors,Elbow Flexors,Сгибатели локтя,כופפי מרפק,barbell,Barbbell Preacher Curl,Сгибание рук со штангой на скамье-preacher,כפיפת ביצים עם מוט כומתה,isolation,,yes,yes
bf_barbell-bench-press,bf,chest,Chest,Грудь,חזה,barbell,Barbell Bench Press,Жим штанги лежа,לחיצת מוט שכיבה,isolation,,yes,yes
bf_barbell-bicep-curl,bf,elbow_flexors,Elbow Flexors,Сгибатели локтя,כופפי מרפק,barbell,Barbell Bicep Curl,Подъем штанги на бицепс,כפיפת ברכיים עם משקולת,isolation,,yes,yes
bf_barbell-box-squat,bf,legs,Legs,Ноги,רגליים,barbell,Barbell Box Squat,Приседания на ящик со штангой,סקווט עם משקולת על קופסה,compound,,yes,yes
bf_barbell-bulgarian-split-squat,bf,legs,Legs,Ноги,רגליים,barbell,Barbell Bulgarian Split Squat,Болгарские сплит-приседания со штангой,סקווט בולגרי עם משקולת,compound,,yes,yes
bf_barbell-floor-chest-press,bf,chest,Chest,Грудь,חזה,barbell,Barbell Floor Chest Press,Жим штанги лежа на полу,סקירת מוט מהרצפה,compound,,yes,yes
bf_barbell-front-rack-lunge,bf,legs,Legs,Ноги,רגליים,barbell,Barbell Front Rack Lunge,Выпад со штангой на груди,סקירת מוט קדמית בסקווט,compound,,yes,yes
bf_barbell-front-raise,bf,shoulders,Shoulders,Плечи,כתפיים,barbell,Barbell Front Raise,Подъем штанги перед собой,הרמת מוט קדמית,isolation,,yes,yes
bf_barbell-hack-squat,bf,legs,Legs,Ноги,רגליים,barbell,Barbell Hack Squat,Приседания с гантелями сзади,סקווט עם משקולת מאחור,compound,,yes,yes
bf_barbell-hip-thrust,bf,legs,Legs,Ноги,רגליים,barbell,Barbell Hip Thrust,Тазовые подъемы со штангой,דחיפת מותניים עם משקולת,compound,,yes,yes
bf_barbell-incline-bench-press,bf,chest,Chest,Грудь,חזה,barbell,Barbell Incline Bench Press,Жим штанги на наклонной скамье,לחיצת משקולת על ספה משופעת,compound,,yes,yes
bf_barbell-incline-row,bf,back,Back,Спина,גב,barbell,Barbell Incline Row,Тяга штанги на наклонной скамье,משיכת מוט משקולות בשיפוע,compound,,yes,yes
bf_barbell-jump-squat,bf,legs,Legs,Ноги,רגליים,barbell,Barbell Jump Squat,Приседание с прыжком со штангой,סקוואט קפיצה עם מוט משקולות,compound,,yes,yes
bf_barbell-lunge,bf,legs,Legs,Ноги,רגליים,barbell,Barbell Lunge,Выпад со штангой,פעימה עם מוט משקולות,compound,,yes,yes
bf_barbell-overhead-squat,bf,legs,Legs,Ноги,רגליים,barbell,Barbell Overhead Squat,Приседания со штангой над головой,סקווט עם מוט מעל הראש,compound,,yes,yes
bf_barbell-pullover,bf,back,Back,Спина,גב,barbell,Barbell Pullover,Тяга штанги лежа,משיכת מוט בשכיבה,isolation,,yes,yes
bf_barbell-row,bf,back,Back,Спина,גב,barbell,Barbell Row,Тяга штанги в наклоне,משיכת מוט אולימפי,compound,,yes,yes
bf_barbell-shrug,bf,back,Back,Спина,גב,barbell,Barbell Shrug,Подъем штанги на плечи,הרמת כתפיים עם מוט אולימפי,isolation,,yes,yes
bf_barbell-single-leg-deadlift,bf,back,Back,Спина,גב,barbell,Barbell Single Leg Deadlift,Тяга штанги на одной ноге,משיכת מוט ברגל אחת,compound,,yes,yes
bf_barbell-split-squat,bf,legs,Legs,Ноги,רגליים,barbell,Barbell Split Squat,Приседания со штангой на одной ноге,סקווט פיצול עם מוט,compound,,yes,yes
bf_barbell-standing-calf-raise,bf,legs,Legs,Ноги,רגליים,barbell,Barbell Standing Calf Raise,Подъемы на икры со штангой стоя,הרמת סוליות עם משקולת עמידה,isolation,,yes,yes
bf_barbell-sumo-squat,bf,legs,Legs,Ноги,רגליים,barbell,Barbell Sumo Squat,Приседания сумо со штангой,סקוואט סומו עם משקולת,compound,,yes,yes
bf_barbell-upright-row,bf,shoulders,Shoulders,Плечи,כתפיים,barbell,Barbell Upright Row,Тяга штанги к подбородку,משיכת מוט אנכית,compound,,yes,yes
bf_barbell-wrist-curl,bf,forearms,Forearms,Предплечья,אמות,barbell,Barbell Wrist Curl,Сгибание запястий со штангой,כיפוף פרקי כף יד עם מוט,isolation,,yes,yes
bf_battling-ropes,bf,fullbody,Full Body,Всё тело,כל הגוף,bodyweight,Battling Ropes,Боевые канаты,חבלי קרב,compound,,yes,yes
bf_behind-neck-press,bf,shoulders,Shoulders,Плечи,כתפיים,barbell,Behind Neck Press,Жим за голову,לחיצה מאחורי הצוואר,compound,,yes,yes
bf_behind-neck-pulldown,bf,back,Back,Спина,גב,machine,Behind Neck Pulldown,Тяга за голову,משיכה מאחורי הצוואר,compound,,yes,yes
bf_bench-dips,bf,triceps,Triceps,Трицепс,יד אחורית,bodyweight,Bench Dips,Отжимания на скамье,עליות על הספסל,compound,,yes,yes
bf_bird-dog,bf,abdominals,Abdominals,Мышцы кора,בטן,bodyweight,Bird Dog,Птица-собака,ציפור-כלב,isolation,,yes,yes
bf_bodyweight-calf-raise,bf,legs,Legs,Ноги,רגליים,bodyweight,Bodyweight Calf Raise,Подъем на икры с весом тела,הרמת עקב במשקל גוף,isolation,,yes,yes
bf_bodyweight-overhead-squat,bf,legs,Legs,Ноги,רגליים,bodyweight,Bodyweight Overhead Squat,Приседания с весом тела над головой,סקווט מעל הראש במשקל גוף,compound,,yes,yes
bf_bodyweight-single-leg-deadlift,bf,back,Back,Спина,גב,bodyweight,Bodyweight Single Leg Deadlift,Одноногая тяга с весом тела,מתיחת מתניים ברגל אחת במשקל גוף,compound,,yes,yes
bf_bodyweight-split-squat,bf,legs,Legs,Ноги,רגליים,bodyweight,Bodyweight Split Squat,Разгибание на одной ноге с весом тела,סקוואט פיצול עם משקל גוף,compound,,yes,yes
bf_box-jump,bf,legs,Legs,Ноги,רגליים,bodyweight,Box Jump,Прыжок на коробку,קפיצת קופסה,compound,,yes,yes
bf_burpee,bf,fullbody,Full Body,Всё тело,כל הגוף,bodyweight,Burpee,Бёрпи,ברפי,compound,,yes,yes
bf_cable-crunch,bf,abdominals,Abdominals,Мышцы кора,בטן,machine,Cable Crunch,Скручивание с тросом,כפיפת כבל,isolation,,yes,yes
bf_cable-curl,bf,elbow_flexors,Elbow Flexors,Сгибатели локтя,כופפי מרפק,machine,Cable Curl,Сгибание рук с тросом,כפיפת זרועות עם כבל,isolation,,yes,yes
bf_cable-donkey-kick,bf,legs,Legs,Ноги,רגליים,machine,Cable Donkey Kick,Удар ослика с тросом,בעיטת חמור עם כבל,isolation,,yes,yes
bf_cable-external-roation,bf,shoulders,Shoulders,Плечи,כתפיים,machine,Cable External Roation,Внешнее вращение с тросом,סיבוב חיצוני עם כבל,isolation,,yes,yes
bf_cable-front-raise,bf,shoulders,Shoulders,Плечи,כתפיים,dumbbell,Cable Front Raise,Подъем троса спереди,הרמת כבל לפנים,isolation,,yes,yes
bf_cable-hammer-curl,bf,elbow_flexors,Elbow Flexors,Сгибатели локтя,כופפי מרפק,machine,Cable Hammer Curl,Тяга на блоке молотковым хватом,משיכת מכשיר קבלים פטישית,isolation,,yes,yes
bf_cable-hip-abduction,bf,legs,Legs,Ноги,רגליים,machine,Cable Hip Abduction,Отведение бедра на тросе,הרחקת ירך בעזרת כבל,isolation,,yes,yes
bf_cable-internal-rotation,bf,shoulders,Shoulders,Плечи,כתפיים,machine,Cable Internal Rotation,Внутренняя ротация с тросом,סיבוב פנימי עם כבל,isolation,,yes,yes
bf_cable-lateral-raise,bf,shoulders,Shoulders,Плечи,כתפיים,machine,Cable Lateral Raise,Подъем на стороны с тросом,הרמת צד עם כבל,isolation,,yes,yes
bf_cable-lying-tricep-extension,bf,triceps,Triceps,Трицепс,יד אחורית,machine,Cable Lying Tricep Extension,Тяга штанги лежа на трицепс,מתיחת טריספס שכיבה עם כבל,isolation,,yes,yes
bf_cable-one-arm-pulldown,bf,back,Back,Спина,גב,machine,Cable One Arm Pulldown,Однорукая тяга вниз с троса,משיכת יד אחת בכבל למטה,isolation,,yes,yes
bf_cable-overhead-tricep-extension,bf,triceps,Triceps,Трицепс,יד אחורית,machine,Cable Overhead Tricep Extension,Тяга верхнего блка к трицепсу,משיכת כבל לטריצפס מעל הראש,isolation,,yes,yes
bf_cable-pull-through,bf,legs,Legs,Ноги,רגליים,machine,Cable Pull Through,Тяга через ноги с нижнего блока,משיכת כבל בין הרגליים,compound,,yes,yes
bf_cable-push-down,bf,triceps,Triceps,Трицепс,יד אחורית,machine,Cable Push Down,Тяга нижнего блока к груди,משיכת כבל למטה,isolation,,yes,yes
bf_cable-reverse-fly,bf,shoulders,Shoulders,Плечи,כתפיים,machine,Cable Reverse Fly,Развод с гантелями в наклоне на блочном тренажере,פתיחת מכשירי כבל לצדדים,isolation,,yes,yes
bf_cable-shrug,bf,back,Back,Спина,גב,machine,Cable Shrug,Подъем плеч с тросом,כתפיים עם כבל,isolation,,yes,yes
bf_cable-side-bend,bf,abdominals,Abdominals,Мышцы кора,בטן,machine,Cable Side Bend,Наклон вбок с тросом,כיפוף צדדי עם כבל,isolation,,yes,yes
bf_cable-straight-arm-pulldown,bf,back,Back,Спина,גב,machine,Cable Straight Arm Pulldown,Тяга нижнего блока прямыми руками,משיכת כבל עם זרועות ישרות,isolation,,yes,yes
bf_cable-tricep-extension,bf,triceps,Triceps,Трицепс,יד אחורית,machine,Cable Tricep Extension,Разгибание трицепса на блоке,הרחבת טריצפס בכבל,isolation,,yes,yes
bf_cable-twist,bf,abdominals,Abdominals,Мышцы кора,בטן,machine,Cable Twist,Скручивание с тросом,סיבוב כבל,isolation,,yes,yes
bf_captains-chair-knee-raise,bf,abdominals,Abdominals,Мышцы кора,בטן,bodyweight,Captain&#039;s Chair Knee Raise,Подъем коленей в тренажере капитанского стула,הרמת ברכיים בכיסא הקפטן,isolation,,yes,yes
bf_cat-cow-stretch,bf,stretching,Stretching,Растяжка,מתיחות,bodyweight,Cat Cow Stretch,Растяжка «Кошка-Корова»,מתיחת החתול-הפרה,isolation,,yes,yes
bf_chest-press-machine,bf,chest,Chest,Грудь,חזה,machine,Chest Press Machine,Жим на тренажере для груди,מכונת דחיפת חזה,compound,,yes,yes
bf_chin-up,bf,back,Back,Спина,גב,bodyweight,Chin Up,Подтягивание обратным хватом,משיכת חזה,compound,,yes,yes
bf_clap-push-up,bf,chest,Chest,Грудь,חזה,bodyweight,Clap Push Up,Отжимания с хлопком,בקיעת חזה עם ריקוד,compound,,yes,yes
bf_clean,bf,fullbody,Full Body,Всё тело,כל הגוף,barbell,Clean,Тяга штанги в упоре,קלינג,compound,,yes,yes
bf_clean-high-pull,bf,fullbody,Full Body,Всё тело,כל הגוף,barbell,Clean High Pull,Тяга штанги в упоре с высоким подъемом,קלינג היי פול,compound,,yes,yes
bf_clean-jerk,bf,fullbody,Full Body,Всё тело,כל הגוף,barbell,Clean &amp; Jerk,Рывок и толчок,נפילה ודחיפה,compound,,yes,yes
bf_climbing-stairs,bf,legs,Legs,Ноги,רגליים,bodyweight,Climbing Stairs,Подъем по лестнице,טיפוס במדרגות,compound,,yes,yes
bf_close-grip-bench-press,bf,triceps,Triceps,Трицепс,יד אחורית,barbell,Close-grip Bench Press,Жим узким хватом,סקיצת סקווט עם משקולות קטנות,compound,,yes,yes
bf_close-grip-push-up,bf,chest,Chest,Грудь,חזה,bodyweight,Close-grip Push Up,Отжимания узким хватом,סקיצת דחיפה צרה,compound,,yes,yes
bf_conventional-deadlift,bf,back,Back,Спина,גב,barbell,Conventional Deadlift,Тяга штанги в классическом стиле,משיכת משקולת קלאסית,compound,,yes,yes
bf_crunch,bf,abdominals,Abdominals,Мышцы кора,בטן,bodyweight,Crunch,Скручивание,כפיפות בטן,isolation,,yes,yes
bf_cycle,bf,legs,Legs,Ноги,רגליים,machine,Cycle,Велосипед,אופניים,compound,,yes,yes
bf_dead-bug,bf,abdominals,Abdominals,Мышцы кора,בטן,bodyweight,Dead Bug,Мертвый жук,חיפושית מתה,isolation,,yes,yes
bf_decline-chest-press-machine,bf,chest,Chest,Грудь,חזה,machine,Decline Chest Press Machine,Жим на наклонной скамье на тренажере,לחיצת חזה מוטה במכונה,compound,,yes,yes
bf_decline-crunch,bf,abdominals,Abdominals,Мышцы кора,בטן,bodyweight,Decline Crunch,Наклонный скручивание,כפיפת בטן מוטה,isolation,,yes,yes
bf_decline-dumbbell-fly,bf,chest,Chest,Грудь,חזה,dumbbell,Decline Dumbbell Fly,Развод гантелей на наклонной скамье,פרידה מקבילה עם משקולות מוטבעות,isolation,,yes,yes
bf_decline-push-up,bf,chest,Chest,Грудь,חזה,bodyweight,Decline Push Up,Отжимания на наклонной скамье,סקיצות עם רגליים מורמות,compound,,yes,yes
bf_decline-reverse-crunch,bf,abdominals,Abdominals,Мышцы кора,בטן,bodyweight,Decline Reverse Crunch,Обратный скручивание на наклонной скамье,כפיפה הפוכה בשיפוע,isolation,,yes,yes
bf_decline-sit-up,bf,abdominals,Abdominals,Мышцы кора,בטן,bodyweight,Decline Sit Up,Скручивание на наклонной скамье,כפיפת ישיבה בשיפוע,compound,,yes,yes
bf_deficit-deadlift,bf,back,Back,Спина,גב,barbell,Deficit Deadlift,Дефектный становая тяга,משיכת מתכת עם פער,compound,,yes,yes
bf_devil-press,bf,fullbody,Full Body,Всё тело,כל הגוף,dumbbell,Devil Press,Дьявольский пресс,לחיצת השטן,compound,,yes,yes
bf_dips,bf,chest,Chest,Грудь,חזה,bodyweight,Dips,Отжимания на брусьях,סקיצות,compound,,yes,yes
bf_donkey-kick,bf,legs,Legs,Ноги,רגליים,bodyweight,Donkey Kick,Пинок ослика,בעיטת חמור,isolation,,yes,yes
bf_double-under,bf,warmup,Warmup,Разминка,חימום,bodyweight,Double Under,Двойной подскок,קפיצה כפולה,isolation,,yes,yes
bf_dumbbell-bench-press,bf,chest,Chest,Грудь,חזה,dumbbell,Dumbbell Bench Press,Жим гантелей лежа,לחישת משקולות על ספה,compound,,yes,yes
bf_dumbbell-bicep-curl,bf,elbow_flexors,Elbow Flexors,Сгибатели локтя,כופפי מרפק,dumbbell,Dumbbell Bicep Curl,Сгибание рук с гантелями на бицепс,כפיפת בייפס עם משקולות,isolation,,yes,yes
bf_dumbbell-bulgarian-split-squat,bf,legs,Legs,Ноги,רגליים,dumbbell,Dumbbell Bulgarian Split Squat,Болгарская сплит-приседание с гантелями,סקוואט בולגרי עם משקולות,compound,,yes,yes
bf_dumbbell-burpee,bf,fullbody,Full Body,Всё тело,כל הגוף,dumbbell,Dumbbell Burpee,Берпи с гантелями,ברפי עם משקולות,compound,,yes,yes
bf_dumbbell-fly,bf,chest,Chest,Грудь,חזה,dumbbell,Dumbbell Fly,Махи с гантелями,פליי עם משקולות,isolation,,yes,yes
bf_dumbbell-front-raise,bf,shoulders,Shoulders,Плечи,כתפיים,dumbbell,Dumbbell Front Raise,Подъем гантелей перед собой,הרמת משקולות קדימה,isolation,,yes,yes
bf_dumbbell-goblet-squat,bf,legs,Legs,Ноги,רגליים,dumbbell,Dumbbell Goblet Squat,"Приседание с гантелью ""Гоблет""",סקווט עם משקולת גובלט,compound,,yes,yes
bf_dumbbell-hammer-curl,bf,elbow_flexors,Elbow Flexors,Сгибатели локтя,כופפי מרפק,dumbbell,Dumbbell Hammer Curl,"Сгибание рук с гантлями ""молот""",כפיפת מוטות מקבילה,isolation,,yes,yes
bf_dumbbell-incline-row,bf,back,Back,Спина,גב,dumbbell,Dumbbell Incline Row,Тяга гантелей на наклонной скамье,משיכת משקולות בשכיבה על מדרגה,compound,,yes,yes
bf_dumbbell-kickback,bf,triceps,Triceps,Трицепс,יד אחורית,dumbbell,Dumbbell Kickback,Тяга гантли на трицепс в наклоне,הרמת משקולת לטריצפס,isolation,,yes,yes
bf_dumbbell-lateral-lunge,bf,legs,Legs,Ноги,רגליים,dumbbell,Dumbbell Lateral Lunge,Выпад в сторону с гантелями,צעד צדני עם משקולות,compound,,yes,yes
bf_dumbbell-lateral-raise,bf,shoulders,Shoulders,Плечи,כתפיים,dumbbell,Dumbbell Lateral Raise,Подъем гантелей в стороны,הרמת משקולות צדדית,isolation,,yes,yes
bf_dumbbell-leg-curl,bf,legs,Legs,Ноги,רגליים,dumbbell,Dumbbell Leg Curl,Сгибание ног с гантелью,כיפוף רגליים עם משקולת,isolation,,yes,yes
bf_dumbbell-lunge,bf,legs,Legs,Ноги,רגליים,dumbbell,Dumbbell Lunge,Выпад с гантелями,סקוואט עם משקולות,compound,,yes,yes
bf_dumbbell-preacher-curl,bf,elbow_flexors,Elbow Flexors,Сгибатели локтя,כופפי מרפק,dumbbell,Dumbbell Preacher Curl,Сгибание рук на бицепс с гантелями на скамье,כפיפת זרועות עם משקולות,isolation,,yes,yes
bf_dumbbell-pullover,bf,back,Back,Спина,גב,dumbbell,Dumbbell Pullover,Тяга гантли лежа,משיכת דמבל בליישה,compound,,yes,yes
bf_dumbbell-row,bf,back,Back,Спина,גב,dumbbell,Dumbbell Row,Тяга гантли в наклоне,משיכת דמבל מהכיסא,compound,,yes,yes
bf_dumbbell-shoulder-press,bf,shoulders,Shoulders,Плечи,כתפיים,dumbbell,Dumbbell Shoulder Press,Жим гантелей стоя,כפיפת משקולות לכתפיים,compound,,yes,yes
bf_dumbbell-shrug,bf,back,Back,Спина,גב,dumbbell,Dumbbell Shrug,Подъем гантелей на плечи,כפיפת משקולות לכתפיים,isolation,,yes,yes
bf_dumbbell-side-bend,bf,abdominals,Abdominals,Мышцы кора,בטן,dumbbell,Dumbbell Side Bend,Наклон с гантелью в сторону,הטיית דמבל לצד,isolation,,yes,yes
bf_dumbbell-single-leg-deadlift,bf,back,Back,Спина,גב,dumbbell,Dumbbell Single Leg Deadlift,Тяга гантели на одной ноге,מתיחת דמבל על רגל אחת,compound,,yes,yes
bf_dumbbell-snatch,bf,fullbody,Full Body,Всё тело,כל הגוף,dumbbell,Dumbbell Snatch,Тяга гантели в наклоне,משיכת האלת' דמבל,compound,,yes,yes
bf_dumbbell-split-squat,bf,legs,Legs,Ноги,רגליים,dumbbell,Dumbbell Split Squat,Приседание с гантелями в выпаде,סקוואט פיצול עם דמבל,compound,,yes,yes
bf_dumbbell-squat,bf,legs,Legs,Ноги,רגליים,dumbbell,Dumbbell Squat,Приседания с гантелями,סקוואט מקביל עם משקולות,compound,,yes,yes
bf_dumbbell-squeeze-press,bf,chest,Chest,Грудь,חזה,dumbbell,Dumbbell Squeeze Press,Жим гантелей с сведением,לחיצת משקולות לחיצה צדדית,compound,,yes,yes
bf_dumbbell-stiff-leg-deadlift,bf,legs,Legs,Ноги,רגליים,dumbbell,Dumbbell Stiff Leg Deadlift,Тяга гантлей с прямыми ногами,משיכת משקולות דמבל עם רגליים ישרות,compound,,yes,yes
bf_dumbbell-sumo-deadlift,bf,back,Back,Спина,גב,dumbbell,Dumbbell Sumo Deadlift,Сумо тяга гантлей,משיכת משקולות סומו,compound,,yes,yes
bf_dumbbell-sumo-squat,bf,legs,Legs,Ноги,רגליים,dumbbell,Dumbbell Sumo Squat,Приседание с гантлями в сумо,סקוואט סומו עם משקולות,compound,,yes,yes
bf_dumbbell-thruster,bf,fullbody,Full Body,Всё тело,כל הגוף,dumbbell,Dumbbell Thruster,Трастер с гантелями,תרסטר עם משקולות,compound,,yes,yes
bf_dumbbell-tricep-extension,bf,triceps,Triceps,Трицепс,יד אחורית,dumbbell,Dumbbell Tricep Extension,Разгибание рук с гантелями на трицепс,הרחבת טריצפס עם משקולות,isolation,,yes,yes
bf_dumbbell-upright-row,bf,shoulders,Shoulders,Плечи,כתפיים,dumbbell,Dumbbell Upright Row,Тяга гантелей к подбородку,משיכת משקולות לכיוון הסנטר,compound,,yes,yes
bf_dumbbell-wrist-curl,bf,forearms,Forearms,Предплечья,אמות,dumbbell,Dumbbell Wrist Curl,Сгибание запястий с гантелями,כפיפת פרק כף היד מקבילה,isolation,,yes,yes
bf_dumbbell-y-raise,bf,shoulders,Shoulders,Плечи,כתפיים,dumbbell,Dumbbell Y Raise,Подъем гантелей в форме Y,הרמת משקולות בתנוחת Y,isolation,,yes,yes
bf_elliptical-machine,bf,fullbody,Full Body,Всё тело,כל הגוף,machine,Elliptical Machine,Эллиптический тренажер,מכונת אליפטיקל,compound,,yes,yes
bf_ez-bar-curl,bf,elbow_flexors,Elbow Flexors,Сгибатели локтя,כופפי מרפק,ez-bar,EZ Bar Curl,Сгибание на бицепс с EZ-грифом,כפיפת EZ בר לשריר הזרוע,isolation,,yes,yes
bf_ez-bar-preacher-curl,bf,elbow_flexors,Elbow Flexors,Сгибатели локтя,כופפי מרפק,ez-bar,EZ Bar Preacher Curl,Сгибание рук на бицепс с EZ-грифом на скамье-preacher,כיפוש זרועות EZ במכונת פריצ'ר,isolation,,yes,yes
bf_ez-bar-upright-row,bf,shoulders,Shoulders,Плечи,כתפיים,dumbbell,EZ Bar Upright Row,Тяга EZ-грифа к подбородку,משיכה אנכית עם מוט EZ,compound,,yes,yes
bf_ez-bar-wrist-curl,bf,forearms,Forearms,Предплечья,אמות,ez-bar,EZ Bar Wrist Curl,Сгибание запястий со штангой EZ-грифа,כיפוף פרקי כף היד מקל EZ,isolation,,yes,yes
bf_face-pull,bf,shoulders,Shoulders,Плечи,כתפיים,machine,Face Pull,Тяга к лицу,משיכת פנים,isolation,,yes,yes
bf_farmers-walk,bf,forearms,Forearms,Предплечья,אמות,kettlebell,Farmer’s Walk,Ходьба фермера,הליכת חקלאים,compound,,yes,yes
bf_floor-seated-cable-row,bf,back,Back,Спина,גב,machine,Floor Seated Cable Row,Тяга сидя на полу с тросом,משיכת כבל ישיבה על הרצפה,compound,,yes,yes
bf_front-squat,bf,legs,Legs,Ноги,רגליים,bodyweight,Front Squat,Приседания со штангой на груди,סקוואט קדמי,compound,,yes,yes
bf_full-back-bridge,bf,shoulders,Shoulders,Плечи,כתפיים,bodyweight,Full Back Bridge,Мостик с прогибом в спине,גשר מלא,compound,,yes,yes
bf_glute-bridge,bf,legs,Legs,Ноги,רגליים,bodyweight,Glute Bridge,Ягодичный мостик,גשר ירכיים,isolation,,yes,yes
bf_glute-ham-raise,bf,legs,Legs,Ноги,רגליים,bodyweight,Glute-Ham Raise,Ягодично-подвздошный подъем,הרמת ירכיים-אגן,isolation,,yes,yes
bf_glute-kickback-machine,bf,legs,Legs,Ноги,רגליים,machine,Glute Kickback Machine,Машина для разведения ягодиц,מכונת דחיפת אגן אחורית,isolation,,yes,yes
bf_hack-squat-machine,bf,legs,Legs,Ноги,רגליים,machine,Hack Squat Machine,Машина для приседаний Хэк,מכונת סקוואט חק,compound,,yes,yes
bf_hammer-bench-press,bf,chest,Chest,Грудь,חזה,machine,Hammer Bench Press,Молотковое жим лежа,סקיצת מוט בשכיבה,compound,,yes,yes
bf_handstand,bf,shoulders,Shoulders,Плечи,כתפיים,bodyweight,Handstand,Стойка на руках,עמידה על הידיים,compound,,yes,yes
bf_handstand-push-up,bf,chest,Chest,Грудь,חזה,bodyweight,Handstand Push Up,Отжимание в стойке на руках,דחיפת ידיים בעמידה על הידיים,compound,,yes,yes
bf_hang-clean,bf,legs,Legs,Ноги,רגליים,barbell,Hang Clean,Рывок из виса,משיכה מהוססת,compound,,yes,yes
bf_hang-snatch,bf,fullbody,Full Body,Всё тело,כל הגוף,barbell,Hang Snatch,Подъем штанги на вырост,הרמת מוט מהתלייה,compound,,yes,yes
bf_hanging-knee-raise,bf,abdominals,Abdominals,Мышцы кора,בטן,bodyweight,Hanging Knee Raise,Подъем коленей в висе,הרמת ברכיים בתלייה,isolation,,yes,yes
bf_hanging-leg-raise,bf,abdominals,Abdominals,Мышцы кора,בטן,bodyweight,Hanging Leg Raise,Подтягивание ног в висе,הרמת רגליים בתלייה,isolation,,yes,yes
bf_heel-touch,bf,abdominals,Abdominals,Мышцы кора,בטן,bodyweight,Heel Touch,Прикасание к пяткам,נגיעה בעקבים,isolation,,yes,yes
bf_high-knee-skip,bf,warmup,Warmup,Разминка,חימום,bodyweight,High-knee Skip,Высокое колено со скачками,קפיצות ברכיים גבוהות,compound,,yes,yes
bf_high-row-machine,bf,back,Back,Спина,גב,machine,High Row Machine,Тяга в тренажере верхнего блока,מכונת משיכה עליונה,isolation,,yes,yes
bf_hindu-push-up,bf,chest,Chest,Грудь,חזה,bodyweight,Hindu Push Up,Индуанский отжимание,דפיקות הודיות,compound,,yes,yes
bf_hip-abduction-machine,bf,legs,Legs,Ноги,רגליים,machine,Hip Abduction Machine,Тренажер отведения бедра,מכונת הפרדת ירכיים,isolation,,yes,yes
bf_hip-thrust,bf,legs,Legs,Ноги,רגליים,bodyweight,Hip Thrust,Тазовый подъем,הרמת מתנות,compound,,yes,yes
bf_hip-thrust-machine,bf,legs,Legs,Ноги,רגליים,machine,Hip Thrust Machine,Тазовый подъем на тренажере,הרמת מתנות במכונה,compound,,yes,yes
bf_hollow-position,bf,abdominals,Abdominals,Мышцы кора,בטן,bodyweight,Hollow Position,Положение Полого,מצב חלול,isolation,,yes,yes
bf_hollow-rock,bf,abdominals,Abdominals,Мышцы кора,בטן,bodyweight,Hollow Rock,Полое Качание,נדנוד חלול,isolation,,yes,yes
bf_horizontal-leg-press,bf,legs,Legs,Ноги,רגליים,machine,Horizontal Leg Press,Горизонтальный жим ногами,לחיצת רגליים אופקית,compound,,yes,yes
bf_hyperextension,bf,back,Back,Спина,גב,bodyweight,Hyperextension,Гиперэкстензия,היפראקסטנסיה,isolation,,yes,yes
bf_inchworm,bf,fullbody,Full Body,Всё тело,כל הגוף,bodyweight,Inchworm,Муравей,תולעת,compound,,yes,yes
bf_incline-bench-press-machine,bf,chest,Chest,Грудь,חזה,machine,Incline Bench Press Machine,Наклонный жим на тренажере,לחיצת מוט מוגבה,compound,,yes,yes
bf_incline-cable-fly,bf,chest,Chest,Грудь,חזה,machine,Incline Cable Fly,Наклонный разведение на тросе,פליי מוליך מוטה,isolation,,yes,yes
bf_incline-chest-press-machine,bf,chest,Chest,Грудь,חזה,machine,Incline Chest Press Machine,Наклонный жим груди на тренажере,לחיצת חזה מוטה במכונה,compound,,yes,yes
bf_incline-dumbbell-bench-press,bf,chest,Chest,Грудь,חזה,dumbbell,Incline Dumbbell Bench Press,Наклонное жим гантелей на скамье,סט עם משקולות מוטלות בשיפוע,compound,,yes,yes
bf_incline-dumbbell-curl,bf,elbow_flexors,Elbow Flexors,Сгибатели локтя,כופפי מרפק,dumbbell,Incline Dumbbell Curl,Сгибание гантелей на наклонной скамье,כיפוף משקולות בשיפוע,isolation,,yes,yes
bf_incline-dumbbell-fly,bf,chest,Chest,Грудь,חזה,dumbbell,Incline Dumbbell Fly,Наклонный разведение гантелей,פרישת משקולות מוטלות,isolation,,yes,yes
bf_incline-dumbbell-twist-press,bf,chest,Chest,Грудь,חזה,dumbbell,Incline Dumbbell Twist Press,Наклонный жим гантелей с поворотом,לחיצת משקולות מוטלות עם סיבוב,compound,,yes,yes
bf_incline-push-up,bf,chest,Chest,Грудь,חזה,bodyweight,Incline Push Up,Отжимания на наклонной поверхности,התפצלות מוגבהת,compound,,yes,yes
bf_inner-thigh-machine,bf,legs,Legs,Ноги,רגליים,machine,Inner Thigh Machine,Тренажер для внутренней поверхности бедра,מכונת פנים הירך,isolation,,yes,yes
bf_inverted-row,bf,back,Back,Спина,גב,bodyweight,Inverted Row,Перевернутая тяга,שור הפוך,compound,,yes,yes
bf_jerk,bf,fullbody,Full Body,Всё тело,כל הגוף,barbell,Jerk,Жим,דחיפה,compound,,yes,yes
bf_jump-squat,bf,legs,Legs,Ноги,רגליים,bodyweight,Jump Squat,Прыжковая приседание,סקוואט קפיצה,compound,,yes,yes
bf_jumping-jack,bf,warmup,Warmup,Разминка,חימום,bodyweight,Jumping Jack,Прыжковая звезда,ג'קינג ג'ק,isolation,,yes,yes
bf_jumping-rope,bf,warmup,Warmup,Разминка,חימום,bodyweight,Jumping Rope,Скакалка,קפיצות בחבל,isolation,,yes,yes
bf_kettlebell-deadlift,bf,back,Back,Спина,גב,kettlebell,Kettlebell Deadlift,Тяга гири,משיכת קטלבל,compound,,yes,yes
bf_kettlebell-goblet-squat,bf,legs,Legs,Ноги,רגליים,kettlebell,Kettlebell Goblet Squat,Приседание со гирей,סקוואט עם קטלבל,compound,,yes,yes
bf_kettlebell-lateral-lunge,bf,legs,Legs,Ноги,רגליים,kettlebell,Kettlebell Lateral Lunge,Боковое выпад со гирей,זינוק צדדי עם קטלבל,compound,,yes,yes
bf_kettlebell-lunge-twist,bf,legs,Legs,Ноги,רגליים,kettlebell,Kettlebell Lunge Twist,Тяга гири с выпадом и поворотом,סנטורל עם משקולת קטלבל,compound,,yes,yes
bf_kettlebell-snatch,bf,fullbody,Full Body,Всё тело,כל הגוף,kettlebell,Kettlebell Snatch,Рывок гири,משיכת קטלבל,compound,,yes,yes
bf_kettlebell-sumo-deadlift,bf,back,Back,Спина,גב,kettlebell,Kettlebell Sumo Deadlift,Тяга гири в сумо-стиле,משיכת קטל בסגנון סומו,compound,,yes,yes
bf_kettlebell-sumo-high-pull,bf,fullbody,Full Body,Всё тело,כל הגוף,kettlebell,Kettlebell Sumo High Pull,Тяга гири в сумо-стиле вверх,משיכת קטל בסגנון סומו למעלה,compound,,yes,yes
bf_kettlebell-sumo-squat,bf,legs,Legs,Ноги,רגליים,kettlebell,Kettlebell Sumo Squat,"Приседание с гирей ""сумо""",סקוואט סומו עם משקולת,compound,,yes,yes
bf_kettlebell-swing,bf,fullbody,Full Body,Всё тело,כל הגוף,kettlebell,Kettlebell Swing,Мах гири,נדנוד עם משקולת,compound,,yes,yes
bf_kick-boxing,bf,fullbody,Full Body,Всё тело,כל הגוף,bodyweight,Kick Boxing,Кикбоксинг,קיקבוקסינג,compound,,yes,yes
bf_knee-push-up,bf,chest,Chest,Грудь,חזה,bodyweight,Knee Push Up,Отжимания на коленях,סקיצות בברכיים,compound,,yes,yes
bf_landmine-press,bf,shoulders,Shoulders,Плечи,כתפיים,barbell,Landmine Press,Жим с земли,לחיצת לנדמיין,compound,,yes,yes
bf_lat-pull-down,bf,back,Back,Спина,גב,machine,Lat Pull Down,Тяга верхнего блока к груди,משיכת גב למטה,compound,,yes,yes
bf_lateral-raise-machine,bf,shoulders,Shoulders,Плечи,כתפיים,dumbbell,Lateral Raise Machine,Машина для разведения рук в стороны,מכונת פיתוח כתפיים צדדית,isolation,,yes,yes
bf_lateral-wide-pull-down,bf,back,Back,Спина,גב,machine,Lateral Wide Pull Down,Широкий тяга к груди хватом шире плеч,משיכה רחבה לצדדים,compound,,yes,yes
bf_leg-curl,bf,legs,Legs,Ноги,רגליים,machine,Leg Curl,Сгибание ног лежа,כיפוף רגליים שכיבה,isolation,,yes,yes
bf_leg-extension,bf,legs,Legs,Ноги,רגליים,machine,Leg Extension,Разгибание ног сидя,הרחבת רגליים ישיבה,isolation,,yes,yes
bf_leg-press,bf,legs,Legs,Ноги,רגליים,machine,Leg Press,Жим ногами,לחיצת רגליים,compound,,yes,yes
bf_leg-raise,bf,abdominals,Abdominals,Мышцы кора,בטן,bodyweight,Leg Raise,Подъем ног лежа,הרמת רגליים בשכיבה,isolation,,yes,yes
bf_low-pulley-cable-fly,bf,chest,Chest,Грудь,חזה,machine,Low-pulley Cable Fly,Махи на нижнем блоке,פליי עם כבלים מלמטה,isolation,,yes,yes
bf_low-row-machine,bf,back,Back,Спина,גב,machine,Low Row Machine,Тяга на нижнем блоке,משיכה מלמטה במכונה,compound,,yes,yes
bf_lunge,bf,legs,Legs,Ноги,רגליים,bodyweight,Lunge,Выпад,סקוואט עם דחיפה קדימה,compound,,yes,yes
bf_lunge-twist,bf,legs,Legs,Ноги,רגליים,bodyweight,Lunge Twist,Выпад с поворотом,סקוואט עם סיבוב,compound,,yes,yes
bf_lying-barbell-row,bf,back,Back,Спина,גב,barbell,Lying Barbell Row,Горизонтальная тяга со штангой лежа,שור שכיבה מקביל עם משקולת,compound,,yes,yes
bf_lying-hip-abduction,bf,legs,Legs,Ноги,רגליים,bodyweight,Lying Hip Abduction,Отведение бедра лежа,הרחקת ירך בשכיבה,isolation,,yes,yes
bf_lying-tricep-extension,bf,triceps,Triceps,Трицепс,יד אחורית,ez-bar,Lying Tricep Extension,Разгибание рук на трицепс лежа,הרחבת טריצפס שכיבה,isolation,,yes,yes
bf_mag-grip-lat-pulldown,bf,back,Back,Спина,גב,machine,Mag-grip Lat Pulldown,Тяга к груди с хватом Mag,משיכת גב עם אחיזת מג,compound,,yes,yes
bf_mike-tyson-push-ups,bf,chest,Chest,Грудь,חזה,bodyweight,Mike Tyson Push Ups,Отжимания Майка Тайсона,סלילות מייק טייסון,compound,,yes,yes
bf_monster-glute-machine,bf,legs,Legs,Ноги,רגליים,machine,Monster Glute Machine,Монстр для ягодиц,מכונת ישבון מונסטר,isolation,,yes,yes
bf_mountain-climber,bf,fullbody,Full Body,Всё тело,כל הגוף,bodyweight,Mountain Climber,Горный альпинист,טיפוס הרים,compound,,yes,yes
bf_one-arm-cable-lateral-raise,bf,shoulders,Shoulders,Плечи,כתפיים,machine,One Arm Cable Lateral Raise,Подъем руки в сторону с тросом одной рукой,הרמת צד עם כבל ביד אחת,isolation,,yes,yes
bf_one-arm-cable-seated-row,bf,back,Back,Спина,גב,machine,One Arm Cable Seated Row,Одноручная тяга сидя на тросе,שורת כבל יד אחת בישיבה,isolation,,yes,yes
bf_one-arm-dumbbell-row,bf,back,Back,Спина,גב,dumbbell,One Arm Dumbbell Row,Одноручная тяга гантели,שורת משקולת יד אחת,isolation,,yes,yes
bf_one-arm-high-row-machine,bf,back,Back,Спина,גב,machine,One Arm High Row Machine,Одноручная тяга в верхнем положении на тренажере,שורת יד אחת במכשיר עליון,isolation,,yes,yes
bf_one-arm-kettlebell-swing,bf,fullbody,Full Body,Всё тело,כל הגוף,kettlebell,One Arm Kettlebell Swing,Размах гири одной рукой,נדנוד קטלטל ביד אחת,compound,,yes,yes
bf_one-arm-landmine-press,bf,shoulders,Shoulders,Плечи,כתפיים,barbell,One Arm Landmine Press,Одноручное жим с трапециевидной тяги,דחיפת לנדמיין יד אחת,compound,,yes,yes
bf_one-arm-lateral-wide-pulldown,bf,back,Back,Спина,גב,machine,One Arm Lateral Wide Pulldown,Одноручная широкая тяга в стороны,משיכה צדדית רחבה ביד אחת,isolation,,yes,yes
bf_one-arm-low-row-machine,bf,back,Back,Спина,גב,machine,One Arm Low Row Machine,Одноармальная тяга в нижнем блоке,משיכת יד אחת במכונת שאיבה נמוכה,isolation,,yes,yes
bf_overhead-press,bf,shoulders,Shoulders,Плечи,כתפיים,barbell,Overhead Press,Жим стоя над головой,לחיצת מעלה לראש,compound,,yes,yes
bf_parallel-grip-lat-pulldown,bf,back,Back,Спина,גב,machine,Parallel-grip Lat Pulldown,Тяга верхнего блока параллельным хватом,משיכת חזה עם אחיזה מקבילה,isolation,,yes,yes
bf_paused-back-squat,bf,legs,Legs,Ноги,רגליים,barbell,Paused Back Squat,Приседание со штангой на спине с задержкой,סקוואט עם משקל על הגב עם עצירה,compound,,yes,yes
bf_paused-barbell-row,bf,back,Back,Спина,גב,barbell,Paused Barbell Row,Тяга штанги с паузой,משיכת מוט מנוחה,compound,,yes,yes
bf_paused-deadlift,bf,back,Back,Спина,גב,barbell,Paused Deadlift,Становая тяга с паузой,מתיחת כוח עם מנוחה,compound,,yes,yes
bf_paused-sumo-deadlift,bf,back,Back,Спина,גב,barbell,Paused Sumo Deadlift,Сумо-дедлифт с паузой,מתיחת מתים סומו עם השהיה,compound,,yes,yes
bf_pec-deck-fly-machine,bf,chest,Chest,Грудь,חזה,machine,Pec Deck Fly Machine,Тренажер для жима грудных мышц,מכונת פלייה לחזה,isolation,,yes,yes
bf_pendlay-row,bf,back,Back,Спина,גב,barbell,Pendlay Row,Тяга Пендлея,משיכת פנדליי,compound,,yes,yes
bf_pike-push-up,bf,chest,Chest,Грудь,חזה,bodyweight,Pike Push Up,Отжимания в планке,התפרצות עם הרמת מרפקים,compound,,yes,yes
bf_pilates-jackknife,bf,abdominals,Abdominals,Мышцы кора,בטן,bodyweight,Pilates Jackknife,Пилатес с ножницами,פילאטיס סכין,isolation,,yes,yes
bf_pistol-box-squat,bf,legs,Legs,Ноги,רגליים,bodyweight,Pistol Box Squat,Приседание на ящик с пистолетом,סקוואט קופסה אקדמי,compound,,yes,yes
bf_pistol-squat,bf,legs,Legs,Ноги,רגליים,bodyweight,Pistol Squat,Пистолетный присед,סקוואט אקרובטי,compound,,yes,yes
bf_plank,bf,abdominals,Abdominals,Мышцы кора,בטן,bodyweight,Plank,Планка,פלאנק,isolation,,yes,yes
bf_plank-twist,bf,abdominals,Abdominals,Мышцы кора,בטן,bodyweight,Plank Twist,Планка с поворотом,סנטור פלנק מסתובב,isolation,,yes,yes
bf_plate-shoulder-press,bf,shoulders,Shoulders,Плечи,כתפיים,bodyweight,Plate Shoulder Press,Жим гири над головой,לחיצת משקולת כתפיים,isolation,,yes,yes
bf_preacher-curl-machine,bf,elbow_flexors,Elbow Flexors,Сгибатели локтя,כופפי מרפק,machine,Preacher Curl Machine,Сгибание рук на скамье Проповедника,מכונת כיפוש זרועות,isolation,,yes,yes
bf_pull-up,bf,back,Back,Спина,גב,bodyweight,Pull Up,Подтягивание,מתנדנד,isolation,,yes,yes
bf_push-press,bf,shoulders,Shoulders,Плечи,כתפיים,barbell,Push Press,Жим стоя,דחיפת לחץ,isolation,,yes,yes
bf_push-up,bf,chest,Chest,Грудь,חזה,bodyweight,Push Up,Отжимание,סליחה,isolation,,yes,yes
bf_reverse-barbell-curl,bf,elbow_flexors,Elbow Flexors,Сгибатели локтя,כופפי מרפק,barbell,Reverse Barbell Curl,Обратный сгибание с гантелью,הפיכת ברצועת משקולת הפוכה,isolation,,yes,yes
bf_reverse-barbell-wrist-curl,bf,forearms,Forearms,Предплечья,אמות,barbell,Reverse Barbell Wrist Curl,Обратное сгибание запястий со штангой,הפיכת פרק כף יד הפוכה עם מוט,isolation,,yes,yes
bf_reverse-crunch,bf,abdominals,Abdominals,Мышцы кора,בטן,bodyweight,Reverse Crunch,Обратное скручивание,כפיפת בטן הפוכה,isolation,,yes,yes
bf_reverse-dumbbell-wrist-curl,bf,forearms,Forearms,Предплечья,אמות,dumbbell,Reverse Dumbbell Wrist Curl,Обратное сгибание запястий с гантелями,כפיפת פרק כף יד הפוכה עם משקולות,isolation,,yes,yes
bf_reverse-pec-deck-fly-machine,bf,shoulders,Shoulders,Плечи,כתפיים,machine,Reverse Pec Deck Fly Machine,Обратная жимовая машина для грудных мышц,מכונת פלייה הפוכה לחזה,isolation,,yes,yes
bf_reverse-v-squat,bf,legs,Legs,Ноги,רגליים,machine,Reverse V Squat,Обратные приседания V-образные,סקוואט הפוך בצורת V,isolation,,yes,yes
bf_ring-muscle-up,bf,fullbody,Full Body,Всё тело,כל הגוף,bodyweight,Ring Muscle-up,Подтягивание на кольцах,מתיחת שרירים על טבעות,isolation,,yes,yes
bf_rkc-plank,bf,abdominals,Abdominals,Мышцы кора,בטן,bodyweight,RKC Plank,Планка RKC,פלנק RKC,isolation,,yes,yes
bf_romanian-deadlift,bf,legs,Legs,Ноги,רגליים,barbell,Romanian Deadlift,Румынская становая тяга,מתיחת רומנית,isolation,,yes,yes
bf_rowing-machine,bf,warmup,Warmup,Разминка,חימום,machine,Rowing machine,Гребной тренажер,מכונת חתירה,isolation,,yes,yes
bf_running,bf,warmup,Warmup,Разминка,חימום,bodyweight,Running,Бег,ריצה,isolation,,yes,yes
bf_russian-twist,bf,abdominals,Abdominals,Мышцы кора,בטן,kettlebell,Russian Twist,Русский поворот,סיבוב רוסי,isolation,,yes,yes
bf_seated-barbell-shoulder-press,bf,shoulders,Shoulders,Плечи,כתפיים,barbell,Seated Barbell Shoulder Press,Жим сидя со штангой,סקירת מוט ישיבה,isolation,,yes,yes
bf_seated-cable-row,bf,back,Back,Спина,גב,machine,Seated Cable Row,Тяга сидя в блоке,משיכת כבל ישיבה,isolation,,yes,yes
bf_seated-calf-raise,bf,legs,Legs,Ноги,רגליים,machine,Seated Calf Raise,Подъемы на икры сидя,הרמת סוליות ישיבה,isolation,,yes,yes
bf_seated-dips-machine,bf,chest,Chest,Грудь,חזה,machine,Seated Dips Machine,Отжимания на тренажере сидя,עצירות ישיבה במכונה,isolation,,yes,yes
bf_seated-dumbbell-rear-lateral-raise,bf,shoulders,Shoulders,Плечи,כתפיים,dumbbell,Seated Dumbbell Rear Lateral Raise,Сидя с гантелями задние подъемы в стороны,הרמת גבוה אחורית עם משקולות ישיבה,isolation,,yes,yes
bf_seated-dumbbell-shoulder-press,bf,shoulders,Shoulders,Плечи,כתפיים,dumbbell,Seated Dumbbell Shoulder Press,Жим гантелей сидя,לחיצת כתף עם משקולות ישיבה,isolation,,yes,yes
bf_seated-dumbbell-tricep-extension,bf,triceps,Triceps,Трицепс,יד אחורית,dumbbell,Seated Dumbbell Tricep Extension,Сидячее разгибание трицепса с гантелями,הרחבת טריצפס עם משקולות בישיבה,isolation,,yes,yes
bf_seated-knee-up,bf,abdominals,Abdominals,Мышцы кора,בטן,bodyweight,Seated Knee Up,Подъем коленей сидя,משיכת ברכיים בישיבה,isolation,,yes,yes
bf_seated-leg-curl,bf,legs,Legs,Ноги,רגליים,machine,Seated Leg Curl,Сгибание ног сидя,כיפוף רגליים בישיבה,isolation,,yes,yes
bf_seated-row-machine,bf,back,Back,Спина,גב,machine,Seated Row Machine,Тяга сидя на тренажере,משיכה בישיבה על מכונה,isolation,,yes,yes
bf_seated-single-leg-leg-curl,bf,legs,Legs,Ноги,רגליים,machine,Seated Single Leg Leg Curl,Сгибание ноги сидя на одной ноге,כיפוף רגל יחיד ישיבה,isolation,,yes,yes
bf_shoulder-press-machine,bf,shoulders,Shoulders,Плечи,כתפיים,machine,Shoulder Press Machine,Жим плечами в тренажере,לחיצת כתפיים מכונה,isolation,,yes,yes
bf_shoulder-tap,bf,shoulders,Shoulders,Плечи,כתפיים,bodyweight,Shoulder Tap,Тап на плечи,קישוש כתפיים,isolation,,yes,yes
bf_shrug-machine,bf,back,Back,Спина,גב,machine,Shrug Machine,Тяга на трапецию,מכונת קישוש כתפיים,isolation,,yes,yes
bf_side-crunch,bf,abdominals,Abdominals,Мышцы кора,בטן,bodyweight,Side Crunch,Боковое скручивание,סיבוב צד,isolation,,yes,yes
bf_side-lying-clam,bf,legs,Legs,Ноги,רגליים,bodyweight,Side Lying Clam,Боковая ракушка,צדדי צדפה,isolation,,yes,yes
bf_side-plank,bf,abdominals,Abdominals,Мышцы кора,בטן,bodyweight,Side Plank,Боковая планка,סנטר צדדי,isolation,,yes,yes
bf_single-leg-glute-bridge,bf,legs,Legs,Ноги,רגליים,bodyweight,Single Leg Glute Bridge,Ягодичный мостик на одной ноге,גשר ירכיים על רגל אחת,isolation,,yes,yes
bf_single-leg-horizontal-leg-press,bf,legs,Legs,Ноги,רגליים,machine,Single Leg Horizontal Leg Press,Одноноговое горизонтальное жим ногами,לחיצת רגל אופקית על רגל אחת,isolation,,yes,yes
bf_single-leg-leg-curl,bf,legs,Legs,Ноги,רגליים,machine,Single Leg Leg Curl,Сгибание ног лежа на одной ноге,כיפוף רגל בשכיבה על רגל אחת,isolation,,yes,yes
bf_single-leg-leg-extension,bf,legs,Legs,Ноги,רגליים,machine,Single Leg Leg Extension,Одноногое разгибание ноги,הרחבת רגל רגל אחת,isolation,,yes,yes
bf_single-leg-leg-press,bf,legs,Legs,Ноги,רגליים,machine,Single Leg Leg Press,Одноногое жим ногами,לחיצת רגל רגל אחת,isolation,,yes,yes
bf_sit-up,bf,abdominals,Abdominals,Мышцы кора,בטן,bodyweight,Sit Up,Подъемы сидя,עלייה לישיבה,isolation,,yes,yes
bf_ski-ergometer,bf,warmup,Warmup,Разминка,חימום,machine,Ski Ergometer,Горные лыжи эргометр,מכשיר סקי ארגומטרי,isolation,,yes,yes
bf_skull-crusher,bf,triceps,Triceps,Трицепс,יד אחורית,ez-bar,Skull Crusher,Скрешивание черепа,סקול קראשר,isolation,,yes,yes
bf_smith-machine-bench-press,bf,chest,Chest,Грудь,חזה,machine,Smith Machine Bench Press,Жим лежа на Смит машине,סמית' מכונת עמידה עם מוט,isolation,,yes,yes
bf_smith-machine-deadlift,bf,back,Back,Спина,גב,machine,Smith Machine Deadlift,Тяга в Смитте,משיכת סמית מכונה,isolation,,yes,yes
bf_smith-machine-incline-bench-press,bf,chest,Chest,Грудь,חזה,machine,Smith Machine Incline Bench Press,Жим на наклонной скамье в Смитте,לחישה מוטבעת בסמית מכונה,isolation,,yes,yes
bf_smith-machine-row,bf,back,Back,Спина,גב,machine,Smith Machine Row,Тяга в Смите,משיכת סמית' מכונה,isolation,,yes,yes
bf_smith-machine-shrug,bf,back,Back,Спина,גב,machine,Smith Machine Shrug,Подъем в Смите на плечи,הרמת כתפיים במכונת סמית',isolation,,yes,yes
bf_smith-machine-split-squat,bf,legs,Legs,Ноги,רגליים,machine,Smith Machine Split Squat,Раздельный присед в Смит_machine,סקוואט פיצול במכונת סמית',isolation,,yes,yes
bf_smith-machine-squat,bf,legs,Legs,Ноги,רגליים,machine,Smith Machine Squat,Присед в Смит_machine,סקוואט במכונת סמית',isolation,,yes,yes
bf_snatch,bf,fullbody,Full Body,Всё тело,כל הגוף,barbell,Snatch,Snatch,Snatch,isolation,,yes,yes
bf_snatch-balance,bf,fullbody,Full Body,Всё тело,כל הגוף,barbell,Snatch Balance,Snatch Balance,Snatch Balance,isolation,,yes,yes
bf_snatch-high-pull,bf,fullbody,Full Body,Всё тело,כל הגוף,barbell,Snatch High Pull,Snatch High Pull,Snatch High Pull,isolation,,yes,yes
bf_spoto-bench-press,bf,chest,Chest,Грудь,חזה,barbell,Spoto Bench Press,Spoto Bench Press,Spoto Bench Press,isolation,,yes,yes
bf_stand-to-stand-bridge,bf,fullbody,Full Body,Всё тело,כל הגוף,bodyweight,Stand to Stand Bridge,Stand to Stand Bridge,Stand to Stand Bridge,isolation,,yes,yes
bf_standing-cable-fly,bf,chest,Chest,Грудь,חזה,machine,Standing Cable Fly,Standing Cable Fly,Standing Cable Fly,isolation,,yes,yes
bf_standing-calf-raise,bf,legs,Legs,Ноги,רגליים,machine,Standing Calf Raise,Standing Calf Raise,Standing Calf Raise,isolation,,yes,yes
bf_step-up,bf,legs,Legs,Ноги,רגליים,bodyweight,Step Up,Step Up,Step Up,isolation,,yes,yes
bf_stepmill-machine,bf,warmup,Warmup,Разминка,חימום,machine,Stepmill Machine,Stepmill Machine,Stepmill Machine,isolation,,yes,yes
bf_stiff-leg-deadlift,bf,legs,Legs,Ноги,רגליים,barbell,Stiff Leg Deadlift,Stiff Leg Deadlift,Stiff Leg Deadlift,isolation,,yes,yes
bf_sumo-air-squat,bf,legs,Legs,Ноги,רגליים,bodyweight,Sumo Air Squat,Sumo Air Squat,Sumo Air Squat,isolation,,yes,yes
bf_sumo-deadlift-high-pull,bf,back,Back,Спина,גב,barbell,Sumo Deadlift High Pull,Sumo Deadlift High Pull,Sumo Deadlift High Pull,isolation,,yes,yes
bf_swimming,bf,warmup,Warmup,Разминка,חימום,barbell,Swimming,Swimming,Swimming,isolation,,yes,yes
bf_thruster,bf,fullbody,Full Body,Всё тело,כל הגוף,barbell,Thruster,Thruster,Thruster,isolation,,yes,yes
bf_toes-to-bar,bf,abdominals,Abdominals,Мышцы кора,בטן,bodyweight,Toes to Bar,Toes to Bar,Toes to Bar,isolation,,yes,yes
bf_torso-rotation-machine,bf,abdominals,Abdominals,Мышцы кора,בטן,machine,Torso Rotation Machine,Torso Rotation Machine,Torso Rotation Machine,isolation,,yes,yes
bf_trap-bar-deadlift,bf,back,Back,Спина,גב,bodyweight,Trap-bar Deadlift,Trap-bar Deadlift,Trap-bar Deadlift,isolation,,yes,yes
bf_treadmill,bf,warmup,Warmup,Разминка,חימום,machine,Treadmill,Treadmill,Treadmill,isolation,,yes,yes
bf_tricep-extension-machine,bf,triceps,Triceps,Трицепс,יד אחורית,machine,Tricep Extension Machine,Tricep Extension Machine,Tricep Extension Machine,isolation,,yes,yes
bf_turkish-get-up,bf,fullbody,Full Body,Всё тело,כל הגוף,kettlebell,Turkish Get Up,Turkish Get Up,Turkish Get Up,isolation,,yes,yes
bf_underhand-barbell-row,bf,back,Back,Спина,גב,barbell,Underhand Barbell Row,Underhand Barbell Row,Underhand Barbell Row,isolation,,yes,yes
bf_underhand-high-row-machine,bf,back,Back,Спина,גב,machine,Underhand High Row Machine,Underhand High Row Machine,Underhand High Row Machine,isolation,,yes,yes
bf_underhand-lat-pulldown,bf,back,Back,Спина,גב,machine,Underhand Lat Pulldown,Underhand Lat Pulldown,Underhand Lat Pulldown,isolation,,yes,yes
bf_v-up,bf,abdominals,Abdominals,Мышцы кора,בטן,bodyweight,V-up,V-up,V-up,isolation,,yes,yes
bf_walking,bf,warmup,Warmup,Разминка,חימום,bodyweight,Walking,Ходьба,הליכה,isolation,,yes,yes
bf_wallball-shot,bf,fullbody,Full Body,Всё тело,כל הגוף,bodyweight,Wallball Shot,Бросок в стену,זריקת כדור קיר,isolation,,yes,yes
bf_weight-hyperextension,bf,back,Back,Спина,גב,bodyweight,Weight Hyperextension,Гиперэкстензия с весом,היפראקסנסיה עם משקולות,isolation,,yes,yes
bf_weighted-abdominal-hip-thrust,bf,legs,Legs,Ноги,רגליים,dumbbell,Weighted Abdominal Hip Thrust,Тазовые подъемы с весом на пресс,דחיפת מתניים עם משקולות לבטן,isolation,,yes,yes
bf_weighted-chin-up,bf,back,Back,Спина,גב,bodyweight,Weighted Chin Up,Подтягивания с отягощением,משיכת חזה משוקללת,isolation,,yes,yes
bf_weighted-decline-crunch,bf,abdominals,Abdominals,Мышцы кора,בטן,bodyweight,Weighted Decline Crunch,Скручивание на наклонной скамье с отягощением,כפיפת בטן מורדת משוקללת,isolation,,yes,yes
bf_weighted-decline-sit-up,bf,abdominals,Abdominals,Мышцы кора,בטן,bodyweight,Weighted Decline Sit Up,Ситап с отягощением на наклонной скамье,סיט-אפ משקולות במורד,isolation,,yes,yes
bf_weighted-dips,bf,chest,Chest,Грудь,חזה,bodyweight,Weighted Dips,Отжимания на брусьях с отягощением,דיפים עם משקולות,isolation,,yes,yes
bf_weighted-hanging-knee-raise,bf,abdominals,Abs,Пресс,בטן,dumbbell,Weighted Hanging Knee Raise,Подтягивание коленей с отягощением,משיכת בטן עם משקולת,isolation,,yes,yes
bf_weighted-pull-up,bf,back,Back,Спина,גב,bodyweight,Weighted Pull Up,Подтягивание с отягощением,משיכה עם משקולת,isolation,,yes,yes
bf_weighted-push-up,bf,chest,Chest,Грудь,חזה,bodyweight,Weighted Push Up,Отжимания с отягощением,סלילת עם משקולת,isolation,,yes,yes
bf_weighted-step-up,bf,legs,Legs,Ноги,רגליים,dumbbell,Weighted Step Up,Подъем с отягощением на ступеньку,עלייה עם משקולת,isolation,,yes,yes
bf_wrist-roller,bf,forearms,Forearms,Предплечья,אמות,bodyweight,Wrist Roller,Ролик для запястий,מגלף פרקי כף יד,isolation,,yes,yes
bf_y-raise,bf,shoulders,Shoulders,Плечи,כתפיים,bodyweight,Y Raise,Подъем в форме буквы Y,הרמת Y,isolation,,yes,yes
bf_yoga,bf,fullbody,Full Body,Всё тело,כל הגוף,bodyweight,Yoga,Йога,יוגה,isolation,,yes,yes
bf_zercher-squat,bf,legs,Legs,Ноги,רגליים,barbell,Zercher Squat,Приседание Зерхера,סקווט זרכר,isolation,,yes,yes