id,name_en,name_he,name_ru,source,category,brand,calories,protein,carbs,fat,fiber,sugars,sodium,has_image
off_3011360030498,Mayonnaise Classique à l'huile de colza,מיונז קלאסי,Майонез классический — Mayonnaise Classique à l'huile de colza,OpenFoodFacts_Global,sauces,Lesieur,650,1,2.8,70,,2,520,yes
off_8480000512239,Queso blanco pasteurizado,גבינה לבנה מפוסטרת,Белый пастеризованный сыр,OpenFoodFacts_Global,dairy,Hacendado,130,9,4.8,8.3,,4.8,299,yes
off_8711200547982,Mayonnaise de Dijon,מיונז דיז'ון,Дижонский майонез,OpenFoodFacts_Global,sauces,Amora,648,1.2,1.6,70,0.5,1.5,720,yes
off_6111242100992,Perly,פרלי,Прлй,OpenFoodFacts_Global,dairy,Jaouda,97,8,9.4,3,,9.4,,yes
off_6111242101180,uht jaouda 1L,חלב ג'אודה UHT 1ל,Молоко Jaouda UHT 1л,OpenFoodFacts_Global,dairy,Jaouda,58,3,4.8,3,,,,yes
off_6111242100985,Fromage frais nature,גבינה טרייה טבעית,Свежий натуральный сыр,OpenFoodFacts_Global,dairy,Perly,101,7.6,4.2,6,,,,yes
off_3760049790214,Pain De Mie Bio,לחם ללא קרום אורגני,Органический хлеб без корки,OpenFoodFacts_Global,bakery,"La Boulangère, La Boulangère Bio",268,8.1,47,4.2,4.9,6.3,440,yes
off_3029330022428,14 Maxi Tranches complet sans sucres ajoutés,14 פרוסות שלמות ללא סוכר,14 больших ломтиков без сахара,OpenFoodFacts_Global,sweets,Jacquet,264,8.5,42,5.2,7.5,2.9,440,yes
off_3760049794298,Pain de mie Bio grandes tranches céréales & graines 500g,לחם אורגני דגנים וזרעים 500ג,Органический хлеб с злаками и семенами 500г,OpenFoodFacts_Global,bakery,"La Boulangère Bio, La boulangere",303,8.6,46,8.3,5.1,5.1,440,yes
off_6111242102941,Yogurt Bnine BANANA,יוגורט בננה,Банановый йогурт,OpenFoodFacts_Global,dairy,Jaouda,88.1,3.9,14.3,1.7,,9.3,,yes
off_3175681272941,"Gerble - Organic Chocolate Cookie Flavored w/ Banana, 132g (4.7oz)","שוקולד — Gerble - Organic Chocolate Cookie Flavored w/ Banana, 132g (4.7oz)","Банан — Gerble - Organic Chocolate Cookie Flavored w/ Banana, 132g (4.7oz)",OpenFoodFacts_Global,sweets,"Gerblé, Gerblé Bio",459,9,59,19,7.8,14,144,yes
off_8718403887518,Banana chips,בננה — Banana chips,Банан,OpenFoodFacts_Global,sweets,suny bites,528,2,56,32,,16,4,yes
off_3045320517101,Compote de pomme allégée,קומפוט תפוחים דיאטטי,Диетическое яблочное пюре,OpenFoodFacts_Global,sweets,Andros,63,0.3,14,0.2,1.9,14,,yes
off_3021760403167,Pom'Potes Bio - Pomme Bio,מחית תפוחים אורגנית,Органическое яблочное пюре,OpenFoodFacts_Global,baby,Materne,61,0.5,12,0.6,1.3,11,,yes
off_3478820008235,Purée Pomme Poire Williams,מחית תפוח ואגס,Пюре из яблока и груши,OpenFoodFacts_Global,baby,"Jardin Bio, Léa Nature",52,0.36,12,0.14,1.8,10,,yes
off_5060136255939,"Marinated Tomato, Broccoli & Spinach Vegan Quiche",קיש טבעוני עגבנייה ברוקולי ותרד,"Веганский киш с томатом, брокколи и шпинатом",OpenFoodFacts_Global,international,Higgidy,205,4.6,23.3,9.6,3.5,3.2,336,yes
off_5012427212404,"Super Good Pea, Broccoli and Basil Pesto",פסטו אפונה ברוקולי ובזיליקום,"Песто из гороха, брокколи и базилика",OpenFoodFacts_Global,sauces,Baxters,47,2.3,5.9,1.1,2.2,1.5,181,yes
off_3571492670004,Parmentier de saumon 🐟,פרמנטייה סלמון,Парментье из лосося,OpenFoodFacts_Global,fish,Maison Briau,154,7.8,7.6,10,1.3,1.3,324,yes
off_4056489530268,Salmon ahumado,סלמון מעושן,Копчёный лосось,OpenFoodFacts_Global,fish,Nautica,144,18.9,,7.7,,,1280,yes
off_3270160813001,"Saumon et Colin d'Alaska à l'oseille, pommes de terre",סלמון וקולי עם שורש ותפוחי אדמה,Лосось и макрурус со щавелем и картофелем,OpenFoodFacts_Global,fish,"Formule express, Picard",92,4.8,8,4.2,1.3,1.7,180,yes
off_6111242102187,Ghani,גאני,Гנй,OpenFoodFacts_Global,dairy,Jaouda,80,3.2,13.3,1.6,,12,80,yes
off_8436547770137,Kéfir natural sabor suave,קפיר טבעי טעם עדין,Натуральный кефир мягкий вкус,OpenFoodFacts_Global,dairy,Hacendado,74,3.9,5.1,4.2,,2.3,,yes
off_20047559,Yogurt Greek Style,יוגורט סגנון יווני,Йогурт греческого типа,OpenFoodFacts_Global,dairy,Pilos,96.1759082217972,4.6,3.2,10,0.5,3.2,40,yes
off_6111184004730,Ketchup star 310 g,קטשופ סטאר 310ג,Кетчуп Star 310г,OpenFoodFacts_Global,sauces,Star,108,1.12,25.7,0.08,,22.36,2.22,yes
off_8715700407760,Tomato Ketchup BIO,קטשופ עגבניות אורגני,Органический кетчуп,OpenFoodFacts_Global,sauces,Heinz,112,1.4,25.3,0.1,,24.8,680,yes
off_6111251753899,Olla,אולה,Вл,OpenFoodFacts_Global,dairy,Olla,73,1.3,8.7,3.3,1.3,2.3,900,yes
off_5053990155354,Sour Cream & Onion,שמנת חמוצה — Sour Cream & Onion,Сливки — Sour Cream & Onion,OpenFoodFacts_Global,other,Pringles,525,6,56,30,3.4,2.7,520,yes
off_5053990101597,Sour Cream & Onion,שמנת חמוצה — Sour Cream & Onion,Сливки — Sour Cream & Onion,OpenFoodFacts_Global,other,Pringles,517,6.3,56,29,3.5,2.1,472,yes
off_5053990127740,Pringles Sour Cream,פרינגלס שמנת,Pringles сметана,OpenFoodFacts_Global,other,Pringles,519,6.3,54,30,4,2,440,yes
off_3083680482042,Petits Pois & Carottes,אפונה וגזר,Горошек и морковь,OpenFoodFacts_Global,vegetable,Cassegrain,59,3.6,7.6,0.7,4.2,3.8,308,yes
off_3270190207511,Carottes râpées au jus de citron,Carottes râpées au jus de citron,Морковь тёртая Лимон Сок,OpenFoodFacts_Global,vegetable,Carrefour Classic,71,0.9,6.3,4,3,5.4,272,yes
off_5010292961182,Kimchi,Kimchi,Кимчи,OpenFoodFacts_Global,vegetable,Vadasz,15,1.1,1,0.4,1.8,,826,yes
off_3599741006312,Epinards hachés à la crème fraîche,Epinards hachés à la crème fraîche,Сливки Свежие нарезанный,OpenFoodFacts_Global,greens,Findus,78,3.5,5.3,4.4,1.7,1.4,240,yes
off_3599741006350,Epinards hachés à la crème,Epinards hachés à la crème,Сливки нарезанный — Epinards hachés à la crème,OpenFoodFacts_Global,greens,Findus,78,3.5,5.3,4.4,1.7,1.4,240,yes
off_3599741006329,Épinards Branches à la Crème,Épinards Branches à la Crème,Шпинат Сливки Шпинат Веточки,OpenFoodFacts_Global,greens,Findus,68,3.5,5.8,3.1,1.6,1.9,240,yes
off_0815074022915,Avocado Oil Spray,אבוקדו — Avocado Oil Spray,Масло авокадо,OpenFoodFacts_Global,oils,Chosen Foods,5,,,0.5,,,,yes
off_20229030,Avocados,אבוקדו — Avocados,Авокадо,OpenFoodFacts_Global,fruit,Lidl,190,1.9,1.9,19.5,3.4,0.5,20,yes
off_0787099923204,All Natural Avocado Oil Mayo,אבוקדו — All Natural Avocado Oil Mayo,Масло авокадо — All Natural Avocado Oil Mayo,OpenFoodFacts_Global,oils,Dr Wills,755,1.9,0.4,82.8,,0.1,244,yes
off_8595229901075,Musli Oat biscuits (Blueberry),אוכמניות — Musli Oat biscuits (Blueberry),Черника — Musli Oat biscuits (Blueberry),OpenFoodFacts_Global,sweets,Emco,439,7.3,62,17,4.2,23,76,yes
off_5060088706534,Blueberry Muffin Myrtilles,אוכמניות — Blueberry Muffin Myrtilles,Черника — Blueberry Muffin Myrtilles,OpenFoodFacts_Global,bakery,nakd,374.285714285714,6.57,57.1,11.1,9.42857142857143,48.6,11.4,yes
off_5060088705940,Blueberry Muffin raw fruit & nut bar,אוכמניות — Blueberry Muffin raw fruit & nut bar,Черника — Blueberry Muffin raw fruit & nut bar,OpenFoodFacts_Global,sweets,nakd,374.285714285714,6.57142857142857,57.1428571428571,11.1428571428571,9.42857142857143,48.5714285714286,28.571428571428598,yes
off_3083680918497,Cassegrain - Lentilles préparées 4/4,עדשים — Cassegrain - Lentilles préparées 4/4,Чечевица — Cassegrain - Lentilles préparées 4/4,OpenFoodFacts_Global,legumes,Cassegrain,91,6.6,14,0.5,3.1,0.5,304,yes
off_3760020508883,Lentilles façon petit salé,עדשים — Lentilles façon petit salé,Чечевица — Lentilles façon petit salé,OpenFoodFacts_Global,legumes,"Jardin Bio, Léa nature",135,8,17,2.3,7.2,0.6,260,yes
off_3270160695621,"Crevettes à l'indienne, lentilles corail et légumes","עדשים — Crevettes à l'indienne, lentilles corail et légumes",Чечевица Креветки индийский Овощи,OpenFoodFacts_Global,fish,Picard,93.1428571428571,8.1,7.6,2.8,3.1,1.7,132,yes
off_3560071018085,Pois chiches au sel de Noirmoutier,Pois chiches au sel de Noirmoutier,Горох Нут Соль,OpenFoodFacts_Global,legumes,"Carrefour BIO, Carrefour",130,6.6,16,2.9,7.4,0.5,144,yes
off_5051399182506,CHICKPEAS IN WATER,חומוס — CHICKPEAS IN WATER,Вода — CHICKPEAS IN WATER,OpenFoodFacts_Global,legumes,TESCO,125.833333333333,7.8,16.5,2.4,5.2,0.7,0.004,yes
off_5036829756328,"MEDITERRANEAN FALAFEL with CHICKPEAS, GARLIC & BASIL","חומוס — MEDITERRANEAN FALAFEL with CHICKPEAS, GARLIC & BASIL","Чеснок — MEDITERRANEAN FALAFEL with CHICKPEAS, GARLIC & BASIL",OpenFoodFacts_Global,israeli,Gosh!,260.526315789474,7.6,22,14.3,7.3,1.5,472,yes
off_3229820762692,TOFU NATURE,טופו — TOFU NATURE,Натуральный Тофу,OpenFoodFacts_Global,vegan,BJORG,151,17,1.3,8.5,0.7,0.5,16,yes
off_3229820794112,Tofu fumé,טופו — Tofu fumé,Тофу Копчёный,OpenFoodFacts_Global,vegan,Bjorg,139,15,1,7.7,2.7,0.5,236,yes
off_3175681170841,"Ravioli au tofu, tomates, basilic","בזיליקום — Ravioli au tofu, tomates, basilic",Томатный Базилик Базилик Тофу,OpenFoodFacts_Global,vegan,Céréales bio,111,3.8,15,3.1,3.8,2.9,296,yes
off_8852018101055,Shrimp Flavour,שרימפ — Shrimp Flavour,Креветки,OpenFoodFacts_Global,fish,Yum Yum,75,1.3,9.2,3.6,,0.7,920,yes
off_20298067,Crevettes recette ail et fines herbes,Crevettes recette ail et fines herbes,Креветки Чеснок травы рецепт,OpenFoodFacts_Global,fish,LIDL,123,19,0.6,5.1,,0.5,720,yes
off_5059319023762,Miel Pops,Miel Pops,Нарезной Мёд,OpenFoodFacts_Global,sweets,KELLOG'S,384,5.2,85,1.5,4.6,22,160,yes
off_3088540004440,Honey,דבש — Honey,Мёд,OpenFoodFacts_Global,sweets,Lune de Miel,320,,80,,,80,0.02,yes
off_7614500010013,Milk Chocolate Almond Nougat,שוקולד — Milk Chocolate Almond Nougat,Молочный шоколад — Milk Chocolate Almond Nougat,OpenFoodFacts_Global,sweets,Toblerone,529,5.6,61,28,2.4,60,48,yes
off_3159470000120,CORN FLAKES,קורנפלקס — CORN FLAKES,Кукурузные хлопья,OpenFoodFacts_Global,grains,Kellogg's,376.666666666667,7,84,0.9,3,8,440,yes
off_3229820794648,GALETTES EXTRA-FINES MAΪS,GALETTES EXTRA-FINES MAΪS,Лепёшки — GALETTES EXTRA-FINES MAΪS,OpenFoodFacts_Global,bakery,BJORG,381,9.2,74,4,6.2,0.8,120,yes
off_8410076481597,Tortilla Nachos Original,טורטייה — Tortilla Nachos Original,Тортилья Начос,OpenFoodFacts_Global,other,Old El Paso,483.333333333333,7.67,59,23.7,6,0.67,196,yes
off_6923818812082,Green Tea,תה — Green Tea,Чай,OpenFoodFacts_Global,drinks,green tea,0.5,0.5,0.5,0.5,0.2,0.2,40,yes
off_3700679600194,4 pains pita à la farine complète,פיתה — 4 pains pita à la farine complète,Хлеб — 4 pains pita à la farine complète,OpenFoodFacts_Global,bakery,Bien,259,7.5,52,1,3.8,4,433,yes
off_3556071235287,4 pains pita 320g,פיתה — 4 pains pita 320g,Хлеб — 4 pains pita 320g,OpenFoodFacts_Global,bakery,La Boulangère,257.5,7.5,51,1.9,2.9,6.6,520,yes
off_4088600276267,soft wholemeal pittas,שלם — soft wholemeal pittas,Мягкие цельнозерновые питты,OpenFoodFacts_Global,bakery,VILLAGE BAKERY,236.666666666667,10,42,1.3,8.1,1.7,340,yes
off_3329757004992,Sirop de datte,Sirop de datte,Sirop de datte,OpenFoodFacts_Global,sweets,"Pure Via, Pure via",314,1.2,76,0.4,,67,240,yes
off_5407003032956,Bio Date Syrup,סירופ — Bio Date Syrup,Сироп — Bio Date Syrup,OpenFoodFacts_Global,sweets,BEE&CEE FOODS AND DRINKS,379,2,92,0.1,0.1,91,40,yes
fd_il_f7d3ecf5c5675bf7,Orange,תפוז,Апельсин,FoodsDictionary_IL,fruit,,46,0.7,11.5,0.21,2.4,9.14,,yes
fd_il_09d8cbe5012e9438,Mandarin,מנדרינה,Мандарин,FoodsDictionary_IL,fruit,,53,0.81,13.34,0.31,1.8,10.58,2,yes
fd_il_b80967087fdefd96,Lime,ליים,Лайм,FoodsDictionary_IL,fruit,,30,0.7,10.54,0.2,2.8,1.69,2,yes
fd_il_17d983dbeb739193,Grapefruit,אשכולית,Грейпфрут,FoodsDictionary_IL,fruit,,33,0.69,8.41,0.1,1.1,7.31,,yes
fd_il_78871a73fd911c83,Strawberry,תות שדה,Клубника,FoodsDictionary_IL,fruit,,32,0.67,7.68,0.3,2,4.89,1,yes
fd_il_8d11a1997424285a,Pineapple,אננס,Ананас,FoodsDictionary_IL,fruit,,50,0.54,13.12,0.12,1.4,9.85,1,yes
fd_il_3f0d79e39ea180fb,Mango,מנגו,Манго,FoodsDictionary_IL,fruit,,65,0.51,17,0.27,1.8,14.8,2,yes
fd_il_e14675da503baf6d,Papaya,פפאיה,Папайя,FoodsDictionary_IL,fruit,,39,0.61,9.81,0.14,1.8,5.9,3,yes
fd_il_0fbbcc94155f5d9b,Kiwi,קיווי,Киви,FoodsDictionary_IL,fruit,,61,0.99,14.88,0.44,3.4,,5,yes
fd_il_c35bc369cfede188,Peach,אפרסק,Персик,FoodsDictionary_IL,fruit,,42,0.91,10.1,0.27,1.5,8.39,13,yes
fd_il_07646b1ea69c8032,Plum,שזיף,Слива,FoodsDictionary_IL,fruit,,46,0.7,11.42,0.28,1.4,9.92,,yes
fd_il_3d4f4ecedc7c678f,Apricot,משמש,Абрикос,FoodsDictionary_IL,fruit,,48,1.4,11.12,0.39,2,9.24,1,yes
fd_il_00a25385f7468a08,Pomegranate,רימון,Гранат,FoodsDictionary_IL,fruit,,83,1.67,18.7,1.17,4,13.67,,yes
fd_il_a1fb00a5c9f1535f,Raisins,צימוקים,Изюм,FoodsDictionary_IL,fruit,,302,3.39,79.52,0.46,4,59.19,,yes
fd_il_0712d207debb11ea,Dried apricot,משמש מיובש,Сушёный абрикос,FoodsDictionary_IL,fruit,,241,3.39,62.64,0.51,7.3,53.44,10,yes
fd_il_949c673e86ffb60b,Melon,מלון,Дыня,FoodsDictionary_IL,fruit,,34,0.84,8.16,0.19,0.9,7.86,16,yes
fd_il_d4c45d132865a2bb,Red bell pepper,פלפל אדום,Красный болгарский перец,FoodsDictionary_IL,vegetable,,31,0.99,6.03,0.3,2.1,4.2,4,yes
fd_il_36361703d7612192,Green bell pepper,פלפל ירוק,Зелёный болгарский перец,FoodsDictionary_IL,vegetable,,20,0.86,4.64,0.17,1.7,2.4,3,yes
fd_il_c587ef71c439aa40,Garlic,שום,Чеснок,FoodsDictionary_IL,vegetable,,149,6.36,33.06,0.5,2.1,1,,yes
fd_il_e37326f352319bf9,Red cabbage,כרוב אדום,Краснокочанная капуста,FoodsDictionary_IL,vegetable,,31,1.43,7.37,0.16,2.1,3.83,27,yes
fd_il_1a2e4e4a3102bd63,Sweet potato,בטטה,Батат,FoodsDictionary_IL,vegetable,,86,1.57,20.12,0.05,3,4.18,55,yes
fd_il_4c98392e19921a12,Asparagus,אספרגוס,Спаржа,FoodsDictionary_IL,vegetable,,20,2.2,3.88,0.12,2.1,1.88,2,yes
fd_il_6ff536b6d4bc16f9,Green beans,שעועית ירוקה,Зелёная фасоль,FoodsDictionary_IL,legumes,,31,1.83,6.97,0.22,2.7,3.26,6,yes
fd_il_e418a02d47fb4df4,Fennel,שומר,Фенхель,FoodsDictionary_IL,vegetable,,31,1.24,7.29,0.2,3.1,,52,yes
fd_il_6c254f171c2c10f3,Cilantro (coriander),כוסברה,Кинза (кориандр),FoodsDictionary_IL,greens,,23,2.13,3.67,0.52,2.8,0.87,46,yes
fd_il_5cec1152a3becf11,Sea bream,דניס,Дорадо,FoodsDictionary_IL,fish,,105,18.9,,2.73,,,42,yes
fd_il_1d1fcb4f8c582da9,Egg white,חלבון ביצה,Яичный белок,FoodsDictionary_IL,eggs,,52,10.9,0.73,0.17,,0.71,,yes
fd_il_31367bfa11e59a88,Bulgur (cooked),בורגול מבושל,Булгур (варёный),FoodsDictionary_IL,grains,,83,3.08,18.58,0.24,4.5,0.1,,yes
fd_il_5247d2586fcab650,Feta cheese,גבינת פטה,Сыр Фета,FoodsDictionary_IL,israeli,,264,14.21,4.09,21.28,,4.09,1116,yes
fd_il_d24cc2966c834094,Hazelnuts,אגוזי לוז,Лесные орехи,FoodsDictionary_IL,nuts,,628,14.95,16.7,60.75,9.7,4.34,,yes
fd_il_82e56e22f5137535,Peanut butter,חמאת בוטנים,Арахисовая паста,FoodsDictionary_IL,nuts,,529,18.3,46.88,29.8,5,38.3,,yes
fd_il_f03e4a9e5d06cf10,Coconut oil,שמן קוקוס,Кокосовое масло,FoodsDictionary_IL,oils,,862,,,100,,,,yes
fd_il_0014d6cb7f20287b,Rye bread,לחם שיפון,Ржаной хлеб,FoodsDictionary_IL,bakery,,258,8.5,48.3,3.3,5.8,3.85,,yes
fd_il_e252ac3a251f57bb,Pancake,פנקייק,Панкейк,FoodsDictionary_IL,bakery,,194,5.2,36.7,2.5,1.3,,628,yes
fd_il_a69cac8d82c49682,Dried basil,בזיליקום מיובש,Сушёный базилик,FoodsDictionary_IL,sauces,,251,14.37,60.96,3.98,40.5,1.71,34,yes
fd_il_edc9225c6bf5c066,Dried rosemary,רוזמרין מיובש,Сушёный розмарин,FoodsDictionary_IL,sauces,,331,4.88,64.06,15.22,42.6,,50,yes
fd_il_0c542fd1780455a5,Garlic powder,אבקת שום,Чесночный порошок,FoodsDictionary_IL,sauces,,332,16.8,72.71,0.76,9.9,24.3,,yes
fd_il_621ba595a25c71f8,Balsamic vinegar,חומץ בלסמי,Бальзамический уксус,FoodsDictionary_IL,sauces,,88,0.49,17.03,,,14.95,,yes
fd_il_be070491015b0151,Lemon juice,מיץ לימון,Лимонный сок,FoodsDictionary_IL,drinks,,22,0.35,6.9,0.24,0.3,2.52,1,yes
fd_il_107a0cc94b71060a,Sumac,סומאק,Сумак,FoodsDictionary_IL,sauces,,281.4,13.3,48.1,14.4,34.8,7,,yes
fd_il_9081fce4f16f4430,Lychee,ליצ'י,Личи,FoodsDictionary_IL,fruit,,66,0.83,16.53,0.44,1.3,15.23,,yes
fd_il_ce294dca98537423,Guava,גויאבה,Гуава,FoodsDictionary_IL,fruit,,68,2.55,14.32,0.95,5.4,8.92,2,yes
fd_il_1cbb642972b00b6f,Pomelo,פומלה,Помело,FoodsDictionary_IL,fruit,,38,0.76,9.62,0.04,1,,,yes
fd_il_0382f1990fd154b5,Loquat,שסק,Локва (мушмула),FoodsDictionary_IL,fruit,,47,0.43,12.14,0.2,1.7,,1,yes
fd_il_1ccde28120bc3522,Okra,במיה,Бамия,FoodsDictionary_IL,vegetable,,31,2,7.03,0.1,3.2,1.2,8,yes
fd_il_0b885c390f62071a,Blue cheese,גבינה כחולה,Голубой сыр,FoodsDictionary_IL,dairy,,353,21.4,2.34,28.74,,0.5,1395,yes
fd_il_e45ccb16f9c910e9,Roasted pumpkin seeds,גרעיני דלעת קלויים,Жареные семена тыквы,FoodsDictionary_IL,nuts,,446,18.55,53.75,19.4,,,18,yes
fd_il_343dad23cea6bfe2,Roasted sunflower seeds,גרעיני חמנייה קלויים,Жареные семена подсолнечника,FoodsDictionary_IL,nuts,,582,19.3,24.1,49.8,11.1,2.73,3,yes
fd_il_b3b04daaac7f5311,Saffron,זעפרן,Шафран,FoodsDictionary_IL,sauces,,310,11.43,65.37,5.85,3.9,,148,yes
fd_fd_7183917353260121,Avocado,אבוקדו,Авокадо,FoodsDictionary_IL,fruit,,160,2,8.53,14.66,6.7,0.66,7,yes
fd_fd_3143633056669486,Banana,בננה,Банан,FoodsDictionary_IL,fruit,,89,1.09,22.84,0.33,2.6,12.23,1,yes
fd_fd_8412031768377840,Watermelon,אבטיח,Арбуз,FoodsDictionary_IL,fruit,,30,0.61,7.55,0.15,0.4,6.2,1,yes
fd_fd_3498101048852458,Orange juice,מיץ תפוזים,Апельсиновый сок,FoodsDictionary_IL,drinks,,45,0.7,10.4,0.2,0.2,8.4,1,yes
fd_fd_6048161772373116,Apple with skin,תפוח עץ עם קליפה,Яблоко с кожурой,FoodsDictionary_IL,fruit,,52,0.26,13.81,0.171,2.4,10.38,1,yes
fd_fd_9221681350941980,Pear,אגס,Груша,FoodsDictionary_IL,fruit,,58,0.382,15.469,0.12,3.1,9.8,1,yes
fd_fd_8962430706717311,Cucumber with peel,מלפפון עם קליפה,Огурец с кожурой,FoodsDictionary_IL,vegetable,,15,0.65,3.63,0.11,0.5,1.67,2,yes
fd_fd_9509020161584229,Onion,בצל,Лук,FoodsDictionary_IL,vegetable,,40,1.1,9.34,0.1,1.7,4.24,,yes
fd_fd_8931865828742702,Tomato,עגבניה,Помидор,FoodsDictionary_IL,vegetable,,18,0.887,3.923,0.2,1.2,2.63,5,yes
fd_fd_2474134192559368,Carrot,גזר,Морковь,FoodsDictionary_IL,vegetable,,41,0.93,9.58,0.24,2.8,4.74,69,yes
fd_fd_3343884812356931,Parsley,פטרוזיליה,Петрушка,FoodsDictionary_IL,greens,,36,2.97,6.33,0.79,3.3,0.85,56,yes
fd_fd_4864634913674999,Potato cooked without skin,תפוח אדמה מבושל ללא קליפה,Картофель варёный без кожуры,FoodsDictionary_IL,vegetable,,86,1.71,20.01,0.1,1.8,0.85,,yes
fd_fd_2974592194505906,Whole boiled egg,ביצה שלמה מבושלת-מורתחת,Варёное яйцо целиком,FoodsDictionary_IL,eggs,,155,12.58,1.12,10.61,,1.12,124,yes
fd_fd_6396066495240317,Mozzarella cheese,גבינת מוצרלה,Сыр Моцарелла,FoodsDictionary_IL,dairy,,300,22.17,2.19,22.35,,1.03,627,yes
fd_fd_6128771990872140,Honey,דבש,Мёд,FoodsDictionary_IL,sweets,,304,0.3,82.4,,0.2,82.12,,yes
fd_fd_8075461465582067,"Chicken breast (cooked, fried)",חזה עוף מבושל-מטוגן,"Куриная грудка (варёная, жареная)",FoodsDictionary_IL,meat,,187,33.44,0.51,4.71,,,79,yes
fd_fd_6797002455160071,"Atlantic salmon (cooked, dried)",סלמון אטלנטי מבושל-מיובש בחום,"Атлантический лосось (варёный, сушёный)",FoodsDictionary_IL,fish,,206,22.1,,12.35,,,,yes
fd_fd_8680536140500564,"Buckwheat (cooked, roasted)",כוסמת מבושלת-קלויה,"Гречка (варёная, жареная)",FoodsDictionary_IL,grains,,92,3.38,19.94,0.62,2.7,0.9,,yes
fd_fd_8276822451925977,Quinoa (cooked),קינואה מבושלת,Киноа (варёная),FoodsDictionary_IL,grains,,120,4.4,21.3,1.92,2.8,,,yes
fd_fd_89020424010490,Oats,שיבולת שועל,Овёс,FoodsDictionary_IL,grains,,389,16.89,66.27,6.9,10.6,,,yes
fd_fd_9103863110099928,Almonds,שקדים,Миндаль,FoodsDictionary_IL,nuts,,575,21.22,21.67,49.42,12.2,3.89,,yes
fd_fd_9946650612101943,Olive oil,שמן זית,Оливковое масло,FoodsDictionary_IL,oils,,884,,,100,,,,yes
fd_fd_928454433324200,Whole wheat pita,פיתה מחיטה מלאה,Питта из цельной пшеницы,FoodsDictionary_IL,bakery,,266,9.8,55,2.6,7.4,0.82,,yes
fd_fd_2664566584858185,Almond oil,שמן שקדים,Миндальное масло,FoodsDictionary_IL,oils,,884,,,100,,,,yes
fd_fd_3207894109452055,Blueberries,אוכמניות,Черника,FoodsDictionary_IL,fruit,,57,0.74,14.49,0.33,2.4,9.96,1,yes
fd_fd_729323538949544,Sweet cherries,דובדבנים מתוקים,Сладкая черешня,FoodsDictionary_IL,fruit,,63,1.06,16.01,0.2,2.1,12.82,,yes
fd_fd_5937761870848125,Spinach (cooked),תרד מבושל,Шпинат (варёный),FoodsDictionary_IL,greens,,23,2.97,3.75,0.26,2.4,0.43,70,yes
fd_fd_7937389368189949,Cabbage,כרוב,Капуста,FoodsDictionary_IL,vegetable,,25,1.28,5.8,0.1,2.5,3.2,18,yes
fd_fd_6150186964114852,Butternut squash baked without salt,דלורית אפויה ללא מלח,Мускатная тыква запечённая без соли,FoodsDictionary_IL,vegetable,,40,0.9,10.49,0.09,,1.97,4,yes
fd_fd_6454308390287123,Yellow beans cooked without salt,שעועית צהובה מבושלת ללא מלח,Жёлтая фасоль варёная без соли,FoodsDictionary_IL,legumes,,35,1.89,7.88,0.28,3.3,1.55,3,yes
fd_fd_112588002094972,Broccoli (cooked),ברוקולי מבושל,Брокколи (варёное),FoodsDictionary_IL,vegetable,,35,2.38,7.18,0.41,3.3,1.39,41,yes
fd_fd_7571558888539883,Brussels sprouts (cooked),כרוב ניצנים מבושל,Брюссельская капуста (варёная),FoodsDictionary_IL,vegetable,,36,2.55,7.1,0.5,2.6,1.74,21,yes
fd_fd_6868400442976866,Leek (cooked),כרישה מבושלת,Лук-порей (варёный),FoodsDictionary_IL,vegetable,,31,0.81,7.62,0.2,1,2.11,10,yes
fd_fd_9468987399560107,Mushrooms,פטריות,Грибы,FoodsDictionary_IL,vegetable,,22,3.09,3.28,0.34,1,1.65,,yes
fd_fd_9586658761117888,Yellow bell pepper,פלפל צהוב,Жёлтый болгарский перец,FoodsDictionary_IL,vegetable,,27,1,6.32,0.21,0.9,,2,yes
fd_fd_148911026882064,Cherry tomatoes,עגבניות שרי,Помидоры черри,FoodsDictionary_IL,fruit,,18,0.88,3.92,0.2,1.2,2.63,5,yes
fd_fd_1555636433221307,Eggplant (cooked),חציל מבושל,Баклажан (варёный),FoodsDictionary_IL,vegetable,,35,0.83,8.73,0.23,2.5,3.2,1,yes
fd_fd_4236313529260873,Turnip (cooked),לפת מבושלת,Репа (варёная),FoodsDictionary_IL,vegetable,,22,0.71,5.06,0.08,2,2.99,,yes
fd_fd_9556137315396941,Sugar,סוכר,Сахар,FoodsDictionary_IL,sweets,,387,,99.98,,,99.91,,yes
fd_fd_5624186629626090,Toffee candy,סוכריות טופי,Ириски,FoodsDictionary_IL,sweets,,397,0.03,91.56,3.33,,68.48,52,yes
fd_fd_9135377284132626,Dried watermelon seeds,גרעיני אבטיח מיובשים,Сушёные семена арбуза,FoodsDictionary_IL,nuts,,557,28.33,15.31,47.37,,,,yes
fd_fd_2459006819431862,Persimmon,אפרסמון,Хурма,FoodsDictionary_IL,fruit,,70,0.58,18.59,0.19,3.6,12.53,1,yes
fd_fd_1508016541479082,Celery root (celeriac),סלרי - כרפס,Корень сельдерея,FoodsDictionary_IL,vegetable,,16,0.69,2.97,0.17,1.6,1.83,80,yes
fd_fd_4452053829190357,Green onion,בצל ירוק,Зелёный лук,FoodsDictionary_IL,vegetable,,32,1.83,7.34,0.19,2.6,2.33,16,yes
fd_fd_6515486706728739,Radish,צנון - צנונית,Редис,FoodsDictionary_IL,vegetable,,16,0.68,3.4,0.1,1.6,1.86,,yes
fd_fd_7807354032555724,Sweet potato cooked without skin,בטטה מבושלת ללא קליפה,Батат варёный без кожуры,FoodsDictionary_IL,vegetable,,76,1.37,17.72,0.14,2.5,5.74,27,yes
fd_fd_9772702481919713,Corn (cooked),תירס מבושל,Кукуруза (варёная),FoodsDictionary_IL,vegetable,,108,3.32,25.11,1.28,2.7,4.07,,yes
fd_fd_598057379844175,Chicken liver (cooked),כבד עוף מבושל,Куриная печень (варёная),FoodsDictionary_IL,meat,,167,24.46,0.87,6.51,,,76,yes
fd_fd_9644372376603607,"Chicken drumstick (cooked, roasted)",שוק עוף מבושלת-צלויה,"Куриная голень (варёная, жареная)",FoodsDictionary_IL,meat,,191,27.03,,8.43,,,91,yes
fd_fd_9649762694298098,"Chicken drumstick (cooked, roasted)",כרע עוף מבושל-צלוי,"Куриная голень (варёная, жареная)",FoodsDictionary_IL,meat,,172,28.29,,5.66,,,95,yes
fd_fd_4869291784667852,Turkey pastrami,פסטרמה הודו,Пастрома из индейки,FoodsDictionary_IL,meat,,133,16.3,1.79,6.21,0.1,3.34,981,yes
fd_fd_2818613273390186,"Mullet (cooked, dried)",דג מוסר מבושל-מיובש בחום,"Кефаль (варёная, сушёная)",FoodsDictionary_IL,fish,,153,22.49,,6.32,,,96,yes
fd_fd_1030459630035955,White perch (lokus),לוקוס,Белый окунь (локус),FoodsDictionary_IL,fish,,92,19.38,,1.02,,,53,yes
fd_fd_1223694967042207,"Tilapia (cooked, dried)",אמנון מבושל-מיובש בחום,"Тилапия (варёная, сушёная)",FoodsDictionary_IL,fish,,128,26.15,,2.65,,,,yes
fd_fd_6020417648994568,Star fruit (carambola),קרמבולה,Карамбола — Star fruit (carambola),FoodsDictionary_IL,fruit,,31,1.04,6.73,0.33,2.8,3.98,2,yes
fd_fd_3760236966496685,Dried figs,תאנים מיובשות,Сушёный инжир,FoodsDictionary_IL,fruit,,249,3.3,63.87,0.93,9.8,47.92,,yes
fd_fd_9466068695897833,Prickly pear (cactus fruit),סברס - צבר,Опунция (плод кактуса),FoodsDictionary_IL,fruit,,41,0.73,9.57,0.51,3.6,,5,yes
fd_fd_6953425857960397,Dried plum (prune),שזיף מיובש,Чернослив — Dried plum (prune),FoodsDictionary_IL,fruit,,240,2.18,63.88,0.38,7.1,38.13,2,yes
fd_fd_3356336113688935,Clementine,קלמנטינה,Клементин,FoodsDictionary_IL,fruit,,47,0.85,12.02,0.15,1.7,9.18,,yes
fd_fd_8792216841919696,Green or red grapes,ענבים ירוקים או אדומים,Зелёный или красный виноград,FoodsDictionary_IL,fruit,,69,0.72,18.1,0.16,0.9,15.48,2,yes
fd_fd_9815320331391681,Figs,תאנים,Инжир,FoodsDictionary_IL,fruit,,74,0.75,19.18,0.3,2.9,16.26,1,yes
fd_fd_5048772957794369,Lychee,ליצ%60י,Личи,FoodsDictionary_IL,fruit,,66,0.83,16.53,0.44,1.3,15.23,,yes
fd_fd_44570005694032,Asparagus (cooked),אספרגוס מבושל,Спаржа (варёная),FoodsDictionary_IL,vegetable,,22,2.4,4.11,0.22,2,1.3,14,yes
fd_fd_4263969622370640,Kohlrabi,קולורבי,Кольраби,FoodsDictionary_IL,vegetable,,27,1.7,6.2,0.1,3.6,2.6,20,yes
fd_fd_178045363094231,Cauliflower (cooked),כרובית מבושלת,Цветная капуста (варёная),FoodsDictionary_IL,vegetable,,23,1.84,4.11,0.45,2.3,2.08,15,yes
fd_fd_6786569739011018,Arabic lettuce,חסה ערבית,Арабский салат-латук,FoodsDictionary_IL,greens,,17,1.23,3.29,0.3,2.1,1.19,8,yes
fd_fd_5533015423388178,Artichoke (cooked),ארטישוק - קנרס מבושל,Артишок (варёный),FoodsDictionary_IL,vegetable,,53,2.89,11.95,0.34,8.6,0.99,60,yes
fd_fd_4803102038358677,Beetroot (cooked),סלק מבושל,Свёкла (варёная),FoodsDictionary_IL,vegetable,,44,1.68,9.96,0.18,2,7.96,77,yes
fd_fd_743714533601233,Okra (cooked),במיה מבושלת,Бамия (варёная),FoodsDictionary_IL,vegetable,,22,1.87,4.51,0.21,2.5,2.4,6,yes
fd_fd_5251538122589331,Pistachio,פיסטוק חלבי,Фисташка,FoodsDictionary_IL,nuts,,557,20.61,27.97,44.44,10.3,7.64,1,yes
fd_fd_6752637386879819,Peanuts,בוטנים,Арахис,FoodsDictionary_IL,nuts,,567,25.8,16.13,49.24,8.5,3.97,,yes
fd_fd_1959628795030967,English walnuts,אגוזי מלך אנגליים,Английские грецкие орехи,FoodsDictionary_IL,nuts,,654,15.23,13.71,65.21,6.7,2.61,2,yes
fd_fd_7959351558747824,Pumpkin (cooked),דלעת מבושלת,Тыква (варёная),FoodsDictionary_IL,vegetable,,20,0.72,4.9,0.07,1.1,1.02,1,yes
fd_fd_2892199487916594,Green beans cooked without salt,שעועית ירוקה מבושלת ללא מלח,Зелёная фасоль варёная без соли,FoodsDictionary_IL,vegetable,,35,1.89,7.88,0.28,3.2,1.55,1,yes
fd_fd_5307987942146917,"Chicken thigh (cooked, roasted)",ירך עוף מבושל-צלוי,"Куриное бедро (варёное, жареное)",FoodsDictionary_IL,meat,,209,25.94,,10.88,,,88,yes
fd_fd_6980931682809471,Chicken breast (cooked),חזה עוף מבושל,Куриная грудка (варёная),FoodsDictionary_IL,meat,,151,28.98,,3.03,,,63,yes
fd_fd_7596247002587362,Ground turkey (cooked),בשר הודו טחון מבושל,Фарш индейки (варёный),FoodsDictionary_IL,meat,,203,27.37,,10.4,,,78,yes
fd_fd_5916377653348588,"Turkey breast (cooked, roasted)",חזה הודו מבושל-צלוי,"Грудка индейки (варёная, жареная)",FoodsDictionary_IL,meat,,135,30.06,,0.74,,,,yes
fd_fd_1682818148223486,"Turkey drumstick (cooked, roasted)",שוק הודו מבושלת-צלויה,"Голень индейки (варёная, жареная)",FoodsDictionary_IL,meat,,159,29.19,,3.77,,,,yes
fd_fd_9956871989463037,"Chicken breast (cooked, roasted)",חזה עוף מבושל-צלוי,"Куриная грудка (варёная, жареная)",FoodsDictionary_IL,meat,,165,31.02,,3.57,,,74,yes
fd_fd_1249653012979390,"Ground chicken (cooked, fried)",בשר עוף טחון מבושל-מטוגן,"Фарш куриный (варёный, жареный)",FoodsDictionary_IL,meat,,189,23.28,,10.92,,,,yes
fd_fd_1587685594434835,Smoked Atlantic herring,דג הרינג אטלנטי מעושן,Копчёная атлантическая селёдка,FoodsDictionary_IL,fish,,217,24.58,,12.37,,,918,yes
fd_fd_2055335180685759,Sea bream (cooked),דניס מבושל,Дорадо (варёный),FoodsDictionary_IL,fish,,162,23.1,0.1,7.11,,0.04,364,yes
fd_fd_3808390498392291,"Carp (cooked, dried)",קרפיון מבושל-מיובש בחום,"Карп (варёный, сушёный)",FoodsDictionary_IL,fish,,162,22.86,,7.17,,,63,yes
fd_fd_2296826317083608,"Atlantic cod (cooked, dried)",בקלה אטלנטי מבושל-מיובש בחום,"Атлантическая треска (варёная, сушёная)",FoodsDictionary_IL,fish,,105,22.83,,0.86,,,78,yes
fd_fd_9085102162520065,Yellowfin tuna,טונה צהובת סנפיר,Желтоперый тунец,FoodsDictionary_IL,fish,,109,24.4,,0.49,,,45,yes
fd_fd_3831394500750649,"Sea bass (cooked, dried)",בס מבושל-מיובש בחום,"Морской окунь (варёный, сушёный)",FoodsDictionary_IL,fish,,146,24.18,,4.73,,,90,yes
fd_fd_6458188326457095,"Trout (cooked, dried)",פורל מבושל - מיובש בחום,"Форель (варёная, сушёная)",FoodsDictionary_IL,fish,,133,21.46,,4.63,,,74,yes
fd_fd_3296262730803449,"Striped mullet (cooked, dried)",בורי מפוספס מבושל-מיובש בחום,"Полосатая кефаль (варёная, сушёная)",FoodsDictionary_IL,fish,,150,24.81,,4.86,,,71,yes
fd_fd_2024001446235997,"European seabass (cooked, dried)",לברק מבושל-מיובש בחום,"Европейский лаврак (варёный, сушёный)",FoodsDictionary_IL,fish,,124,23.63,,2.56,,,87,yes
fd_fd_6358400905813954,Pecans,פקאנים,Пекан,FoodsDictionary_IL,nuts,,691,9.17,13.86,71.97,9.6,3.95,,yes
fd_fd_3582959716175083,Cashew nuts,אגוזי קשיו,Кешью,FoodsDictionary_IL,nuts,,553,18.22,30.19,43.85,3.3,5.91,,yes
fd_fd_2493252517133452,Atlantic salmon,סלמון אטלנטי,Атлантический лосось,FoodsDictionary_IL,fish,,208,20.42,,13.42,,,,yes
fd_fd_6001766456796175,"Yellowfin tuna (cooked, dried)",טונה צהובת סנפיר מבושלת-מיובשת בחום,"Желтоперый тунец (варёный, сушёный)",FoodsDictionary_IL,fish,,130,29.15,,0.59,,,54,yes
fd_fd_2505342141241786,"White perch (cooked, dried)",לוקוס מבושל-מיובש בחום,"Белый окунь (варёный, сушёный)",FoodsDictionary_IL,fish,,118,24.84,,1.3,,,53,yes
fd_fd_5269751920852444,Barramundi fish,דג ברמונדי,Баррамунди,FoodsDictionary_IL,fish,,80,20.4,,0.88,,,35,yes
fd_fd_4905523478263523,Orange peel,קליפת תפוז,Цедра апельсина,FoodsDictionary_IL,fruit,,97,1.5,25,0.2,10.6,,3,yes
fd_fd_7697608262698622,Goat milk,חלב עיזים,Козье молоко,FoodsDictionary_IL,vegan,,69,3.56,4.45,4.14,,4.45,50,yes
fd_fd_9518321590792631,Human breast milk,חלב אנוש,Грудное молоко,FoodsDictionary_IL,dairy,,70,1.03,6.89,4.38,,6.89,17,yes
fd_fd_1331142482758680,Sheep milk,חלב כבשים,Овечье молоко,FoodsDictionary_IL,dairy,,108,5.98,5.36,7,,,44,yes
fd_fd_395551370227294,Whole raw egg,ביצה שלמה - טריה,Сырое яйцо целиком,FoodsDictionary_IL,eggs,,143,12.56,0.72,9.51,,0.37,142,yes
fd_fd_6189616590343314,Whole fried egg,ביצה שלמה מבושלת-מטוגנת,Жареное яйцо целиком,FoodsDictionary_IL,eggs,,196,13.63,0.88,15.31,,0.83,204,yes
fd_fd_3043149283228376,Duck eggs,ביצי ברווז,Утиные яйца,FoodsDictionary_IL,eggs,,185,12.81,1.45,13.77,,0.93,146,yes
fd_fd_1507604553165474,Goose eggs,ביצי אווז,Гусиные яйца,FoodsDictionary_IL,eggs,,185,13.87,1.35,13.27,,0.94,138,yes
fd_fd_8297318468489284,Quail eggs,ביצי שלו,Перепелиные яйца,FoodsDictionary_IL,eggs,,158,13.05,0.41,11.09,,0.41,141,yes
fd_fd_1238295231078942,Gouda cheese,גבינת גאודה,Сыр Гауда,FoodsDictionary_IL,dairy,,356,24.94,2.22,27.44,,2.22,819,yes
fd_fd_4294694821990059,Camembert cheese,גבינת קממבר,Сыр Камамбер,FoodsDictionary_IL,dairy,,300,19.8,0.46,24.26,,0.46,842,yes
fd_fd_6327120243239144,Hazelnut oil,שמן אגוזי לוז,Масло фундука,FoodsDictionary_IL,oils,,884,,,100,,,,yes
fd_fd_6759680642800486,Apple cider vinegar,חומץ - סיידר,Яблочный уксус,FoodsDictionary_IL,sauces,,21,,0.93,,,0.4,,yes
fd_fd_3584719966828694,Lime juice,מיץ ליים,Сок лайма,FoodsDictionary_IL,drinks,,25,0.42,8.42,0.07,0.4,1.69,2,yes
fd_fd_2058209940661072,Lemon with peel,לימון עם קליפה,Лимон с кожурой,FoodsDictionary_IL,fruit,,20,1.2,10.7,0.3,4.7,,3,yes
fd_fd_3759973423780030,Lemon without peel,לימון ללא קליפה,Лимон без кожуры,FoodsDictionary_IL,fruit,,29,1.1,9.32,0.3,2.8,2.5,2,yes
fd_fd_6691531251316997,Lemon peel,קליפת לימון,Цедра лимона,FoodsDictionary_IL,fruit,,47,1.5,16,0.3,10.6,4.17,6,yes
fd_fd_8378168058585041,Coconut milk,חלב קוקוס,Кокосовое молоко,FoodsDictionary_IL,vegan,,230,2.29,5.54,23.84,2.2,3.34,,yes
fd_fd_2229262067854321,Turkey eggs,ביצי הודו,Индюшачьи яйца,FoodsDictionary_IL,eggs,,171,13.68,1.15,11.88,,,151,yes
fd_fd_5032043049192396,Fat-free mozzarella,גבינת מוצרלה ללא שומן,Обезжиренная моцарелла,FoodsDictionary_IL,dairy,,149,31.7,3.5,,1.8,1.48,743,yes
fd_fd_3893789099379280,Walnut oil,שמן אגוזים,Ореховое масло,FoodsDictionary_IL,oils,,884,,,100,,,,yes
fd_fd_7429951720119459,Dried roasted hazelnuts,אגוזי לוז מיובשים - קלויים,Сушёный жареный фундук,FoodsDictionary_IL,nuts,,646,15.03,17.6,62.4,9.4,4.89,,yes
fd_fd_5288224534043827,Distilled vinegar,חומץ מזוקק,Дистиллированный уксус,FoodsDictionary_IL,sauces,,18,,0.04,,,0.04,,yes
fd_fd_8794842737577356,Coconut,קוקוס,Кокос,FoodsDictionary_IL,nuts,,354,3.33,15.23,33.49,9,6.23,,yes
fd_fd_8070672270736477,Sweet dried coconut,קוקוס מיובש מתוק,Сладкий сушёный кокос,FoodsDictionary_IL,nuts,,501,2.88,47.67,36.49,4.5,43.17,,yes
fd_fd_8353654742676831,Egg yolk,חלמון ביצה,Яичный желток,FoodsDictionary_IL,eggs,,322,15.86,3.59,26.54,,0.56,48,yes
fd_fd_7691581751866252,Egg white protein powder,אבקת חלבון ביצה,Порошок яичного белка,FoodsDictionary_IL,protein,,382,81.1,7.8,,,5.4,,yes
fd_fd_3516762985006507,Frozen egg white,חלבון ביצה קפוא,Замороженный яичный белок,FoodsDictionary_IL,eggs,,47,9.8,1.05,,,,,yes
fd_fd_8983343634289256,Soy protein,חלבון סויה,Соевый белок,FoodsDictionary_IL,protein,,338,80.69,7.36,3.39,5.6,,,yes
fd_fd_4742788327652905,Roasted European chestnuts,ערמונים אירופאים קלויים,Жареные европейские каштаны,FoodsDictionary_IL,nuts,,245,3.17,52.96,2.2,5.1,10.6,2,yes
fd_fd_4822746937646813,Popcorn,פופקורן,Попкорн,FoodsDictionary_IL,sweets,,387,12.94,77.9,4.54,14.5,0.87,8,yes
fd_fd_2445954454812323,European chestnuts (peeled),ערמונים אירופאים מקולפים,Европейские каштаны (очищенные),FoodsDictionary_IL,nuts,,196,1.63,44.17,1.25,,,2,yes
fd_fd_2834259199041280,"European chestnuts (dried, peeled)",ערמונים אירופאים מיובשים-מקולפים,"Европейские каштаны (сушёные, очищенные)",FoodsDictionary_IL,nuts,,369,5.01,78.43,3.91,,,,yes
fd_fd_9789366077106248,European chestnuts (boiled),ערמונים אירופאים מבושלים-מורתחים,Европейские каштаны (варёные),FoodsDictionary_IL,nuts,,131,2,27.76,1.38,,,27,yes
fd_fd_4932627535648330,Dry roasted cashews,אגוזי קשיו קלויים מיובשים,Сушёный жареный кешью,FoodsDictionary_IL,nuts,,574,15.31,32.69,46.35,3,5.01,,yes
fd_fd_1735698165675683,Falafel,פלאפל,Фалафель,FoodsDictionary_IL,israeli,,333,13.31,31.84,17.8,,,294,yes
fd_fd_4861742104861292,Paprika,פפריקה,Паприка,FoodsDictionary_IL,sauces,,289,14.76,55.74,12.95,37.4,10.34,34,yes
fd_fd_7328880581430129,Cardamom,הל,Кардамон,FoodsDictionary_IL,sauces,,311,10.76,68.47,6.7,28,,,yes
fd_fd_2806227990945099,Basil,בזיליקום,Базилик,FoodsDictionary_IL,greens,,23,3.15,2.65,0.64,1.6,0.3,4,yes
fd_fd_7777231447683897,Mint,נענע,Мята,FoodsDictionary_IL,greens,,44,3.29,8.41,0.73,6.8,,30,yes
fd_fd_5337376328733501,Rosemary,רוזמרין,Розмарин,FoodsDictionary_IL,greens,,131,3.31,20.7,5.86,14.1,,26,yes
fd_fd_2830683609885235,Bay leaves,עלי דפנה,Лавровый лист,FoodsDictionary_IL,sauces,,313,7.61,74.97,8.36,26.3,,23,yes
fd_fd_3390954641756133,Chickpeas (garbanzo beans),גרגירי חומוס,Нут (бараний горох),FoodsDictionary_IL,legumes,,364,19.3,60.65,6.04,17.4,10.7,24,yes
fd_fd_6854198398696671,Chickpeas cooked without salt,גרגירי חומוס מבושלים ללא מלח,Нут варёный без соли,FoodsDictionary_IL,legumes,,164,8.86,27.42,2.59,7.6,4.8,7,yes
fd_fd_8836978769816830,Chickpeas cooked with salt,גרגירי חומוס מבושלים עם מלח,Нут варёный с солью,FoodsDictionary_IL,legumes,,164,8.86,27.42,2.59,7.6,4.8,243,yes
fd_fd_6294268940899068,Edamame (boiled without salt),פולי סויה מורתחים ללא מלח - אדממה,Эдамаме (варёные без соли),FoodsDictionary_IL,legumes,,141,12.4,11,6.4,4.2,,14,yes
fd_fd_4684512466838440,Fava beans cooked without salt,פול מבושל ללא מלח,Бобы варёные без соли,FoodsDictionary_IL,legumes,,110,7.6,19.65,0.4,5.4,1.82,5,yes
fd_fd_6533902035197594,Taco,טאקו,Тако,FoodsDictionary_IL,international,,217,12.08,15.63,12.02,,,,yes
fd_fd_2384869281316828,Regular pizza,פיצה רגילה,Обычная пицца,FoodsDictionary_IL,bakery,,264,11.91,32.58,9.51,1.7,4.02,535,yes
fd_fd_3262114782164434,Thick crust pizza,פיצה עבה,Пицца на толстом тесте,FoodsDictionary_IL,bakery,,272,12,31.33,10.99,1.5,3.18,533,yes
fd_fd_3029208146359616,Dill,שבת - שמיר,Укроп,FoodsDictionary_IL,greens,,43,3.46,7.02,1.12,2.1,,61,yes
fd_fd_1702800319360251,Dried dill,שבת - שמיר מיובש,Сушёный укроп,FoodsDictionary_IL,sauces,,253,19.96,55.82,4.36,13.6,,208,yes
fd_fd_5977937958709052,Dried mint,נענע מיובשת,Сушёная мята,FoodsDictionary_IL,sauces,,285,19.93,52.04,6.03,29.8,,344,yes
fd_fd_4603964490442164,Mint,מנטה - נענע,Мята,FoodsDictionary_IL,greens,,70,3.75,14.89,0.94,8,,31,yes
fd_fd_2092079476291762,Italian bread,לחם איטלקי,Итальянский хлеб,FoodsDictionary_IL,bakery,,271,8.8,50,3.5,2.7,0.83,,yes
fd_fd_6157218216428409,Enriched white pita,פיתה לבנה מועשרת,Обогащённая белая питта,FoodsDictionary_IL,bakery,,275,9.1,55.7,1.2,2.2,1.3,,yes
fd_fd_2363656163059434,Apple croissant,קרואסון תפוחים,Яблочный круассан,FoodsDictionary_IL,bakery,,254,7.4,37.1,8.7,2.5,,274,yes
fd_fd_6567307286889720,Butter croissant,קרואסון חמאה,Сливочный круассан,FoodsDictionary_IL,bakery,,406,8.2,45.8,21,2.6,11.26,744,yes
fd_fd_7993987330804256,Cheese croissant,קרואסון גבינה,Сырный круассан,FoodsDictionary_IL,bakery,,414,9.2,47,20.9,2.6,11.35,555,yes
fd_fd_758509180319934,Roasted salted peanuts,בוטנים קלויים עם מלח,Жареный солёный арахис,FoodsDictionary_IL,nuts,,585,23.68,21.51,49.66,8,4.18,,yes
fd_fd_1566215019363448,Roasted peanuts,בוטנים קלויים,Жареный арахис,FoodsDictionary_IL,nuts,,585,23.68,21.51,49.66,8,4.18,,yes
fd_fd_2390760168022999,White beans cooked without salt,שעועית לבנה מבושלת ללא מלח,Белая фасоль варёная без соли,FoodsDictionary_IL,legumes,,139,9.73,25.09,0.35,6.3,0.34,,yes
fd_fd_9191413664474353,Peas (cooked),אפונה מבושלת,Горох (варёный),FoodsDictionary_IL,vegetable,,84,5.36,15.63,0.22,5.5,5.93,3,yes
fd_fd_7419227993785463,Lentils cooked without salt,עדשים מבושלות ללא מלח,Чечевица варёная без соли,FoodsDictionary_IL,legumes,,116,9.02,20.13,0.38,7.9,1.8,,yes
fd_fd_2727004559944607,Fresh soybeans,פולי סויה טריים,Свежая соя,FoodsDictionary_IL,legumes,,147,13,11,6.8,4.2,,15,yes
fd_fd_7614695735739070,Roasted soybeans without added salt,פולי סויה קלויים ללא תוספת מלח,Жареная соя без добавления соли,FoodsDictionary_IL,legumes,,469,38.6,30.2,25.4,17.7,,4,yes
fd_fd_2322923589412309,Fresh fava beans,פול טרי,Свежая боб,FoodsDictionary_IL,legumes,,341,26.12,58.29,1.53,25,5.7,13,yes
fd_fd_747136730247230,Fava beans cooked with salt,פול מבושל עם מלח,Бобы варёные с солью,FoodsDictionary_IL,legumes,,110,7.6,19.65,0.4,5.4,1.82,241,yes
fd_fd_7480524233754493,Black garlic,שום שחור,Чёрный чеснок,FoodsDictionary_IL,vegetable,,143,3.57,14.3,7.14,3.6,,571,yes
fd_fd_7579404903204662,Dill seeds,זרעי שבת - שמיר,Семена укропа,FoodsDictionary_IL,sauces,,305,15.98,55.17,14.54,21.1,,20,yes
fd_fd_4423087321455154,Unsweetened donuts,סופגניות לא מסוכרות,Пончики без сахара,FoodsDictionary_IL,sweets,,418,5.87,45.63,23.55,1.6,16.28,557,yes
fd_fd_9827114560193975,Canned beans (baked),שעועית משומרת - אפויה,Консервированная фасоль (запечённая),FoodsDictionary_IL,legumes,,105,4.8,20.49,0.4,5.5,7.78,1,yes
fd_fd_9423582778931608,Kidney beans cooked without salt,שעועית קידני מבושלת ללא מלח,Красная фасоль варёная без соли,FoodsDictionary_IL,legumes,,127,8.67,22.8,0.5,6.4,0.32,,yes
fd_fd_3972345277917717,Peas,אפונה,Горох,FoodsDictionary_IL,vegetable,,81,5.42,14.45,0.4,5.1,5.67,5,yes
fd_fd_8709160533307763,Lentils cooked with salt,עדשים מבושלות עם מלח,Чечевица варёная с солью,FoodsDictionary_IL,legumes,,114,9.02,19.54,0.38,7.9,1.8,,yes
fd_fd_7751777662457296,Fresh lentils,עדשים טריות,Свежая чечевица,FoodsDictionary_IL,legumes,,353,25.8,60.08,1.06,30.5,2.03,6,yes
fd_fd_790684058890494,Mustard,חרדל,Горчица,FoodsDictionary_IL,sauces,,67,4.37,5.33,4.01,3.3,0.86,1135,yes
fd_fd_2041317676649873,Horseradish,חזרת,Хрен,FoodsDictionary_IL,vegetable,,48,1.18,11.29,0.69,3.3,7.99,,yes
fd_fd_7350119312065176,Chocolate spread with almonds and hazelnuts,ממרח שוקולד עם שקדים ולוז,Шоколадная паста с миндалём и фундуком,FoodsDictionary_IL,sweets,,541,5.41,62.16,29.73,5.4,54.05,41,yes
fd_fd_6313566469551300,Yellow beans,שעועית צהובה,Желтая фасоль,FoodsDictionary_IL,legumes,,31,1.82,7.13,0.12,3.4,,6,yes
fd_fd_3557066370732363,Yellow beans cooked with salt,שעועית צהובה מבושלת עם מלח,Жёлтая фасоль варёная с солью,FoodsDictionary_IL,legumes,,35,1.89,7.88,0.28,3.3,1.55,238,yes
fd_fd_1995620283949386,Sweet potato baked with skin,בטטה אפויה עם קליפה,Батат запечённый с кожурой,FoodsDictionary_IL,vegetable,,90,2.01,20.71,0.15,3.3,6.48,36,yes
fd_fd_438402383992191,Purple sweet potato,בטטה סגולה,Фиолетовый батат,FoodsDictionary_IL,vegetable,,85,1.54,20,,3.1,3.85,,yes
fd_fd_3897981697343685,Mustard seeds,זרעי חרדל,Семена горчицы,FoodsDictionary_IL,sauces,,469,24.94,34.94,28.76,14.7,6.79,5,yes
fd_fd_85660497625644,Green beans cooked with salt,שעועית ירוקה מבושלת עם מלח,Зелёная фасоль варёная с солью,FoodsDictionary_IL,vegetable,,35,1.89,7.88,0.28,3.2,1.55,239,yes
fd_il_eafcfe7b961de921,Ground beef cooked roasted 5% fat,בשר בקר טחון-מבושל-צלוי - 5% שומן,Фарш говяжий варёный жареный 5% жирности,FoodsDictionary_IL,meat,,171,26.29,,6.55,,,,yes
fd_il_ce103b1c08a9406e,French toast 2% fat milk,טוסט צרפתי 2% שומן חלב,Французский тост 2% жирности,FoodsDictionary_IL,bakery,,229,7.7,25,10.8,,,479,yes
fd_il_e37a66fd7f43257b,Summer squash (cooked),קישוא (קיץ) מבושל,Летний кабачок (варёный),FoodsDictionary_IL,vegetable,,20,0.91,4.31,0.31,1.4,2.59,1,yes
fd_il_fd0aa591d4365245,Medjool dates,תמר - מג'הול,Финики Меджул,FoodsDictionary_IL,fruit,,277,1.81,74.97,0.15,6.7,66.47,1,yes
fd_il_c91f3a60b48c0817,Cheddar cheese,גבינת צ'דר,Сыр Чеддер,FoodsDictionary_IL,dairy,,403,24.9,1.28,33.14,,0.52,621,yes
fd_il_75326ac9e25f04ad,Nachos with cheese,נאצ'וס עם גבינה,Начос с сыром,FoodsDictionary_IL,other,,306,8.05,32.15,16.77,,,,yes
fd_il_b39e8f3fed528bc2,Nachos with cinnamon and sugar,נאצ'וס עם קינמון וסוכר,Начос с корицей и сахаром,FoodsDictionary_IL,other,,543,6.6,58.16,33.01,,,403,yes
fd_il_68b14bf7c8c210dd,Winter squash (cooked),קישוא (חורף) מבושל,Зимний кабачок (варёный),FoodsDictionary_IL,vegetable,,37,0.89,8.85,0.35,2.8,3.3,,yes
fd_il_db460f17e786c5d7,Baby zucchini,קישוא בייבי זוקיני,Бэби-цуккини,FoodsDictionary_IL,vegetable,,21,2.71,3.11,0.4,1.1,,3,yes
fd_il_577c8bf98371d9b6,Deglet Noor dates,תמר - דקל נור,Финики Деглет Нур,FoodsDictionary_IL,fruit,,282,2.45,75.03,0.39,8,63.35,,yes
fd_il_9599319c21760a42,Tamarind,תמר הינדי,Тамаринд,FoodsDictionary_IL,sauces,,239,2.8,62.5,0.6,5.1,57.4,28,yes
usda_172664,"Bagels, cinnamon-raisin","קינמון-צימוקים — Bagels, cinnamon-raisin","Корица-изюм — Bagels, cinnamon-raisin",USDA_SR_Legacy,fruit,,274,9.8,55.2,1.7,2.3,,407,yes
usda_172665,"Bagels, cinnamon-raisin, toasted","קינמון-צימוקים — Bagels, cinnamon-raisin, toasted","Корица-изюм — Bagels, cinnamon-raisin, toasted",USDA_SR_Legacy,fruit,,294,10.6,59.3,1.8,2.5,,370,yes
usda_171852,"Bagels, multigrain","בייגלה — Bagels, multigrain","Бейгл — Bagels, multigrain",USDA_SR_Legacy,bakery,,241,9.9,47.47,1.24,6.2,,359,yes
usda_172666,"Bagels, oat bran","בייגלה — Bagels, oat bran","Бейгл — Bagels, oat bran",USDA_SR_Legacy,bakery,,255,10.7,53.3,1.2,3.6,,590,yes
usda_174899,"Bagels, plain, enriched, with calcium propionate (includes onion, poppy, sesame)","מועשר — Bagels, plain, enriched, with calcium propionate (includes onion, poppy, sesame)","Обогащённый — Bagels, plain, enriched, with calcium propionate (includes onion, poppy, sesame)",USDA_SR_Legacy,vegetable,,264,10.56,52.38,1.32,1.6,,422,yes
usda_174900,"Bagels, plain, enriched, with calcium propionate (includes onion, poppy, sesame), toasted","מועשר — Bagels, plain, enriched, with calcium propionate (includes onion, poppy, sesame), toasted","Обогащённый — Bagels, plain, enriched, with calcium propionate (includes onion, poppy, sesame), toasted",USDA_SR_Legacy,vegetable,,287,11.14,57.39,1.43,1.8,,457,yes
usda_167533,"Bagels, wheat","בייגלה — Bagels, wheat","Бейгл — Bagels, wheat",USDA_SR_Legacy,bakery,,250,10.2,48.89,1.53,4.1,,439,yes
usda_174902,"Biscuits, plain or buttermilk, dry mix","ביסקוויט — Biscuits, plain or buttermilk, dry mix","Бисквиты — Biscuits, plain or buttermilk, dry mix",USDA_SR_Legacy,bakery,,428,8,63.4,15.4,2.1,,1276,yes
usda_172669,"Biscuits, plain or buttermilk, refrigerated dough, higher fat, baked","ביסקוויט — Biscuits, plain or buttermilk, refrigerated dough, higher fat, baked","Бисквиты — Biscuits, plain or buttermilk, refrigerated dough, higher fat, baked",USDA_SR_Legacy,bakery,,324,6.79,49.05,11.22,2.8,,1002,yes
usda_174904,"Biscuits, plain or buttermilk, refrigerated dough, lower fat","ביסקוויט — Biscuits, plain or buttermilk, refrigerated dough, lower fat","Бисквиты — Biscuits, plain or buttermilk, refrigerated dough, lower fat",USDA_SR_Legacy,bakery,,270,6.7,43.7,7.83,2,,828,yes
usda_174905,"Biscuits, plain or buttermilk, refrigerated dough, lower fat, baked","ביסקוויט — Biscuits, plain or buttermilk, refrigerated dough, lower fat, baked","Бисквиты — Biscuits, plain or buttermilk, refrigerated dough, lower fat, baked",USDA_SR_Legacy,bakery,,319,7.8,51.6,9.1,2.3,,962,yes
usda_174913,"Bread, Italian","לחם — Bread, Italian","Хлеб — Bread, Italian",USDA_SR_Legacy,bakery,,259,9.49,48.11,2.73,2.1,,618,yes
usda_174907,"Bread, boston brown, canned","משימורים — Bread, boston brown, canned","Консервированный — Bread, boston brown, canned",USDA_SR_Legacy,bakery,,195,5.2,43.3,1.5,4.7,,631,yes
usda_167944,"Bread, cheese","גבינה — Bread, cheese","Сыр — Bread, cheese",USDA_SR_Legacy,bakery,,408,10.42,44.83,20.83,2.1,,750,yes
usda_174908,"Bread, cornbread, dry mix, enriched (includes corn muffin mix)","לחם תירס — Bread, cornbread, dry mix, enriched (includes corn muffin mix)","Кукурузный хлеб — Bread, cornbread, dry mix, enriched (includes corn muffin mix)",USDA_SR_Legacy,bakery,,418,7,69.5,12.2,6.5,,817,yes
usda_174909,"Bread, cornbread, dry mix, prepared with 2% milk, 80% margarine, and eggs","לחם תירס — Bread, cornbread, dry mix, prepared with 2% milk, 80% margarine, and eggs","Кукурузный хлеб — Bread, cornbread, dry mix, prepared with 2% milk, 80% margarine, and eggs",USDA_SR_Legacy,bakery,,330,6.59,54.46,9.58,2.3,,599,yes
usda_174928,"Bread, crumbs, dry, grated, plain","מגורר — Bread, crumbs, dry, grated, plain","Тёртый — Bread, crumbs, dry, grated, plain",USDA_SR_Legacy,bakery,,395,13.35,71.98,5.3,4.5,,732,yes
usda_172806,"Bread, crumbs, dry, grated, seasoned","מגורר — Bread, crumbs, dry, grated, seasoned","Тёртый — Bread, crumbs, dry, grated, seasoned",USDA_SR_Legacy,bakery,,383,14.13,68.49,5.48,4.9,,2100,yes
usda_172673,"Bread, egg","ביצה — Bread, egg","Яйцо — Bread, egg",USDA_SR_Legacy,bakery,,287,9.5,47.8,6,2.3,,380,yes
usda_172674,"Bread, egg, toasted","ביצה — Bread, egg, toasted","Яйцо — Bread, egg, toasted",USDA_SR_Legacy,bakery,,315,10.5,52.6,6.6,2.5,,417,yes
usda_172675,"Bread, french or vienna (includes sourdough)","לחם מחמצת — Bread, french or vienna (includes sourdough)","Хлеб на закваске — Bread, french or vienna (includes sourdough)",USDA_SR_Legacy,bakery,,272,10.75,51.88,2.42,2.2,,602,yes
usda_174911,"Bread, french or vienna, toasted (includes sourdough)","לחם מחמצת — Bread, french or vienna, toasted (includes sourdough)","Хлеб на закваске — Bread, french or vienna, toasted (includes sourdough)",USDA_SR_Legacy,bakery,,319,13,61.93,2.14,3.1,,720,yes
usda_168013,"Bread, multi-grain (includes whole-grain)","לחם — Bread, multi-grain (includes whole-grain)","Хлеб — Bread, multi-grain (includes whole-grain)",USDA_SR_Legacy,bakery,,265,13.36,43.34,4.23,7.4,,381,yes
usda_174914,"Bread, multi-grain, toasted (includes whole-grain)","קלוי — Bread, multi-grain, toasted (includes whole-grain)","Поджаренный — Bread, multi-grain, toasted (includes whole-grain)",USDA_SR_Legacy,bakery,,288,14.52,47.11,4.6,8.1,,414,yes
usda_172676,"Bread, oat bran","לחם — Bread, oat bran","Хлеб — Bread, oat bran",USDA_SR_Legacy,bakery,,236,10.4,39.8,4.4,4.5,,353,yes
usda_172677,"Bread, oat bran, toasted","קלוי — Bread, oat bran, toasted","Поджаренный — Bread, oat bran, toasted",USDA_SR_Legacy,bakery,,259,11.4,43.7,4.8,4.9,,387,yes
usda_172678,"Bread, oatmeal","דייסת שיבולת שועל — Bread, oatmeal","Овсянка — Bread, oatmeal",USDA_SR_Legacy,bakery,,269,8.4,48.5,4.4,4,,447,yes
usda_172679,"Bread, oatmeal, toasted","דייסת שיבולת שועל — Bread, oatmeal, toasted","Овсянка — Bread, oatmeal, toasted",USDA_SR_Legacy,bakery,,292,9.2,52.7,4.8,4.3,,486,yes
usda_167935,"Bread, pan dulce, sweet yeast bread","לחם — Bread, pan dulce, sweet yeast bread","Хлеб — Bread, pan dulce, sweet yeast bread",USDA_SR_Legacy,bakery,,367,9.42,56.38,11.58,2.3,,228,yes
usda_174915,"Bread, pita, white, enriched","מועשר — Bread, pita, white, enriched","Обогащённый — Bread, pita, white, enriched",USDA_SR_Legacy,bakery,,275,9.1,55.7,1.2,2.2,,536,yes
usda_174916,"Bread, pita, whole-wheat","לחם — Bread, pita, whole-wheat","Хлеб — Bread, pita, whole-wheat",USDA_SR_Legacy,bakery,,262,9.8,55.89,1.71,6.1,,421,yes
usda_167943,"Bread, potato","תפוח אדמה — Bread, potato","Картофель — Bread, potato",USDA_SR_Legacy,bakery,,266,12.5,47.07,3.13,6.3,,375,yes
usda_174917,"Bread, protein (includes gluten)","לחם — Bread, protein (includes gluten)","Хлеб — Bread, protein (includes gluten)",USDA_SR_Legacy,bakery,,245,12.1,43.8,2.2,3,,404,yes
usda_172809,"Bread, protein, (includes gluten), toasted","קלוי — Bread, protein, (includes gluten), toasted","Поджаренный — Bread, protein, (includes gluten), toasted",USDA_SR_Legacy,bakery,,270,13.2,48.1,2.4,3.3,,444,yes
usda_174918,"Bread, pumpernickel","פומפרניקל — Bread, pumpernickel","Памперникель — Bread, pumpernickel",USDA_SR_Legacy,bakery,,250,8.7,47.5,3.1,6.5,,596,yes
usda_172680,"Bread, raisin, enriched","מועשר — Bread, raisin, enriched","Обогащённый — Bread, raisin, enriched",USDA_SR_Legacy,bakery,,274,7.9,52.3,4.4,4.3,,347,yes
usda_172681,"Bread, raisin, enriched, toasted","מועשר — Bread, raisin, enriched, toasted","Обогащённый — Bread, raisin, enriched, toasted",USDA_SR_Legacy,bakery,,297,8.6,56.9,4.8,4.7,,377,yes
usda_172682,"Bread, reduced-calorie, oat bran","לחם — Bread, reduced-calorie, oat bran","Пониженный — Bread, reduced-calorie, oat bran",USDA_SR_Legacy,bakery,,201,8,41.3,3.2,12,,459,yes
usda_172683,"Bread, reduced-calorie, oat bran, toasted","קלוי — Bread, reduced-calorie, oat bran, toasted","Поджаренный — Bread, reduced-calorie, oat bran, toasted",USDA_SR_Legacy,bakery,,239,9.5,49.2,3.8,14.3,,547,yes
usda_174920,"Bread, reduced-calorie, rye","לחם — Bread, reduced-calorie, rye","Пониженный — Bread, reduced-calorie, rye",USDA_SR_Legacy,bakery,,203,9.1,40.5,2.9,12,,513,yes
usda_174922,"Bread, reduced-calorie, white","לחם — Bread, reduced-calorie, white","Пониженный — Bread, reduced-calorie, white",USDA_SR_Legacy,bakery,,207,8.7,44.3,2.5,9.7,,479,yes
usda_174923,"Bread, rice bran","אורז — Bread, rice bran","Рис — Bread, rice bran",USDA_SR_Legacy,bakery,,243,8.9,43.5,4.6,4.9,,269,yes
usda_175044,"Bread, rice bran, toasted","אורז — Bread, rice bran, toasted","Рис — Bread, rice bran, toasted",USDA_SR_Legacy,bakery,,264,9.7,47.3,5,5.3,,292,yes
usda_174078,"Bread, roll, Mexican, bollilo","לחם — Bread, roll, Mexican, bollilo","Хлеб — Bread, roll, Mexican, bollilo",USDA_SR_Legacy,bakery,,318,10.65,55.77,5.8,2.2,,506,yes
usda_172684,"Bread, rye","לחם — Bread, rye","Хлеб — Bread, rye",USDA_SR_Legacy,bakery,,259,8.5,48.3,3.3,5.8,,603,yes
usda_172685,"Bread, rye, toasted","קלוי — Bread, rye, toasted","Поджаренный — Bread, rye, toasted",USDA_SR_Legacy,bakery,,284,9.4,53.1,3.6,6.4,,664,yes
usda_167526,"Bread, salvadoran sweet cheese (quesadilla salvadorena)","גבינה — Bread, salvadoran sweet cheese (quesadilla salvadorena)","Сыр — Bread, salvadoran sweet cheese (quesadilla salvadorena)",USDA_SR_Legacy,bakery,,374,7.12,47.84,17.12,0.7,,510,yes
usda_174929,"Bread, sticks, plain","לחם — Bread, sticks, plain","Хлеб — Bread, sticks, plain",USDA_SR_Legacy,bakery,,412,12,68.4,9.5,3,,713,yes
usda_172693,"Bread, stuffing, cornbread, dry mix, prepared","לחם תירס — Bread, stuffing, cornbread, dry mix, prepared","Кукурузный хлеб — Bread, stuffing, cornbread, dry mix, prepared",USDA_SR_Legacy,bakery,,179,2.9,21.9,8.8,2.9,,526,yes
usda_174930,"Bread, stuffing, dry mix","לחם — Bread, stuffing, dry mix","Сухая смесь — Bread, stuffing, dry mix",USDA_SR_Legacy,bakery,,386,11,76.2,3.4,3.2,,1405,yes
usda_173330,"Beef stew, canned entree","בקר — Beef stew, canned entree","Говядина — Beef stew, canned entree",USDA_SR_Legacy,meat,,99,4.41,7.85,5.53,0.9,,388,yes
usda_173332,"Beef, corned beef hash, with potato, canned","בקר — Beef, corned beef hash, with potato, canned","Говядина — Beef, corned beef hash, with potato, canned",USDA_SR_Legacy,vegetable,,164,8.73,9.27,10.24,1.1,,412,yes
usda_168049,"Caribou, shoulder meat, dried (Alaska Native)","יבש — Caribou, shoulder meat, dried (Alaska Native)","Сушёный — Caribou, shoulder meat, dried (Alaska Native)",USDA_SR_Legacy,meat,,271,59.38,,3.67,,,950,yes
usda_172104,"Egg rolls, chicken, refrigerated, heated","עוף — Egg rolls, chicken, refrigerated, heated","Курица — Egg rolls, chicken, refrigerated, heated",USDA_SR_Legacy,meat,,197,10.44,28.54,4.51,2.4,,478,yes
usda_172103,"Egg rolls, pork, refrigerated, heated","חזיר — Egg rolls, pork, refrigerated, heated","Свинина — Egg rolls, pork, refrigerated, heated",USDA_SR_Legacy,meat,,227,9.94,28.49,8.18,,,407,yes
usda_170756,"Fast Foods, Fried Chicken, Breast, meat and skin and breading","מזון מהיר — Fast Foods, Fried Chicken, Breast, meat and skin and breading","Фастфуд — Fast Foods, Fried Chicken, Breast, meat and skin and breading",USDA_SR_Legacy,meat,,230,23.51,6.03,12.44,0.1,,657,yes
usda_170356,"Fast Foods, Fried Chicken, Breast, meat only, skin and breading removed","מזון מהיר — Fast Foods, Fried Chicken, Breast, meat only, skin and breading removed","Фастфуд — Fast Foods, Fried Chicken, Breast, meat only, skin and breading removed",USDA_SR_Legacy,meat,,153,27.93,,4.54,,,512,yes
usda_170757,"Fast Foods, Fried Chicken, Drumstick, meat and skin with breading","מזון מהיר — Fast Foods, Fried Chicken, Drumstick, meat and skin with breading","Фастфуд — Fast Foods, Fried Chicken, Drumstick, meat and skin with breading",USDA_SR_Legacy,meat,,267,21.13,7.59,16.92,0.5,,591,yes
usda_170357,"Fast Foods, Fried Chicken, Drumstick, meat only, skin and breading removed","מזון מהיר — Fast Foods, Fried Chicken, Drumstick, meat only, skin and breading removed","Фастфуд — Fast Foods, Fried Chicken, Drumstick, meat only, skin and breading removed",USDA_SR_Legacy,meat,,172,26.24,,7.41,,,492,yes
usda_170755,"Fast Foods, Fried Chicken, Skin and breading from all pieces","מזון מהיר — Fast Foods, Fried Chicken, Skin and breading from all pieces","Фастфуд — Fast Foods, Fried Chicken, Skin and breading from all pieces",USDA_SR_Legacy,meat,,398,14.11,19.56,29.22,0.3,,965,yes
usda_170359,"Fast Foods, Fried Chicken, Thigh, meat and skin and breading","מזון מהיר — Fast Foods, Fried Chicken, Thigh, meat and skin and breading","Фастфуд — Fast Foods, Fried Chicken, Thigh, meat and skin and breading",USDA_SR_Legacy,meat,,274,19.23,8.68,18.07,0.1,,747,yes
usda_170358,"Fast Foods, Fried Chicken, Thigh, meat only, skin and breading removed","מזון מהיר — Fast Foods, Fried Chicken, Thigh, meat only, skin and breading removed","Фастфуд — Fast Foods, Fried Chicken, Thigh, meat only, skin and breading removed",USDA_SR_Legacy,meat,,178,23.21,0.24,9.41,,,577,yes
usda_170360,"Fast Foods, Fried Chicken, Wing, meat and skin and breading","מזון מהיר — Fast Foods, Fried Chicken, Wing, meat and skin and breading","Фастфуд — Fast Foods, Fried Chicken, Wing, meat and skin and breading",USDA_SR_Legacy,meat,,310,21.14,11.19,20.09,0.1,,867,yes
usda_170754,"Fast Foods, Fried Chicken, Wing, meat only, skin and breading removed","מזון מהיר — Fast Foods, Fried Chicken, Wing, meat only, skin and breading removed","Фастфуд — Fast Foods, Fried Chicken, Wing, meat only, skin and breading removed",USDA_SR_Legacy,meat,,215,28.77,2.13,10.2,,,761,yes
usda_172028,"Fast Foods, biscuit, with egg and sausage","מזון מהיר — Fast Foods, biscuit, with egg and sausage","Фастфуд — Fast Foods, biscuit, with egg and sausage",USDA_SR_Legacy,meat,,312,11.13,21.05,20.77,0.2,,672,yes
usda_172083,"Fast Foods, cheeseburger; double, large patty; with condiments, vegetables and mayonnaise","מיונז — Fast Foods, cheeseburger; double, large patty; with condiments, vegetables and mayonnaise","Майонез — Fast Foods, cheeseburger; double, large patty; with condiments, vegetables and mayonnaise",USDA_SR_Legacy,sauces,,253,15.5,12.62,15.63,1.3,,405,yes
usda_170318,"Fast Foods, crispy chicken filet sandwich, with lettuce and mayonnaise","מיונז — Fast Foods, crispy chicken filet sandwich, with lettuce and mayonnaise","Майонез — Fast Foods, crispy chicken filet sandwich, with lettuce and mayonnaise",USDA_SR_Legacy,sauces,,276,10.94,27.4,13.59,1.4,,617,yes
usda_173323,"Fast foods, bagel, with breakfast steak, egg, cheese, and condiments","מזון מהיר — Fast foods, bagel, with breakfast steak, egg, cheese, and condiments","Фастфуд — Fast foods, bagel, with breakfast steak, egg, cheese, and condiments",USDA_SR_Legacy,meat,,282,15.95,22.99,14.07,0.2,,642,yes
usda_173322,"Fast foods, bagel, with egg, sausage patty, cheese, and condiments","מזון מהיר — Fast foods, bagel, with egg, sausage patty, cheese, and condiments","Фастфуд — Fast foods, bagel, with egg, sausage patty, cheese, and condiments",USDA_SR_Legacy,meat,,295,12.98,22.64,16.97,0.2,,550,yes
usda_173266,"Fast foods, biscuit, with egg and bacon","מזון מהיר — Fast foods, biscuit, with egg and bacon","Фастфуд — Fast foods, biscuit, with egg and bacon",USDA_SR_Legacy,meat,,305,11.33,19.06,20.73,0.5,,844,yes
usda_173267,"Fast foods, biscuit, with egg and ham","מזון מהיר — Fast foods, biscuit, with egg and ham","Фастфуд — Fast foods, biscuit, with egg and ham",USDA_SR_Legacy,meat,,233,10.64,16.37,14.08,0.4,,1093,yes
usda_172029,"Fast foods, biscuit, with egg, cheese, and bacon","מזון מהיר — Fast foods, biscuit, with egg, cheese, and bacon","Фастфуд — Fast foods, biscuit, with egg, cheese, and bacon",USDA_SR_Legacy,meat,,301,12.01,24.44,17.48,0.2,,816,yes
usda_172030,"Fast foods, biscuit, with ham","מזון מהיר — Fast foods, biscuit, with ham","Фастфуд — Fast foods, biscuit, with ham",USDA_SR_Legacy,meat,,342,11.85,38.75,16.3,0.7,,974,yes
usda_172031,"Fast foods, biscuit, with sausage","מזון מהיר — Fast foods, biscuit, with sausage","Фастфуд — Fast foods, biscuit, with sausage",USDA_SR_Legacy,meat,,371,9.67,29.99,24.42,0.4,,814,yes
usda_170788,"Fast foods, breadstick, soft, prepared with garlic and parmesan cheese","מזון מהיר — Fast foods, breadstick, soft, prepared with garlic and parmesan cheese","Фастфуд — Fast foods, breadstick, soft, prepared with garlic and parmesan cheese",USDA_SR_Legacy,bakery,,343,12.2,44.48,12.88,2.4,,539,yes
usda_170787,"Fast foods, breakfast burrito, with egg, cheese, and sausage","מזון מהיר — Fast foods, breakfast burrito, with egg, cheese, and sausage","Фастфуд — Fast foods, breakfast burrito, with egg, cheese, and sausage",USDA_SR_Legacy,meat,,277,11.1,22.97,15.63,1.2,,744,yes
usda_173277,"Fast foods, burrito, with beans and beef","מזון מהיר — Fast foods, burrito, with beans and beef","Фастфуд — Fast foods, burrito, with beans and beef",USDA_SR_Legacy,meat,,191,11.52,19.52,7.47,3,,570,yes
usda_173278,"Fast foods, burrito, with beans, cheese, and beef","מזון מהיר — Fast foods, burrito, with beans, cheese, and beef","Фастфуд — Fast foods, burrito, with beans, cheese, and beef",USDA_SR_Legacy,meat,,180,7.03,23.37,6.8,3.7,,451,yes
usda_172084,"Fast foods, cheeseburger; double, regular patty; double decker bun with condiments and special sauce","מזון מהיר — Fast foods, cheeseburger; double, regular patty; double decker bun with condiments and special sauce","Фастфуд — Fast foods, cheeseburger; double, regular patty; double decker bun with condiments and special sauce",USDA_SR_Legacy,sauces,,261,11.94,21.53,14.1,1.4,,485,yes
usda_170294,"Fast foods, cheeseburger; single, large patty; plain","מזון מהיר — Fast foods, cheeseburger; single, large patty; plain","Фастфуд — Fast foods, cheeseburger; single, large patty; plain",USDA_SR_Legacy,meat,,310,17.29,24.07,15.97,1.7,,481,yes
usda_167999,"Baking chocolate, mexican, squares","שוקולד לאפייה — Baking chocolate, mexican, squares","Выпечный шоколад — Baking chocolate, mexican, squares",USDA_SR_Legacy,sweets,,426,3.64,77.41,15.59,4,,3,yes
usda_167568,"Baking chocolate, unsweetened, squares","שוקולד לאפייה — Baking chocolate, unsweetened, squares","Выпечный шоколад — Baking chocolate, unsweetened, squares",USDA_SR_Legacy,sweets,,642,14.32,28.42,52.31,16.6,,24,yes
usda_167985,"Candies, 5TH AVENUE Candy Bar","ממתקים — Candies, 5TH AVENUE Candy Bar","Конфеты — Candies, 5TH AVENUE Candy Bar",USDA_SR_Legacy,sweets,,482,8.78,62.68,23.98,3.1,,225,yes
usda_168757,"Candies, HERSHEY'S SKOR Toffee Bar","ממתקים — Candies, HERSHEY'S SKOR Toffee Bar","Конфеты — Candies, HERSHEY'S SKOR Toffee Bar",USDA_SR_Legacy,sweets,,541,3.13,63.73,30.37,1.3,,317,yes
usda_169628,"Candies, HERSHEY, REESESTICKS crispy wafers, peanut butter, milk chocolate","שוקולד חלב — Candies, HERSHEY, REESESTICKS crispy wafers, peanut butter, milk chocolate","Молочный шоколад — Candies, HERSHEY, REESESTICKS crispy wafers, peanut butter, milk chocolate",USDA_SR_Legacy,dairy,,521,9.53,55.38,31.34,3.3,,264,yes
usda_170680,"Candies, HERSHEYS, PAYDAY Bar","ממתקים — Candies, HERSHEYS, PAYDAY Bar","Конфеты — Candies, HERSHEYS, PAYDAY Bar",USDA_SR_Legacy,sweets,,490,13.44,52.88,25,3.8,,231,yes
usda_167992,"Candies, KIT KAT Wafer Bar","ממתקים — Candies, KIT KAT Wafer Bar","Конфеты — Candies, KIT KAT Wafer Bar",USDA_SR_Legacy,sweets,,518,6.51,64.59,25.99,1,,54,yes
usda_170676,"Candies, M&M MARS 3 MUSKETEERS Truffle Crisp","ממתקים — Candies, M&M MARS 3 MUSKETEERS Truffle Crisp","Конфеты — Candies, M&M MARS 3 MUSKETEERS Truffle Crisp",USDA_SR_Legacy,sweets,,538,6.41,63.15,28.85,,,63,yes
usda_170678,"Candies, M&M MARS Pretzel Chocolate Candies","ממתקים — Candies, M&M MARS Pretzel Chocolate Candies","Конфеты — Candies, M&M MARS Pretzel Chocolate Candies",USDA_SR_Legacy,grains,,447,5,72.94,15,2.5,,475,yes
usda_168767,"Candies, MARS SNACKFOOD US, 3 MUSKETEERS Bar","ממתקים — Candies, MARS SNACKFOOD US, 3 MUSKETEERS Bar","Конфеты — Candies, MARS SNACKFOOD US, 3 MUSKETEERS Bar",USDA_SR_Legacy,sweets,,436,2.6,77.77,12.75,1.5,,194,yes
usda_168108,"Candies, MARS SNACKFOOD US, M&M's Almond Chocolate Candies","ממתקים — Candies, MARS SNACKFOOD US, M&M's Almond Chocolate Candies","Конфеты — Candies, MARS SNACKFOOD US, M&M's Almond Chocolate Candies",USDA_SR_Legacy,sweets,,522,7.53,60.5,27.76,5.6,,45,yes
usda_169583,"Candies, MARS SNACKFOOD US, M&M's Milk Chocolate Candies","שוקולד חלב — Candies, MARS SNACKFOOD US, M&M's Milk Chocolate Candies","Молочный шоколад — Candies, MARS SNACKFOOD US, M&M's Milk Chocolate Candies",USDA_SR_Legacy,dairy,,492,4.33,71.19,21.13,2.8,,61,yes
usda_167689,"Candies, MARS SNACKFOOD US, M&M's Peanut Butter Chocolate Candies","חמאת בוטנים — Candies, MARS SNACKFOOD US, M&M's Peanut Butter Chocolate Candies","Арахисовая паста — Candies, MARS SNACKFOOD US, M&M's Peanut Butter Chocolate Candies",USDA_SR_Legacy,dairy,,529,10.16,56.89,29.32,4,,213,yes
usda_169582,"Candies, MARS SNACKFOOD US, M&M's Peanut Chocolate Candies","ממתקים — Candies, MARS SNACKFOOD US, M&M's Peanut Chocolate Candies","Конфеты — Candies, MARS SNACKFOOD US, M&M's Peanut Chocolate Candies",USDA_SR_Legacy,legumes,,515,9.57,60.48,26.13,3.7,,50,yes
usda_167994,"Candies, MARS SNACKFOOD US, MARS Almond Bar","ממתקים — Candies, MARS SNACKFOOD US, MARS Almond Bar","Конфеты — Candies, MARS SNACKFOOD US, MARS Almond Bar",USDA_SR_Legacy,sweets,,467,8.1,62.7,23,2,,170,yes
usda_168756,"Candies, MARS SNACKFOOD US, MILKY WAY Bar","ממתקים — Candies, MARS SNACKFOOD US, MILKY WAY Bar","Конфеты — Candies, MARS SNACKFOOD US, MILKY WAY Bar",USDA_SR_Legacy,sweets,,456,4.01,71.17,17.23,1,,167,yes
usda_167701,"Candies, MARS SNACKFOOD US, MILKY WAY Midnight Bar","ממתקים — Candies, MARS SNACKFOOD US, MILKY WAY Midnight Bar","Конфеты — Candies, MARS SNACKFOOD US, MILKY WAY Midnight Bar",USDA_SR_Legacy,sweets,,443,3.2,71.22,17.5,2.9,,168,yes
usda_168843,"Candies, MARS SNACKFOOD US, SKITTLES Original Bite Size Candies","ממתקים — Candies, MARS SNACKFOOD US, SKITTLES Original Bite Size Candies","Конфеты — Candies, MARS SNACKFOOD US, SKITTLES Original Bite Size Candies",USDA_SR_Legacy,sweets,,405,0.19,90.78,4.37,,,15,yes
usda_169589,"Candies, MARS SNACKFOOD US, SNICKERS Bar","ממתקים — Candies, MARS SNACKFOOD US, SNICKERS Bar","Конфеты — Candies, MARS SNACKFOOD US, SNICKERS Bar",USDA_SR_Legacy,sweets,,491,7.53,61.51,23.85,2.3,,239,yes
usda_169590,"Candies, MARS SNACKFOOD US, STARBURST Fruit Chews, Original fruits","ממתקים — Candies, MARS SNACKFOOD US, STARBURST Fruit Chews, Original fruits","Конфеты — Candies, MARS SNACKFOOD US, STARBURST Fruit Chews, Original fruits",USDA_SR_Legacy,sweets,,408,0.41,82.57,8.21,,,2,yes
usda_168768,"Candies, MARS SNACKFOOD US, TWIX Caramel Cookie Bars","ממתקים — Candies, MARS SNACKFOOD US, TWIX Caramel Cookie Bars","Конфеты — Candies, MARS SNACKFOOD US, TWIX Caramel Cookie Bars",USDA_SR_Legacy,sweets,,502,4.91,64.8,24.85,1.1,,198,yes
usda_168769,"Candies, MARS SNACKFOOD US, TWIX Peanut Butter Cookie Bars","חמאת בוטנים — Candies, MARS SNACKFOOD US, TWIX Peanut Butter Cookie Bars","Арахисовая паста — Candies, MARS SNACKFOOD US, TWIX Peanut Butter Cookie Bars",USDA_SR_Legacy,dairy,,547,9.18,54.14,32.67,3.1,,226,yes
usda_168759,"Candies, MOUNDS Candy Bar","ממתקים — Candies, MOUNDS Candy Bar","Конфеты — Candies, MOUNDS Candy Bar",USDA_SR_Legacy,sweets,,493,4.6,58.88,26.6,3.7,,145,yes
usda_168760,"Candies, MR. GOODBAR Chocolate Bar","ממתקים — Candies, MR. GOODBAR Chocolate Bar","Конфеты — Candies, MR. GOODBAR Chocolate Bar",USDA_SR_Legacy,sweets,,538,10.22,54.34,33.21,3.8,,41,yes
usda_168764,"Candies, REESE'S PIECES Candy","ממתקים — Candies, REESE'S PIECES Candy","Конфеты — Candies, REESE'S PIECES Candy",USDA_SR_Legacy,sweets,,497,12.46,59.86,24.77,3,,194,yes
usda_168763,"Candies, REESE'S Peanut Butter Cups","חמאת בוטנים — Candies, REESE'S Peanut Butter Cups","Арахисовая паста — Candies, REESE'S Peanut Butter Cups",USDA_SR_Legacy,dairy,,515,10.24,55.36,30.53,3.6,,357,yes
usda_170669,"Candies, REESE's Fast Break, milk chocolate, peanut butter, soft nougats, candy bar","שוקולד חלב — Candies, REESE's Fast Break, milk chocolate, peanut butter, soft nougats, candy bar","Молочный шоколад — Candies, REESE's Fast Break, milk chocolate, peanut butter, soft nougats, candy bar",USDA_SR_Legacy,dairy,,495,8.93,63.9,23.21,3.6,,321,yes
usda_168765,"Candies, ROLO Caramels in Milk Chocolate","שוקולד חלב — Candies, ROLO Caramels in Milk Chocolate","Молочный шоколад — Candies, ROLO Caramels in Milk Chocolate",USDA_SR_Legacy,dairy,,474,5.08,67.95,20.93,0.9,,188,yes
usda_167947,"Candies, TOBLERONE, milk chocolate with honey and almond nougat","שוקולד חלב — Candies, TOBLERONE, milk chocolate with honey and almond nougat","Молочный шоколад — Candies, TOBLERONE, milk chocolate with honey and almond nougat",USDA_SR_Legacy,dairy,,489,5.71,61.21,28.57,2.5,,54,yes
usda_170281,"Candies, Tamarind","ממתקים — Candies, Tamarind","Конфеты — Candies, Tamarind",USDA_SR_Legacy,sweets,,331,,91.96,,2.5,,1643,yes
usda_168770,"Candies, WHATCHAMACALLIT Candy Bar","ממתקים — Candies, WHATCHAMACALLIT Candy Bar","Конфеты — Candies, WHATCHAMACALLIT Candy Bar",USDA_SR_Legacy,sweets,,494,8.04,63.23,23.68,1.9,,299,yes
usda_167972,"Candies, butterscotch","באטרסקוץ' — Candies, butterscotch","Баттерскач — Candies, butterscotch",USDA_SR_Legacy,sweets,,391,0.03,90.4,3.3,,,391,yes
usda_167974,"Candies, caramels","ממתקים — Candies, caramels","Конфеты — Candies, caramels",USDA_SR_Legacy,sweets,,382,4.6,77,8.1,,,245,yes
usda_167566,"Candies, caramels, chocolate-flavor roll","ממתקים — Candies, caramels, chocolate-flavor roll","Конфеты — Candies, caramels, chocolate-flavor roll",USDA_SR_Legacy,bakery,,387,1.59,87.73,3.31,0.1,,44,yes
usda_167973,"Candies, carob, unsweetened","ממתקים — Candies, carob, unsweetened","Конфеты — Candies, carob, unsweetened",USDA_SR_Legacy,sweets,,540,8.15,56.29,31.36,3.8,,107,yes
usda_170274,"Candies, chocolate, dark, NFS (45-59% cacao solids 90%; 60-69% cacao solids 5%; 70-85% cacao solids 5%)","ממתקים — Candies, chocolate, dark, NFS (45-59% cacao solids 90%; 60-69% cacao solids 5%; 70-85% cacao solids 5%)","Конфеты — Candies, chocolate, dark, NFS (45-59% cacao solids 90%; 60-69% cacao solids 5%; 70-85% cacao solids 5%)",USDA_SR_Legacy,sweets,,550,5.09,59.97,32.2,7.2,,23,yes
usda_170282,"Candies, coconut bar, not chocolate covered","ממתקים — Candies, coconut bar, not chocolate covered","Конфеты — Candies, coconut bar, not chocolate covered",USDA_SR_Legacy,fruit,,481,2.13,55.87,27.65,6.4,,128,yes
usda_167980,"Candies, confectioner's coating, butterscotch","באטרסקוץ' — Candies, confectioner's coating, butterscotch","Баттерскач — Candies, confectioner's coating, butterscotch",USDA_SR_Legacy,sweets,,539,2.2,67.1,29.05,,,89,yes
usda_167570,"Candies, confectioner's coating, peanut butter","חמאת בוטנים — Candies, confectioner's coating, peanut butter","Арахисовая паста — Candies, confectioner's coating, peanut butter",USDA_SR_Legacy,dairy,,529,18.3,46.88,29.8,5,,250,yes
usda_167569,"Candies, confectioner's coating, yogurt","ממתקים — Candies, confectioner's coating, yogurt","Конфеты — Candies, confectioner's coating, yogurt",USDA_SR_Legacy,dairy,,522,5.87,63.94,27,,,88,yes
usda_170275,"Candies, crispy bar with peanut butter filling","חמאת בוטנים — Candies, crispy bar with peanut butter filling","Арахисовая паста — Candies, crispy bar with peanut butter filling",USDA_SR_Legacy,dairy,,542,9.53,55.53,31.34,3.3,,264,yes
usda_167986,"Candies, fondant, prepared-from-recipe","ממתקים — Candies, fondant, prepared-from-recipe","Конфеты — Candies, fondant, prepared-from-recipe",USDA_SR_Legacy,sweets,,373,,93.18,0.02,,,11,yes
usda_170279,"Candies, fruit snacks, with high vitamin C","ממתקים — Candies, fruit snacks, with high vitamin C","Конфеты — Candies, fruit snacks, with high vitamin C",USDA_SR_Legacy,sweets,,352,0.08,87.97,,,,23,yes
usda_167987,"Candies, fudge, chocolate, prepared-from-recipe","ממתקים — Candies, fudge, chocolate, prepared-from-recipe","Конфеты — Candies, fudge, chocolate, prepared-from-recipe",USDA_SR_Legacy,sweets,,410,2.39,76.7,10.41,1.7,,45,yes
usda_167988,"Candies, fudge, chocolate, with nuts, prepared-from-recipe","ממתקים — Candies, fudge, chocolate, with nuts, prepared-from-recipe","Конфеты — Candies, fudge, chocolate, with nuts, prepared-from-recipe",USDA_SR_Legacy,sweets,,460,4.38,68.15,18.93,2.5,,39,yes
usda_167580,"Candies, fudge, vanilla with nuts","ממתקים — Candies, fudge, vanilla with nuts","Конфеты — Candies, fudge, vanilla with nuts",USDA_SR_Legacy,sauces,,435,3,74.61,13.69,0.9,,42,yes
usda_167579,"Candies, fudge, vanilla, prepared-from-recipe","ממתקים — Candies, fudge, vanilla, prepared-from-recipe","Конфеты — Candies, fudge, vanilla, prepared-from-recipe",USDA_SR_Legacy,sauces,,383,1.05,82.15,5.45,,,47,yes
usda_167989,"Candies, gumdrops, starch jelly pieces","ממתקים — Candies, gumdrops, starch jelly pieces","Конфеты — Candies, gumdrops, starch jelly pieces",USDA_SR_Legacy,sweets,,396,,98.9,,0.1,,44,yes
usda_167990,"Candies, hard","ממתקים — Candies, hard","Конфеты — Candies, hard",USDA_SR_Legacy,sweets,,394,,98,0.2,,,38,yes
usda_167546,"Candies, honey-combed, with peanut butter","חמאת בוטנים — Candies, honey-combed, with peanut butter","Арахисовая паста — Candies, honey-combed, with peanut butter",USDA_SR_Legacy,dairy,,473,8.72,67.41,20.18,1.9,,174,yes
usda_167991,"Candies, jellybeans","ממתקים — Candies, jellybeans","Конфеты — Candies, jellybeans",USDA_SR_Legacy,sweets,,375,,93.55,0.05,0.2,,50,yes
usda_167995,"Candies, marshmallows","ממתקים — Candies, marshmallows","Конфеты — Candies, marshmallows",USDA_SR_Legacy,sweets,,318,1.8,81.3,0.2,0.1,,80,yes
usda_167587,"Candies, milk chocolate","שוקולד חלב — Candies, milk chocolate","Молочный шоколад — Candies, milk chocolate",USDA_SR_Legacy,dairy,,535,7.65,59.4,29.66,3.4,,79,yes
usda_169637,"Candies, milk chocolate coated coffee beans","שוקולד חלב — Candies, milk chocolate coated coffee beans","Молочный шоколад — Candies, milk chocolate coated coffee beans",USDA_SR_Legacy,drinks,,549,7.41,55.25,33.18,5.7,,70,yes
usda_168001,"Candies, milk chocolate coated peanuts","שוקולד חלב — Candies, milk chocolate coated peanuts","Молочный шоколад — Candies, milk chocolate coated peanuts",USDA_SR_Legacy,dairy,,519,13.1,49.7,33.5,4.7,,41,yes
usda_169576,"Candies, milk chocolate coated raisins","שוקולד חלב — Candies, milk chocolate coated raisins","Молочный шоколад — Candies, milk chocolate coated raisins",USDA_SR_Legacy,dairy,,390,4.1,68.4,14.8,3.1,,36,yes
usda_168754,"Candies, milk chocolate, with almonds","שוקולד חלב — Candies, milk chocolate, with almonds","Молочный шоколад — Candies, milk chocolate, with almonds",USDA_SR_Legacy,dairy,,526,9,53.4,34.4,6.2,,74,yes
usda_168755,"Candies, milk chocolate, with rice cereal","שוקולד חלב — Candies, milk chocolate, with rice cereal","Молочный шоколад — Candies, milk chocolate, with rice cereal",USDA_SR_Legacy,dairy,,511,7.64,59.67,29.37,3.3,,86,yes
usda_169060,"Candies, nougat, with almonds","ממתקים — Candies, nougat, with almonds","Конфеты — Candies, nougat, with almonds",USDA_SR_Legacy,nuts,,398,3.33,92.39,1.67,3.3,,33,yes
usda_169585,"Candies, peanut bar","ממתקים — Candies, peanut bar","Конфеты — Candies, peanut bar",USDA_SR_Legacy,legumes,,522,15.5,47.4,33.7,4.1,,156,yes
usda_168384,"Alfalfa seeds, sprouted, raw","טרי — Alfalfa seeds, sprouted, raw","Сырой — Alfalfa seeds, sprouted, raw",USDA_SR_Legacy,greens,,23,3.99,2.1,0.69,1.9,,6,yes
usda_169311,"Artichokes, (globe or french), cooked, boiled, drained, with salt","ארטישוק — Artichokes, (globe or french), cooked, boiled, drained, with salt","Артишок — Artichokes, (globe or french), cooked, boiled, drained, with salt",USDA_SR_Legacy,vegetable,,51,2.89,11.39,0.34,5.7,,296,yes
usda_168386,"Artichokes, (globe or french), cooked, boiled, drained, without salt","ארטישוק — Artichokes, (globe or french), cooked, boiled, drained, without salt","Артишок — Artichokes, (globe or french), cooked, boiled, drained, without salt",USDA_SR_Legacy,vegetable,,53,2.89,11.95,0.34,5.7,,60,yes
usda_169205,"Artichokes, (globe or french), raw","ארטישוק — Artichokes, (globe or french), raw","Артишок — Artichokes, (globe or french), raw",USDA_SR_Legacy,vegetable,,47,3.27,10.51,0.15,5.4,,94,yes
usda_169387,"Arugula, raw","טרי — Arugula, raw","Сырой — Arugula, raw",USDA_SR_Legacy,greens,,25,2.58,3.65,0.66,1.6,,27,yes
usda_169207,"Asparagus, canned, drained solids","אספרגוס — Asparagus, canned, drained solids","Спаржа — Asparagus, canned, drained solids",USDA_SR_Legacy,vegetable,,19,2.14,2.46,0.65,1.6,,287,yes
usda_168390,"Asparagus, cooked, boiled, drained","אספרגוס — Asparagus, cooked, boiled, drained","Спаржа — Asparagus, cooked, boiled, drained",USDA_SR_Legacy,vegetable,,22,2.4,4.11,0.22,2,,14,yes
usda_169313,"Asparagus, cooked, boiled, drained, with salt","אספרגוס — Asparagus, cooked, boiled, drained, with salt","Спаржа — Asparagus, cooked, boiled, drained, with salt",USDA_SR_Legacy,vegetable,,22,2.4,4.11,0.22,2,,240,yes
usda_168389,"Asparagus, raw","אספרגוס — Asparagus, raw","Спаржа — Asparagus, raw",USDA_SR_Legacy,vegetable,,20,2.2,3.88,0.12,2.1,,2,yes
usda_168392,"Balsam-pear (bitter gourd), leafy tips, cooked, boiled, drained, without salt","מלח — Balsam-pear (bitter gourd), leafy tips, cooked, boiled, drained, without salt","Соль — Balsam-pear (bitter gourd), leafy tips, cooked, boiled, drained, without salt",USDA_SR_Legacy,fruit,,34,3.6,6.68,0.2,1.9,,13,yes
usda_168394,"Balsam-pear (bitter gourd), pods, cooked, boiled, drained, without salt","מלח — Balsam-pear (bitter gourd), pods, cooked, boiled, drained, without salt","Соль — Balsam-pear (bitter gourd), pods, cooked, boiled, drained, without salt",USDA_SR_Legacy,fruit,,19,0.84,4.32,0.18,2,,6,yes
usda_169212,"Bamboo shoots, canned, drained solids","משימורים — Bamboo shoots, canned, drained solids","Консервированный — Bamboo shoots, canned, drained solids",USDA_SR_Legacy,vegetable,,19,1.72,3.22,0.4,1.4,,7,yes
usda_169210,"Bamboo shoots, raw","טרי — Bamboo shoots, raw","Сырой — Bamboo shoots, raw",USDA_SR_Legacy,vegetable,,27,2.6,5.2,0.3,2.2,,4,yes
usda_170079,"Beans, mung, mature seeds, sprouted, canned, drained solids","משימורים — Beans, mung, mature seeds, sprouted, canned, drained solids","Консервированный — Beans, mung, mature seeds, sprouted, canned, drained solids",USDA_SR_Legacy,legumes,,12,1.4,2.14,0.06,0.8,,42,yes
usda_169960,"Beans, shellie, canned, solids and liquids","משימורים — Beans, shellie, canned, solids and liquids","Консервированный — Beans, shellie, canned, solids and liquids",USDA_SR_Legacy,legumes,,30,1.76,6.19,0.19,3.4,,334,yes
usda_168505,"Beans, snap, green, canned, no salt added, drained solids","מלח — Beans, snap, green, canned, no salt added, drained solids","Соль — Beans, snap, green, canned, no salt added, drained solids",USDA_SR_Legacy,legumes,,22,1.12,4.32,0.46,1.9,,2,yes
usda_169143,"Beans, snap, green, canned, regular pack, drained solids","משימורים — Beans, snap, green, canned, regular pack, drained solids","Консервированный — Beans, snap, green, canned, regular pack, drained solids",USDA_SR_Legacy,legumes,,21,1.05,4.19,0.41,1.9,,268,yes
usda_169321,"Beans, snap, green, cooked, boiled, drained, with salt","מלח — Beans, snap, green, cooked, boiled, drained, with salt","Соль — Beans, snap, green, cooked, boiled, drained, with salt",USDA_SR_Legacy,legumes,,35,1.89,7.88,0.28,3.2,,239,yes
usda_169141,"Beans, snap, green, cooked, boiled, drained, without salt","מלח — Beans, snap, green, cooked, boiled, drained, without salt","Соль — Beans, snap, green, cooked, boiled, drained, without salt",USDA_SR_Legacy,legumes,,35,1.89,7.88,0.28,3.2,,1,yes
usda_169961,"Beans, snap, green, raw","שעועית — Beans, snap, green, raw","Фасоль — Beans, snap, green, raw",USDA_SR_Legacy,legumes,,31,1.83,6.97,0.22,2.7,,6,yes
usda_168504,"Beans, snap, yellow, canned, no salt added, solids and liquids","מלח — Beans, snap, yellow, canned, no salt added, solids and liquids","Соль — Beans, snap, yellow, canned, no salt added, solids and liquids",USDA_SR_Legacy,legumes,,15,0.8,3.5,0.1,1.5,,14,yes
usda_169374,"Beans, snap, yellow, canned, regular pack, drained solids","משימורים — Beans, snap, yellow, canned, regular pack, drained solids","Консервированный — Beans, snap, yellow, canned, regular pack, drained solids",USDA_SR_Legacy,legumes,,20,1.15,4.5,0.1,1.3,,251,yes
usda_168503,"Beans, snap, yellow, canned, regular pack, solids and liquids","משימורים — Beans, snap, yellow, canned, regular pack, solids and liquids","Консервированный — Beans, snap, yellow, canned, regular pack, solids and liquids",USDA_SR_Legacy,legumes,,15,0.8,3.5,0.1,1.5,,259,yes
usda_169323,"Beans, snap, yellow, cooked, boiled, drained, with salt","מלח — Beans, snap, yellow, cooked, boiled, drained, with salt","Соль — Beans, snap, yellow, cooked, boiled, drained, with salt",USDA_SR_Legacy,legumes,,35,1.89,7.88,0.28,3.3,,239,yes
usda_169322,"Beans, snap, yellow, cooked, boiled, drained, without salt","מלח — Beans, snap, yellow, cooked, boiled, drained, without salt","Соль — Beans, snap, yellow, cooked, boiled, drained, without salt",USDA_SR_Legacy,legumes,,35,1.89,7.88,0.28,3.3,,3,yes
usda_168508,"Beet greens, cooked, boiled, drained, with salt","מלח — Beet greens, cooked, boiled, drained, with salt","Соль — Beet greens, cooked, boiled, drained, with salt",USDA_SR_Legacy,vegetable,,27,2.57,5.46,0.2,2.9,,477,yes
usda_170376,"Beet greens, cooked, boiled, drained, without salt","מלח — Beet greens, cooked, boiled, drained, without salt","Соль — Beet greens, cooked, boiled, drained, without salt",USDA_SR_Legacy,vegetable,,27,2.57,5.46,0.2,2.9,,241,yes
usda_170375,"Beet greens, raw","סלק — Beet greens, raw","Зелёный — Beet greens, raw",USDA_SR_Legacy,vegetable,,22,2.2,4.33,0.13,3.7,,226,yes
usda_169966,"Beets, canned, drained solids","סלק — Beets, canned, drained solids","Свёкла — Beets, canned, drained solids",USDA_SR_Legacy,vegetable,,31,0.91,7.21,0.14,1.8,,194,yes
usda_168507,"Beets, canned, no salt added, solids and liquids","סלק — Beets, canned, no salt added, solids and liquids","Свёкла — Beets, canned, no salt added, solids and liquids",USDA_SR_Legacy,vegetable,,28,0.8,6.57,0.07,1.2,,21,yes
usda_169147,"Beets, canned, regular pack, solids and liquids","סלק — Beets, canned, regular pack, solids and liquids","Свёкла — Beets, canned, regular pack, solids and liquids",USDA_SR_Legacy,vegetable,,30,0.73,7.14,0.09,1.2,,143,yes
usda_169146,"Beets, cooked, boiled, drained","סלק — Beets, cooked, boiled, drained","Свёкла — Beets, cooked, boiled, drained",USDA_SR_Legacy,vegetable,,44,1.68,9.96,0.18,2,,77,yes
usda_168506,"Beets, cooked, boiled. drained, with salt","סלק — Beets, cooked, boiled. drained, with salt","Свёкла — Beets, cooked, boiled. drained, with salt",USDA_SR_Legacy,vegetable,,44,1.68,9.96,0.18,2,,285,yes
usda_170480,"Beets, pickled, canned, solids and liquids","סלק — Beets, pickled, canned, solids and liquids","Свёкла — Beets, pickled, canned, solids and liquids",USDA_SR_Legacy,vegetable,,65,0.8,16.28,0.08,0.8,,149,yes
usda_169145,"Beets, raw","סלק — Beets, raw","Свёкла — Beets, raw",USDA_SR_Legacy,vegetable,,43,1.61,9.56,0.17,2.8,,78,yes
usda_170382,"Broccoli raab, cooked","ברוקולי — Broccoli raab, cooked","Брокколи — Broccoli raab, cooked",USDA_SR_Legacy,vegetable,,25,3.83,3.12,0.52,2.8,,56,yes
usda_170381,"Broccoli raab, raw","ברוקולי — Broccoli raab, raw","Брокколи — Broccoli raab, raw",USDA_SR_Legacy,vegetable,,22,3.17,2.85,0.49,2.7,,33,yes
usda_169392,"Broccoli, chinese, cooked","ברוקולי — Broccoli, chinese, cooked","Брокколи — Broccoli, chinese, cooked",USDA_SR_Legacy,vegetable,,22,1.14,3.81,0.72,2.5,,7,yes
usda_168510,"Broccoli, cooked, boiled, drained, with salt","ברוקולי — Broccoli, cooked, boiled, drained, with salt","Брокколи — Broccoli, cooked, boiled, drained, with salt",USDA_SR_Legacy,vegetable,,35,2.38,7.18,0.41,3.3,,262,yes
usda_169967,"Broccoli, cooked, boiled, drained, without salt","ברוקולי — Broccoli, cooked, boiled, drained, without salt","Брокколи — Broccoli, cooked, boiled, drained, without salt",USDA_SR_Legacy,vegetable,,35,2.38,7.18,0.41,3.3,,41,yes
usda_170379,"Broccoli, raw","ברוקולי — Broccoli, raw","Брокколи — Broccoli, raw",USDA_SR_Legacy,vegetable,,34,2.82,6.64,0.37,2.6,,33,yes
usda_168513,"Brussels sprouts, cooked, boiled, drained, with salt","מלח — Brussels sprouts, cooked, boiled, drained, with salt","Соль — Brussels sprouts, cooked, boiled, drained, with salt",USDA_SR_Legacy,vegetable,,36,2.55,7.1,0.5,2.6,,257,yes
usda_169971,"Brussels sprouts, cooked, boiled, drained, without salt","מלח — Brussels sprouts, cooked, boiled, drained, without salt","Соль — Brussels sprouts, cooked, boiled, drained, without salt",USDA_SR_Legacy,vegetable,,36,2.55,7.1,0.5,2.6,,21,yes
usda_170383,"Brussels sprouts, raw","טרי — Brussels sprouts, raw","Сырой — Brussels sprouts, raw",USDA_SR_Legacy,vegetable,,43,3.38,8.95,0.3,3.8,,25,yes
usda_170384,"Burdock root, cooked, boiled, drained, without salt","מלח — Burdock root, cooked, boiled, drained, without salt","Соль — Burdock root, cooked, boiled, drained, without salt",USDA_SR_Legacy,vegetable,,88,2.09,21.15,0.14,1.8,,4,yes
usda_169974,"Burdock root, raw","טרי — Burdock root, raw","Сырой — Burdock root, raw",USDA_SR_Legacy,vegetable,,72,1.53,17.34,0.15,3.3,,5,yes
usda_168517,"Cabbage, chinese (pak-choi), cooked, boiled, drained, with salt","כרוב — Cabbage, chinese (pak-choi), cooked, boiled, drained, with salt","Капуста — Cabbage, chinese (pak-choi), cooked, boiled, drained, with salt",USDA_SR_Legacy,vegetable,,12,1.56,1.78,0.16,1,,270,yes
usda_170391,"Cabbage, chinese (pak-choi), cooked, boiled, drained, without salt","כרוב — Cabbage, chinese (pak-choi), cooked, boiled, drained, without salt","Капуста — Cabbage, chinese (pak-choi), cooked, boiled, drained, without salt",USDA_SR_Legacy,vegetable,,12,1.56,1.78,0.16,1,,34,yes
usda_170390,"Cabbage, chinese (pak-choi), raw","כרוב — Cabbage, chinese (pak-choi), raw","Капуста — Cabbage, chinese (pak-choi), raw",USDA_SR_Legacy,vegetable,,13,1.5,2.18,0.2,1,,65,yes
usda_169979,"Cabbage, chinese (pe-tsai), raw","כרוב — Cabbage, chinese (pe-tsai), raw","Капуста — Cabbage, chinese (pe-tsai), raw",USDA_SR_Legacy,vegetable,,16,1.2,3.23,0.2,1.2,,9,yes
usda_168514,"Cabbage, common, cooked, boiled, drained, with salt","כרוב — Cabbage, common, cooked, boiled, drained, with salt","Капуста — Cabbage, common, cooked, boiled, drained, with salt",USDA_SR_Legacy,vegetable,,23,1.27,5.51,0.06,1.9,,255,yes
usda_169976,"Cabbage, cooked, boiled, drained, without salt","כרוב — Cabbage, cooked, boiled, drained, without salt","Капуста — Cabbage, cooked, boiled, drained, without salt",USDA_SR_Legacy,vegetable,,23,1.27,5.51,0.06,1.9,,8,yes
usda_169890,"Cabbage, japanese style, fresh, pickled","כרוב — Cabbage, japanese style, fresh, pickled","Капуста — Cabbage, japanese style, fresh, pickled",USDA_SR_Legacy,vegetable,,30,1.6,5.67,0.1,3.1,,277,yes
usda_169891,"Cabbage, mustard, salted","כרוב — Cabbage, mustard, salted","Капуста — Cabbage, mustard, salted",USDA_SR_Legacy,vegetable,,28,1.1,5.63,0.1,3.1,,717,yes
usda_169975,"Cabbage, raw","כרוב — Cabbage, raw","Капуста — Cabbage, raw",USDA_SR_Legacy,vegetable,,25,1.28,5.8,0.1,2.5,,18,yes
usda_169978,"Cabbage, red, cooked, boiled, drained, without salt","כרוב — Cabbage, red, cooked, boiled, drained, without salt","Капуста — Cabbage, red, cooked, boiled, drained, without salt",USDA_SR_Legacy,vegetable,,29,1.51,6.94,0.09,2.6,,28,yes
usda_169977,"Cabbage, red, raw","כרוב — Cabbage, red, raw","Капуста — Cabbage, red, raw",USDA_SR_Legacy,vegetable,,31,1.43,7.37,0.16,2.1,,27,yes
usda_170388,"Cabbage, savoy, raw","כרוב — Cabbage, savoy, raw","Капуста — Cabbage, savoy, raw",USDA_SR_Legacy,vegetable,,27,2,6.1,0.1,3.1,,28,yes
usda_170491,"Carrot juice, canned","מיץ גזר — Carrot juice, canned","Морковный сок — Carrot juice, canned",USDA_SR_Legacy,drinks,,40,0.95,9.28,0.15,0.8,,66,yes
usda_170500,"Carrot, dehydrated","גזר — Carrot, dehydrated","Морковь — Carrot, dehydrated",USDA_SR_Legacy,vegetable,,341,8.1,79.57,1.49,23.6,,275,yes
usda_169340,"Carrots, canned, no salt added, solids and liquids","גזר — Carrots, canned, no salt added, solids and liquids","Морковь — Carrots, canned, no salt added, solids and liquids",USDA_SR_Legacy,vegetable,,23,0.59,5.36,0.14,1.8,,34,yes
usda_170396,"Carrots, canned, regular pack, drained solids","גזר — Carrots, canned, regular pack, drained solids","Морковь — Carrots, canned, regular pack, drained solids",USDA_SR_Legacy,vegetable,,25,0.64,5.54,0.19,1.5,,242,yes
usda_170395,"Carrots, canned, regular pack, solids and liquids","גזר — Carrots, canned, regular pack, solids and liquids","Морковь — Carrots, canned, regular pack, solids and liquids",USDA_SR_Legacy,vegetable,,23,0.58,5.37,0.14,1.8,,240,yes
usda_169339,"Carrots, cooked, boiled, drained, with salt","גזר — Carrots, cooked, boiled, drained, with salt","Морковь — Carrots, cooked, boiled, drained, with salt",USDA_SR_Legacy,vegetable,,35,0.76,8.22,0.18,3,,302,yes
usda_170394,"Carrots, cooked, boiled, drained, without salt","גזר — Carrots, cooked, boiled, drained, without salt","Морковь — Carrots, cooked, boiled, drained, without salt",USDA_SR_Legacy,vegetable,,35,0.76,8.22,0.18,3,,58,yes
usda_170393,"Carrots, raw","גזר — Carrots, raw","Морковь — Carrots, raw",USDA_SR_Legacy,vegetable,,41,0.93,9.58,0.24,2.8,,69,yes
usda_169985,"Cassava, raw","טרי — Cassava, raw","Маниока — Cassava, raw",USDA_SR_Legacy,vegetable,,160,1.36,38.06,0.28,1.8,,14,yes
usda_168556,Catsup,קטשופ — Catsup,Кетчуп — Catsup,USDA_SR_Legacy,sauces,,101,1.04,27.4,0.1,0.3,,907,yes
usda_169381,"Catsup, low sodium","קטשופ — Catsup, low sodium","Кетчуп — Catsup, low sodium",USDA_SR_Legacy,sauces,,101,1.04,27.4,0.1,0.3,,20,yes
usda_168520,"Cauliflower, cooked, boiled, drained, with salt","כרובית — Cauliflower, cooked, boiled, drained, with salt","Цветная капуста — Cauliflower, cooked, boiled, drained, with salt",USDA_SR_Legacy,vegetable,,23,1.84,4.11,0.45,2.3,,242,yes
usda_170397,"Cauliflower, cooked, boiled, drained, without salt","כרובית — Cauliflower, cooked, boiled, drained, without salt","Цветная капуста — Cauliflower, cooked, boiled, drained, without salt",USDA_SR_Legacy,vegetable,,23,1.84,4.11,0.45,2.3,,15,yes
usda_169390,"Cauliflower, green, cooked, no salt added","כרובית — Cauliflower, green, cooked, no salt added","Цветная капуста — Cauliflower, green, cooked, no salt added",USDA_SR_Legacy,vegetable,,32,3.04,6.28,0.31,3.3,,23,yes
usda_169389,"Cauliflower, green, raw","כרובית — Cauliflower, green, raw","Цветная капуста — Cauliflower, green, raw",USDA_SR_Legacy,vegetable,,31,2.95,6.09,0.3,3.2,,23,yes
usda_169986,"Cauliflower, raw","כרובית — Cauliflower, raw","Цветная капуста — Cauliflower, raw",USDA_SR_Legacy,vegetable,,25,1.92,4.97,0.28,2,,30,yes
usda_170400,"Celeriac, raw","טרי — Celeriac, raw","Сырой — Celeriac, raw",USDA_SR_Legacy,vegetable,,42,1.5,9.2,0.3,1.8,,100,yes
usda_169342,"Celery, cooked, boiled, drained, with salt","סלרי — Celery, cooked, boiled, drained, with salt","Сельдерей — Celery, cooked, boiled, drained, with salt",USDA_SR_Legacy,vegetable,,18,0.83,4,0.16,1.6,,327,yes
usda_169989,"Celery, cooked, boiled, drained, without salt","סלרי — Celery, cooked, boiled, drained, without salt","Сельдерей — Celery, cooked, boiled, drained, without salt",USDA_SR_Legacy,vegetable,,18,0.83,4,0.16,1.6,,91,yes
usda_169988,"Celery, raw","סלרי — Celery, raw","Сельдерей — Celery, raw",USDA_SR_Legacy,vegetable,,14,0.69,2.97,0.17,1.6,,80,yes
usda_170401,"Chard, swiss, cooked, boiled, drained, without salt","מלח — Chard, swiss, cooked, boiled, drained, without salt","Соль — Chard, swiss, cooked, boiled, drained, without salt",USDA_SR_Legacy,greens,,20,1.88,4.13,0.08,2.1,,179,yes
usda_169991,"Chard, swiss, raw","טרי — Chard, swiss, raw","Сырой — Chard, swiss, raw",USDA_SR_Legacy,greens,,19,1.8,3.74,0.2,1.6,,213,yes
usda_169344,"Chayote, fruit, cooked, boiled, drained, with salt","מלח — Chayote, fruit, cooked, boiled, drained, with salt","Соль — Chayote, fruit, cooked, boiled, drained, with salt",USDA_SR_Legacy,vegetable,,22,0.62,4.5,0.48,2.8,,237,yes
usda_170403,"Chayote, fruit, cooked, boiled, drained, without salt","מלח — Chayote, fruit, cooked, boiled, drained, without salt","Соль — Chayote, fruit, cooked, boiled, drained, without salt",USDA_SR_Legacy,vegetable,,24,0.62,5.09,0.48,2.8,,1,yes
usda_170402,"Chayote, fruit, raw","טרי — Chayote, fruit, raw","Сырой — Chayote, fruit, raw",USDA_SR_Legacy,vegetable,,19,0.82,4.51,0.13,1.7,,2,yes
usda_169992,"Chicory greens, raw","טרי — Chicory greens, raw","Зелёный — Chicory greens, raw",USDA_SR_Legacy,greens,,23,1.7,4.7,0.3,4,,45,yes
usda_169994,"Chives, raw","טרי — Chives, raw","Сырой — Chives, raw",USDA_SR_Legacy,sauces,,30,3.27,4.35,0.73,2.5,,3,yes
usda_170405,"Chrysanthemum, garland, cooked, boiled, drained, without salt","מלח — Chrysanthemum, garland, cooked, boiled, drained, without salt","Соль — Chrysanthemum, garland, cooked, boiled, drained, without salt",USDA_SR_Legacy,vegetable,,20,1.64,4.31,0.09,2.3,,53,yes
usda_168523,"Collards, cooked, boiled, drained, with salt","מלח — Collards, cooked, boiled, drained, with salt","Соль — Collards, cooked, boiled, drained, with salt",USDA_SR_Legacy,vegetable,,33,2.71,5.65,0.72,4,,252,yes
usda_170407,"Collards, cooked, boiled, drained, without salt","מלח — Collards, cooked, boiled, drained, without salt","Соль — Collards, cooked, boiled, drained, without salt",USDA_SR_Legacy,vegetable,,33,2.71,5.65,0.72,4,,15,yes
usda_170406,"Collards, raw","טרי — Collards, raw","Сырой — Collards, raw",USDA_SR_Legacy,vegetable,,32,3.02,5.42,0.61,4,,17,yes
usda_169997,"Coriander (cilantro) leaves, raw","כוסברה — Coriander (cilantro) leaves, raw","Кориандр — Coriander (cilantro) leaves, raw",USDA_SR_Legacy,sauces,,23,2.13,3.67,0.52,2.8,,46,yes
usda_169363,"Corn, sweet, white, canned, cream style, no salt added","שמנת — Corn, sweet, white, canned, cream style, no salt added","Сливки — Corn, sweet, white, canned, cream style, no salt added",USDA_SR_Legacy,vegetable,,72,1.74,18.13,0.42,1.2,,3,yes
usda_169362,"Corn, sweet, white, canned, cream style, regular pack","שמנת — Corn, sweet, white, canned, cream style, regular pack","Сливки — Corn, sweet, white, canned, cream style, regular pack",USDA_SR_Legacy,vegetable,,74,1.74,18.62,0.42,1.2,,261,yes
usda_169361,"Corn, sweet, white, canned, whole kernel, drained solids","תירס — Corn, sweet, white, canned, whole kernel, drained solids","Кукуруза — Corn, sweet, white, canned, whole kernel, drained solids",USDA_SR_Legacy,vegetable,,67,2.29,14.34,1.22,2,,205,yes
usda_168540,"Corn, sweet, white, cooked, boiled, drained, with salt","תירס — Corn, sweet, white, cooked, boiled, drained, with salt","Кукуруза — Corn, sweet, white, cooked, boiled, drained, with salt",USDA_SR_Legacy,vegetable,,97,3.34,21.71,1.41,2.7,,253,yes
usda_168539,"Corn, sweet, white, cooked, boiled, drained, without salt","תירס — Corn, sweet, white, cooked, boiled, drained, without salt","Кукуруза — Corn, sweet, white, cooked, boiled, drained, without salt",USDA_SR_Legacy,vegetable,,97,3.34,21.71,1.41,2.7,,3,yes
usda_170409,"Corn, sweet, yellow, canned, brine pack, regular pack, solids and liquids","תירס — Corn, sweet, yellow, canned, brine pack, regular pack, solids and liquids","Кукуруза — Corn, sweet, yellow, canned, brine pack, regular pack, solids and liquids",USDA_SR_Legacy,vegetable,,61,1.95,13.86,0.77,1.7,,195,yes
usda_169346,"Corn, sweet, yellow, canned, cream style, no salt added","שמנת — Corn, sweet, yellow, canned, cream style, no salt added","Сливки — Corn, sweet, yellow, canned, cream style, no salt added",USDA_SR_Legacy,vegetable,,72,1.74,18.13,0.42,1.2,,3,yes
usda_169215,"Corn, sweet, yellow, canned, cream style, regular pack","שמנת — Corn, sweet, yellow, canned, cream style, regular pack","Сливки — Corn, sweet, yellow, canned, cream style, regular pack",USDA_SR_Legacy,vegetable,,72,1.74,18.13,0.42,1.2,,261,yes
usda_169345,"Corn, sweet, yellow, canned, no salt added, solids and liquids (Includes foods for USDA's Food Distribution Program)","תירס — Corn, sweet, yellow, canned, no salt added, solids and liquids (Includes foods for USDA's Food Distribution Program)","Кукуруза — Corn, sweet, yellow, canned, no salt added, solids and liquids (Includes foods for USDA's Food Distribution Program)",USDA_SR_Legacy,vegetable,,61,1.95,13.86,0.77,1.7,,12,yes
usda_169347,"Corn, sweet, yellow, canned, vacuum pack, no salt added","תירס — Corn, sweet, yellow, canned, vacuum pack, no salt added","Кукуруза — Corn, sweet, yellow, canned, vacuum pack, no salt added",USDA_SR_Legacy,vegetable,,79,2.41,19.44,0.5,2,,3,yes
usda_168749,"Alcoholic beverage, beer, light","משקה אלכוהולי — Alcoholic beverage, beer, light","Алкогольный напиток — Alcoholic beverage, beer, light",USDA_SR_Legacy,drinks,,29,0.24,1.64,,,,4,yes
usda_168746,"Alcoholic beverage, beer, regular, all","משקה אלכוהולי — Alcoholic beverage, beer, regular, all","Алкогольный напиток — Alcoholic beverage, beer, regular, all",USDA_SR_Legacy,drinks,,43,0.46,3.55,,,,4,yes
usda_173168,"Alcoholic beverage, creme de menthe, 72 proof","משקה אלכוהולי — Alcoholic beverage, creme de menthe, 72 proof","Алкогольный напиток — Alcoholic beverage, creme de menthe, 72 proof",USDA_SR_Legacy,drinks,,371,,41.6,0.3,,,5,yes
usda_174815,"Alcoholic beverage, distilled, all (gin, rum, vodka, whiskey) 80 proof","משקה אלכוהולי — Alcoholic beverage, distilled, all (gin, rum, vodka, whiskey) 80 proof","Алкогольный напиток — Alcoholic beverage, distilled, all (gin, rum, vodka, whiskey) 80 proof",USDA_SR_Legacy,drinks,,,,,,,,1,yes
usda_171919,"Alcoholic beverage, distilled, all (gin, rum, vodka, whiskey) 86 proof","משקה אלכוהולי — Alcoholic beverage, distilled, all (gin, rum, vodka, whiskey) 86 proof","Алкогольный напиток — Alcoholic beverage, distilled, all (gin, rum, vodka, whiskey) 86 proof",USDA_SR_Legacy,drinks,,250,,0.1,,,,1,yes
usda_171920,"Alcoholic beverage, distilled, all (gin, rum, vodka, whiskey) 90 proof","משקה אלכוהולי — Alcoholic beverage, distilled, all (gin, rum, vodka, whiskey) 90 proof","Алкогольный напиток — Alcoholic beverage, distilled, all (gin, rum, vodka, whiskey) 90 proof",USDA_SR_Legacy,drinks,,,,,,,,1,yes
usda_174817,"Alcoholic beverage, distilled, rum, 80 proof","משקה אלכוהולי — Alcoholic beverage, distilled, rum, 80 proof","Алкогольный напиток — Alcoholic beverage, distilled, rum, 80 proof",USDA_SR_Legacy,drinks,,,,,,,,1,yes
usda_175098,"Alcoholic beverage, liqueur, coffee with cream, 34 proof","משקה אלכוהולי — Alcoholic beverage, liqueur, coffee with cream, 34 proof","Алкогольный напиток — Alcoholic beverage, liqueur, coffee with cream, 34 proof",USDA_SR_Legacy,drinks,,327,2.8,20.9,15.7,,,92,yes
usda_175097,"Alcoholic beverage, liqueur, coffee, 53 proof","משקה אלכוהולי — Alcoholic beverage, liqueur, coffee, 53 proof","Алкогольный напиток — Alcoholic beverage, liqueur, coffee, 53 proof",USDA_SR_Legacy,drinks,,336,0.1,46.8,0.3,,,8,yes
usda_174141,"Alcoholic beverage, malt beer, hard lemonade","משקה אלכוהולי — Alcoholic beverage, malt beer, hard lemonade","Алкогольный напиток — Alcoholic beverage, malt beer, hard lemonade",USDA_SR_Legacy,drinks,,68,,10.07,,,,5,yes
usda_173176,"Alcoholic beverage, wine, dessert, sweet","משקה אלכוהולי — Alcoholic beverage, wine, dessert, sweet","Алкогольный напиток — Alcoholic beverage, wine, dessert, sweet",USDA_SR_Legacy,drinks,,160,0.2,13.69,,,,9,yes
usda_173185,"Alcoholic beverage, wine, table, all","משקה אלכוהולי — Alcoholic beverage, wine, table, all","Алкогольный напиток — Alcoholic beverage, wine, table, all",USDA_SR_Legacy,drinks,,83,0.07,2.72,,,,5,yes
usda_173190,"Alcoholic beverage, wine, table, red","משקה אלכוהולי — Alcoholic beverage, wine, table, red","Алкогольный напиток — Alcoholic beverage, wine, table, red",USDA_SR_Legacy,drinks,,85,0.07,2.61,,,,4,yes
usda_174837,"Alcoholic beverage, wine, table, white","משקה אלכוהולי — Alcoholic beverage, wine, table, white","Алкогольный напиток — Alcoholic beverage, wine, table, white",USDA_SR_Legacy,drinks,,82,0.07,2.6,,,,5,yes
usda_171906,"Alcoholic beverages, beer, higher alcohol","בירה — Alcoholic beverages, beer, higher alcohol","Пиво — Alcoholic beverages, beer, higher alcohol",USDA_SR_Legacy,drinks,,58,0.9,0.27,,,,4,yes
usda_171908,"Alcoholic beverages, wine, rose","יין — Alcoholic beverages, wine, rose","Вино — Alcoholic beverages, wine, rose",USDA_SR_Legacy,drinks,,83,0.36,3.8,,,,5,yes
usda_174108,"Beverages,  Energy drink, Citrus","Beverages,  Energy drink, Citrus","Beverages,  Energy drink, Citrus",USDA_SR_Legacy,drinks,,45,,11.27,,,,10,yes
usda_174813,"Beverages, ABBOTT, EAS soy protein powder","Beverages, ABBOTT, EAS soy protein powder","Beverages, ABBOTT, EAS soy protein powder",USDA_SR_Legacy,legumes,,405,47.62,43.94,3.57,,,452,yes
usda_167727,"Beverages, ABBOTT, ENSURE PLUS, ready-to-drink","Beverages, ABBOTT, ENSURE PLUS, ready-to-drink","Готовый — Beverages, ABBOTT, ENSURE PLUS, ready-to-drink",USDA_SR_Legacy,drinks,,141,5.16,19.88,4.52,,,95,yes
usda_174146,"Beverages, AMBER, hard cider","סיידר — Beverages, AMBER, hard cider","Сидр — Beverages, AMBER, hard cider",USDA_SR_Legacy,drinks,,56,,5.92,,,,4,yes
usda_173175,"Beverages, Acai berry drink, fortified","מועשר — Beverages, Acai berry drink, fortified","Обогащённый — Beverages, Acai berry drink, fortified",USDA_SR_Legacy,drinks,,62,0.83,12.83,0.83,1.2,,13,yes
usda_167711,"Beverages, Chocolate-flavored drink, whey and milk based","חלב — Beverages, Chocolate-flavored drink, whey and milk based","Молоко — Beverages, Chocolate-flavored drink, whey and milk based",USDA_SR_Legacy,dairy,,49,0.64,10.68,0.4,0.6,,91,yes
usda_175114,"Beverages, Cocoa mix, low calorie, powder, with added calcium, phosphorus, aspartame, without added sodium or vitamin A","קקאו — Beverages, Cocoa mix, low calorie, powder, with added calcium, phosphorus, aspartame, without added sodium or vitamin A","Какао — Beverages, Cocoa mix, low calorie, powder, with added calcium, phosphorus, aspartame, without added sodium or vitamin A",USDA_SR_Legacy,drinks,,359,25.1,58,3,1.1,,653,yes
usda_171886,"Beverages, Cocoa mix, no sugar added, powder","קקאו — Beverages, Cocoa mix, no sugar added, powder","Какао — Beverages, Cocoa mix, no sugar added, powder",USDA_SR_Legacy,drinks,,377,15.49,71.93,3,7.5,,876,yes
usda_174122,"Beverages, Cocoa mix, powder","קקאו — Beverages, Cocoa mix, powder","Какао — Beverages, Cocoa mix, powder",USDA_SR_Legacy,drinks,,398,6.67,83.73,4,3.7,,504,yes
usda_173649,"Beverages, Dairy drink mix, chocolate, reduced calorie, with low-calorie sweeteners, powder","שוקולד — Beverages, Dairy drink mix, chocolate, reduced calorie, with low-calorie sweeteners, powder","Шоколад — Beverages, Dairy drink mix, chocolate, reduced calorie, with low-calorie sweeteners, powder",USDA_SR_Legacy,sweets,,329,25,51.4,2.6,9.4,,659,yes
usda_171937,"Beverages, Energy drink, ROCKSTAR","Beverages, Energy drink, ROCKSTAR","Beverages, Energy drink, ROCKSTAR",USDA_SR_Legacy,drinks,,58,0.34,12.7,0.22,,,16,yes
usda_171944,"Beverages, Fruit flavored drink, reduced sugar, greater than 3% fruit juice, high vitamin C, added calcium","סוכר — Beverages, Fruit flavored drink, reduced sugar, greater than 3% fruit juice, high vitamin C, added calcium","Сахар — Beverages, Fruit flavored drink, reduced sugar, greater than 3% fruit juice, high vitamin C, added calcium",USDA_SR_Legacy,drinks,,29,,6.67,0.37,,,25,yes
usda_174151,"Beverages, Fruit punch drink, with added nutrients, canned","משימורים — Beverages, Fruit punch drink, with added nutrients, canned","Консервированный — Beverages, Fruit punch drink, with added nutrients, canned",USDA_SR_Legacy,drinks,,47,,11.94,,0.2,,38,yes
usda_174858,"Beverages, Lemonade, powder","לימונדה — Beverages, Lemonade, powder","Лимонад — Beverages, Lemonade, powder",USDA_SR_Legacy,drinks,,376,,97.57,1.05,0.4,,51,yes
usda_171907,"Beverages, Malt liquor beverage","משקה — Beverages, Malt liquor beverage","Напиток — Beverages, Malt liquor beverage",USDA_SR_Legacy,drinks,,40,0.35,,,,,3,yes
usda_174865,"Beverages, Malted drink mix, chocolate, with added nutrients, powder, prepared with whole milk","חלב מלא — Beverages, Malted drink mix, chocolate, with added nutrients, powder, prepared with whole milk","Цельное молоко — Beverages, Malted drink mix, chocolate, with added nutrients, powder, prepared with whole milk",USDA_SR_Legacy,drinks,,87,3.29,11.19,3.26,0.4,,87,yes
usda_173220,"Beverages, Malted drink mix, natural, powder, dairy based.","תערובת — Beverages, Malted drink mix, natural, powder, dairy based.","Смесь — Beverages, Malted drink mix, natural, powder, dairy based.",USDA_SR_Legacy,drinks,,428,14.29,71.21,9.52,0.1,,405,yes
usda_173197,"Beverages, Mixed vegetable and fruit juice drink, with added nutrients","מיץ — Beverages, Mixed vegetable and fruit juice drink, with added nutrients","Сок — Beverages, Mixed vegetable and fruit juice drink, with added nutrients",USDA_SR_Legacy,drinks,,29,0.04,7.47,0.01,,,21,yes
usda_174816,"Beverages, OCEAN SPRAY, Cran-Energy, Cranberry Energy Juice Drink","חמוצית — Beverages, OCEAN SPRAY, Cran-Energy, Cranberry Energy Juice Drink","Клюква — Beverages, OCEAN SPRAY, Cran-Energy, Cranberry Energy Juice Drink",USDA_SR_Legacy,drinks,,15,,3.75,,,,21,yes
usda_175109,"Beverages, Propel Zero, fruit-flavored, non-carbonated","Beverages, Propel Zero, fruit-flavored, non-carbonated","Beverages, Propel Zero, fruit-flavored, non-carbonated",USDA_SR_Legacy,drinks,,5,,1.14,,,,33,yes
usda_173174,"Beverages, UNILEVER, SLIMFAST Shake Mix, high protein, whey powder, 3-2-1 Plan,","מי גבינה — Beverages, UNILEVER, SLIMFAST Shake Mix, high protein, whey powder, 3-2-1 Plan,","Молочная сыворотка — Beverages, UNILEVER, SLIMFAST Shake Mix, high protein, whey powder, 3-2-1 Plan,",USDA_SR_Legacy,protein,,433,27.87,50,13.46,18.2,,495,yes
usda_174173,"Beverages, Vegetable and fruit juice drink, reduced calorie, with low-calorie sweetener, added vitamin C","מיץ — Beverages, Vegetable and fruit juice drink, reduced calorie, with low-calorie sweetener, added vitamin C","Пониженный — Beverages, Vegetable and fruit juice drink, reduced calorie, with low-calorie sweetener, added vitamin C",USDA_SR_Legacy,drinks,,4,,1.1,,,,14,yes
usda_173177,"Beverages, Whey protein powder isolate","מי גבינה — Beverages, Whey protein powder isolate","Молочная сыворотка — Beverages, Whey protein powder isolate",USDA_SR_Legacy,protein,,359,58.14,29.07,1.16,,,372,yes
usda_174811,"Beverages, Whiskey sour mix, bottled","וויסקי — Beverages, Whiskey sour mix, bottled","Виски — Beverages, Whiskey sour mix, bottled",USDA_SR_Legacy,drinks,,87,0.1,21.4,0.1,,,102,yes
usda_174820,"Beverages, almond milk, chocolate, ready-to-drink","חלב — Beverages, almond milk, chocolate, ready-to-drink","Молоко — Beverages, almond milk, chocolate, ready-to-drink",USDA_SR_Legacy,vegan,,50,0.63,9.38,1.25,0.4,,71,yes
usda_168751,"Beverages, almond milk, sweetened, vanilla flavor, ready-to-drink","חלב — Beverages, almond milk, sweetened, vanilla flavor, ready-to-drink","Молоко — Beverages, almond milk, sweetened, vanilla flavor, ready-to-drink",USDA_SR_Legacy,sauces,,38,0.42,6.59,1.04,0.4,,63,yes
usda_174832,"Beverages, almond milk, unsweetened, shelf stable","חלב — Beverages, almond milk, unsweetened, shelf stable","Молоко — Beverages, almond milk, unsweetened, shelf stable",USDA_SR_Legacy,vegan,,15,0.4,1.31,0.96,0.2,,72,yes
usda_175093,"Beverages, carbonated, cola, fast-food cola","קולה — Beverages, carbonated, cola, fast-food cola","Кола — Beverages, carbonated, cola, fast-food cola",USDA_SR_Legacy,drinks,,37,0.07,9.56,0.02,,,4,yes
usda_174852,"Beverages, carbonated, cola, regular","קולה — Beverages, carbonated, cola, regular","Кола — Beverages, carbonated, cola, regular",USDA_SR_Legacy,drinks,,42,,10.36,0.25,,,3,yes
usda_174851,"Beverages, carbonated, cola, without caffeine","קולה — Beverages, carbonated, cola, without caffeine","Кола — Beverages, carbonated, cola, without caffeine",USDA_SR_Legacy,drinks,,41,,10.58,,,,4,yes
usda_174846,"Beverages, carbonated, ginger ale","זנגביל — Beverages, carbonated, ginger ale","Имбирь — Beverages, carbonated, ginger ale",USDA_SR_Legacy,sauces,,34,,8.76,,,,7,yes
usda_173205,"Beverages, carbonated, lemon-lime soda, no caffeine","לימון — Beverages, carbonated, lemon-lime soda, no caffeine","Лимон — Beverages, carbonated, lemon-lime soda, no caffeine",USDA_SR_Legacy,drinks,,41,0.09,10.42,,,,10,yes
usda_175099,"Beverages, carbonated, low calorie, cola or pepper-type, with aspartame, contains caffeine","קולה — Beverages, carbonated, low calorie, cola or pepper-type, with aspartame, contains caffeine","Кола — Beverages, carbonated, low calorie, cola or pepper-type, with aspartame, contains caffeine",USDA_SR_Legacy,drinks,,2,0.11,0.29,0.03,,,8,yes
usda_174850,"Beverages, carbonated, low calorie, cola or pepper-type, with aspartame, without caffeine","קולה — Beverages, carbonated, low calorie, cola or pepper-type, with aspartame, without caffeine","Кола — Beverages, carbonated, low calorie, cola or pepper-type, with aspartame, without caffeine",USDA_SR_Legacy,drinks,,1,0.12,0.12,,,,4,yes
usda_171046,"Dressing, honey mustard, fat-free","תחביב — Dressing, honey mustard, fat-free","Заправка — Dressing, honey mustard, fat-free",USDA_SR_Legacy,sauces,,169,1.07,38.43,1.47,1.2,,1004,yes
usda_171401,Lard,חזיר שומן — Lard,Смалец — Lard,USDA_SR_Legacy,oils,,902,,,100,,,,yes
usda_172347,"Margarine, regular, 80% fat, composite, tub, with salt","מרגרינה — Margarine, regular, 80% fat, composite, tub, with salt","Маргарин — Margarine, regular, 80% fat, composite, tub, with salt",USDA_SR_Legacy,oils,,713,0.22,0.75,80.17,,,657,yes
usda_171436,"Margarine, regular, 80% fat, composite, tub, with salt, with added vitamin D","מרגרינה — Margarine, regular, 80% fat, composite, tub, with salt, with added vitamin D","Маргарин — Margarine, regular, 80% fat, composite, tub, with salt, with added vitamin D",USDA_SR_Legacy,oils,,713,0.22,0.75,80.17,,,657,yes
usda_171415,"Margarine,spread, 35-39% fat, tub","מרגרינה — Margarine,spread, 35-39% fat, tub","Маргарин — Margarine,spread, 35-39% fat, tub",USDA_SR_Legacy,oils,,349,0.23,1.52,37.98,,,584,yes
usda_172339,"Margarine-like, margarine-butter blend, soybean oil and butter","שמן סויה — Margarine-like, margarine-butter blend, soybean oil and butter","Соевое масло — Margarine-like, margarine-butter blend, soybean oil and butter",USDA_SR_Legacy,dairy,,727,0.31,0.77,80.32,,,719,yes
usda_172348,"Margarine-like, vegetable oil spread, 60% fat, stick, with salt","שמן צמחי — Margarine-like, vegetable oil spread, 60% fat, stick, with salt","Растительное масло — Margarine-like, vegetable oil spread, 60% fat, stick, with salt",USDA_SR_Legacy,oils,,537,0.12,0.69,60.39,,,785,yes
usda_171434,"Margarine-like, vegetable oil spread, approximately 37% fat, unspecified oils, with salt, with added vitamin D","שמן צמחי — Margarine-like, vegetable oil spread, approximately 37% fat, unspecified oils, with salt, with added vitamin D","Растительное масло — Margarine-like, vegetable oil spread, approximately 37% fat, unspecified oils, with salt, with added vitamin D",USDA_SR_Legacy,oils,,339,0.51,0.66,37.77,,,589,yes
usda_172353,"Margarine-like, vegetable oil spread, fat-free, tub","שמן צמחי — Margarine-like, vegetable oil spread, fat-free, tub","Растительное масло — Margarine-like, vegetable oil spread, fat-free, tub",USDA_SR_Legacy,oils,,44,0.1,4.34,3.04,,,580,yes
usda_167695,"Mayonnaise, made with tofu","מיונז — Mayonnaise, made with tofu","Майонез — Mayonnaise, made with tofu",USDA_SR_Legacy,legumes,,322,5.95,3.06,31.79,1.1,,773,yes
usda_171443,"Mayonnaise, reduced fat, with olive oil","מיונז — Mayonnaise, reduced fat, with olive oil","Майонез — Mayonnaise, reduced fat, with olive oil",USDA_SR_Legacy,sauces,,361,0.37,,40,,,800,yes
usda_172336,"Oil, canola","שמן — Oil, canola","Рапсовое масло — Oil, canola",USDA_SR_Legacy,oils,,884,,,100,,,,yes
usda_171412,"Oil, coconut","קוקוס — Oil, coconut","Кокос — Oil, coconut",USDA_SR_Legacy,fruit,,892,,,99.06,,,,yes
usda_167737,"Oil, corn, peanut, and olive","תירס — Oil, corn, peanut, and olive","Кукуруза — Oil, corn, peanut, and olive",USDA_SR_Legacy,vegetable,,884,,,100,,,,yes
usda_172365,"Oil, industrial, coconut, confection fat, typical basis for ice cream coatings","גלידה — Oil, industrial, coconut, confection fat, typical basis for ice cream coatings","Мороженое — Oil, industrial, coconut, confection fat, typical basis for ice cream coatings",USDA_SR_Legacy,fruit,,884,,,100,,,5,yes
usda_171413,"Oil, olive, salad or cooking","שמן — Oil, olive, salad or cooking","Масло — Oil, olive, salad or cooking",USDA_SR_Legacy,oils,,884,,,100,,,2,yes
usda_171027,"Oil, safflower, salad or cooking, high oleic (primary safflower oil of commerce)","שמן — Oil, safflower, salad or cooking, high oleic (primary safflower oil of commerce)","Масло — Oil, safflower, salad or cooking, high oleic (primary safflower oil of commerce)",USDA_SR_Legacy,oils,,884,,,100,,,,yes
usda_171426,"Oil, soybean lecithin","שמן — Oil, soybean lecithin","Масло — Oil, soybean lecithin",USDA_SR_Legacy,legumes,,763,,,100,,,,yes
usda_171411,"Oil, soybean, salad or cooking","שמן — Oil, soybean, salad or cooking","Масло — Oil, soybean, salad or cooking",USDA_SR_Legacy,oils,,884,,,100,,,,yes
usda_172338,"Oil, sunflower, high oleic (70% and over)","שמן — Oil, sunflower, high oleic (70% and over)","Масло — Oil, sunflower, high oleic (70% and over)",USDA_SR_Legacy,oils,,884,,,100,,,,yes
usda_168109,"Salad Dressing, coleslaw, reduced fat","תחביב — Salad Dressing, coleslaw, reduced fat","Заправка — Salad Dressing, coleslaw, reduced fat",USDA_SR_Legacy,sauces,,329,,40,20,0.4,,1600,yes
usda_167700,"Salad Dressing, mayonnaise-like, fat-free","מיונז — Salad Dressing, mayonnaise-like, fat-free","Майонез — Salad Dressing, mayonnaise-like, fat-free",USDA_SR_Legacy,sauces,,84,0.2,15.5,2.7,1.9,,788,yes
usda_173562,"Salad dressing, blue or roquefort cheese dressing, commercial, regular","רוקפור — Salad dressing, blue or roquefort cheese dressing, commercial, regular","Рокфор — Salad dressing, blue or roquefort cheese dressing, commercial, regular",USDA_SR_Legacy,sauces,,484,1.37,4.77,51.1,0.4,,642,yes
usda_167699,"Salad dressing, blue or roquefort cheese dressing, fat-free","רוקפור — Salad dressing, blue or roquefort cheese dressing, fat-free","Рокфор — Salad dressing, blue or roquefort cheese dressing, fat-free",USDA_SR_Legacy,sauces,,115,1.52,25.6,1.01,1.8,,814,yes
usda_169895,"Salad dressing, buttermilk, lite","תחביב — Salad dressing, buttermilk, lite","Заправка — Salad dressing, buttermilk, lite",USDA_SR_Legacy,sauces,,202,1.25,21.33,12.42,1.1,,1120,yes
usda_169055,"Salad dressing, caesar dressing, regular","תחביב — Salad dressing, caesar dressing, regular","Заправка — Salad dressing, caesar dressing, regular",USDA_SR_Legacy,sauces,,542,2.17,3.3,57.85,0.5,,1209,yes
usda_171045,"Salad dressing, caesar, fat-free","תחביב — Salad dressing, caesar, fat-free","Заправка — Salad dressing, caesar, fat-free",USDA_SR_Legacy,sauces,,131,1.47,30.73,0.23,0.2,,1265,yes
usda_169877,"Salad dressing, caesar, low calorie","תחביב — Salad dressing, caesar, low calorie","Заправка — Salad dressing, caesar, low calorie",USDA_SR_Legacy,sauces,,110,0.3,18.6,4.4,0.1,,1148,yes
usda_169056,"Salad dressing, coleslaw","תחביב — Salad dressing, coleslaw","Заправка — Salad dressing, coleslaw",USDA_SR_Legacy,sauces,,404,0.85,22.4,34.53,,,850,yes
usda_171420,"Salad dressing, french dressing, fat-free","תחביב — Salad dressing, french dressing, fat-free","Заправка — Salad dressing, french dressing, fat-free",USDA_SR_Legacy,sauces,,132,0.2,32.14,0.27,2.2,,853,yes
usda_171640,"Bacon, turkey, low sodium","הודו — Bacon, turkey, low sodium","Индейка — Bacon, turkey, low sodium",USDA_SR_Legacy,meat,,253,13.33,4.8,20,,,900,yes
usda_171639,"Bacon, turkey, microwaved","הודו — Bacon, turkey, microwaved","Индейка — Bacon, turkey, microwaved",USDA_SR_Legacy,meat,,368,29.5,4.24,25.87,,,2021,yes
usda_174013,"Beef composite, separable lean only, trimmed to 1/8"" fat, choice, cooked","בקר — Beef composite, separable lean only, trimmed to 1/8"" fat, choice, cooked","Говядина — Beef composite, separable lean only, trimmed to 1/8"" fat, choice, cooked",USDA_SR_Legacy,meat,,203,28.73,,9.16,,,53,yes
usda_168656,"Beef, brisket, flat half, boneless separable lean only, trimmed to 0"" fat, all grades, raw","חזה בקר — Beef, brisket, flat half, boneless separable lean only, trimmed to 0"" fat, all grades, raw","Грудинка — Beef, brisket, flat half, boneless separable lean only, trimmed to 0"" fat, all grades, raw",USDA_SR_Legacy,meat,,132,21.47,,5.11,,,83,yes
usda_168714,"Beef, brisket, flat half, boneless, separable lean and fat, trimmed to 0"" fat, all grades, raw","חזה בקר — Beef, brisket, flat half, boneless, separable lean and fat, trimmed to 0"" fat, all grades, raw","Грудинка — Beef, brisket, flat half, boneless, separable lean and fat, trimmed to 0"" fat, all grades, raw",USDA_SR_Legacy,meat,,165,20.32,,9.29,,,80,yes
usda_168743,"Beef, brisket, flat half, boneless, separable lean and fat, trimmed to 0"" fat, choice, raw","חזה בקר — Beef, brisket, flat half, boneless, separable lean and fat, trimmed to 0"" fat, choice, raw","Грудинка — Beef, brisket, flat half, boneless, separable lean and fat, trimmed to 0"" fat, choice, raw",USDA_SR_Legacy,meat,,169,20.15,,9.86,,,79,yes
usda_169570,"Beef, brisket, flat half, boneless, separable lean and fat, trimmed to 0"" fat, select, raw","חזה בקר — Beef, brisket, flat half, boneless, separable lean and fat, trimmed to 0"" fat, select, raw","Грудинка — Beef, brisket, flat half, boneless, separable lean and fat, trimmed to 0"" fat, select, raw",USDA_SR_Legacy,meat,,158,20.57,,8.45,,,82,yes
usda_168657,"Beef, brisket, flat half, boneless, separable lean only, trimmed to 0"" fat, choice, raw","חזה בקר — Beef, brisket, flat half, boneless, separable lean only, trimmed to 0"" fat, choice, raw","Грудинка — Beef, brisket, flat half, boneless, separable lean only, trimmed to 0"" fat, choice, raw",USDA_SR_Legacy,meat,,137,21.28,,5.75,,,82,yes
usda_168658,"Beef, brisket, flat half, boneless, separable lean only, trimmed to 0"" fat, select, raw","חזה בקר — Beef, brisket, flat half, boneless, separable lean only, trimmed to 0"" fat, select, raw","Грудинка — Beef, brisket, flat half, boneless, separable lean only, trimmed to 0"" fat, select, raw",USDA_SR_Legacy,meat,,124,21.74,,4.14,,,85,yes
usda_169432,"Beef, brisket, flat half, separable lean and fat, trimmed to 1/8"" fat, select, cooked, braised","חזה בקר — Beef, brisket, flat half, separable lean and fat, trimmed to 1/8"" fat, select, cooked, braised","Грудинка — Beef, brisket, flat half, separable lean and fat, trimmed to 1/8"" fat, select, cooked, braised",USDA_SR_Legacy,meat,,280,28.97,,17.37,,,49,yes
usda_170611,"Beef, brisket, whole, separable lean and fat, trimmed to 0"" fat, all grades, cooked, braised","חזה בקר — Beef, brisket, whole, separable lean and fat, trimmed to 0"" fat, all grades, cooked, braised","Грудинка — Beef, brisket, whole, separable lean and fat, trimmed to 0"" fat, all grades, cooked, braised",USDA_SR_Legacy,meat,,291,26.79,,19.52,,,65,yes
usda_168665,"Beef, brisket, whole, separable lean and fat, trimmed to 1/8"" fat, all grades, cooked, braised","חזה בקר — Beef, brisket, whole, separable lean and fat, trimmed to 1/8"" fat, all grades, cooked, braised","Грудинка — Beef, brisket, whole, separable lean and fat, trimmed to 1/8"" fat, all grades, cooked, braised",USDA_SR_Legacy,meat,,331,25.85,,24.5,,,64,yes
usda_170612,"Beef, brisket, whole, separable lean only, trimmed to 0"" fat, all grades, cooked, braised","חזה בקר — Beef, brisket, whole, separable lean only, trimmed to 0"" fat, all grades, cooked, braised","Грудинка — Beef, brisket, whole, separable lean only, trimmed to 0"" fat, all grades, cooked, braised",USDA_SR_Legacy,meat,,218,29.75,,10.08,,,70,yes
usda_171227,"Beef, chuck eye Country-Style ribs, boneless, separable lean and fat, trimmed to 0"" fat, all grades, cooked, braised","צלעות בסגנון כפרי — Beef, chuck eye Country-Style ribs, boneless, separable lean and fat, trimmed to 0"" fat, all grades, cooked, braised","Рёбра по-деревенски — Beef, chuck eye Country-Style ribs, boneless, separable lean and fat, trimmed to 0"" fat, all grades, cooked, braised",USDA_SR_Legacy,meat,,296,27.69,,20.55,,,65,yes
usda_170831,"Beef, chuck eye Country-Style ribs, boneless, separable lean and fat, trimmed to 0"" fat, all grades, raw","צלעות בסגנון כפרי — Beef, chuck eye Country-Style ribs, boneless, separable lean and fat, trimmed to 0"" fat, all grades, raw","Рёбра по-деревенски — Beef, chuck eye Country-Style ribs, boneless, separable lean and fat, trimmed to 0"" fat, all grades, raw",USDA_SR_Legacy,meat,,205,18.97,,14.32,,,77,yes
usda_170829,"Beef, chuck eye Country-Style ribs, boneless, separable lean and fat, trimmed to 0"" fat, choice, cooked, braised","צלעות בסגנון כפרי — Beef, chuck eye Country-Style ribs, boneless, separable lean and fat, trimmed to 0"" fat, choice, cooked, braised","Рёбра по-деревенски — Beef, chuck eye Country-Style ribs, boneless, separable lean and fat, trimmed to 0"" fat, choice, cooked, braised",USDA_SR_Legacy,meat,,303,27.16,,21.56,,,65,yes
usda_170832,"Beef, chuck eye Country-Style ribs, boneless, separable lean and fat, trimmed to 0"" fat, choice, raw","צלעות בסגנון כפרי — Beef, chuck eye Country-Style ribs, boneless, separable lean and fat, trimmed to 0"" fat, choice, raw","Рёбра по-деревенски — Beef, chuck eye Country-Style ribs, boneless, separable lean and fat, trimmed to 0"" fat, choice, raw",USDA_SR_Legacy,meat,,210,18.87,,14.99,,,76,yes
usda_170830,"Beef, chuck eye Country-Style ribs, boneless, separable lean and fat, trimmed to 0"" fat, select, cooked, braised","צלעות בסגנון כפרי — Beef, chuck eye Country-Style ribs, boneless, separable lean and fat, trimmed to 0"" fat, select, cooked, braised","Рёбра по-деревенски — Beef, chuck eye Country-Style ribs, boneless, separable lean and fat, trimmed to 0"" fat, select, cooked, braised",USDA_SR_Legacy,meat,,285,28.47,,19.03,,,66,yes
usda_170833,"Beef, chuck eye Country-Style ribs, boneless, separable lean and fat, trimmed to 0"" fat, select, raw","צלעות בסגנון כפרי — Beef, chuck eye Country-Style ribs, boneless, separable lean and fat, trimmed to 0"" fat, select, raw","Рёбра по-деревенски — Beef, chuck eye Country-Style ribs, boneless, separable lean and fat, trimmed to 0"" fat, select, raw",USDA_SR_Legacy,meat,,196,19.1,,13.33,,,77,yes
usda_170799,"Beef, chuck eye Country-Style ribs, boneless, separable lean only, trimmed to 0"" fat, all grades, cooked, braised","צלעות בסגנון כפרי — Beef, chuck eye Country-Style ribs, boneless, separable lean only, trimmed to 0"" fat, all grades, cooked, braised","Рёбра по-деревенски — Beef, chuck eye Country-Style ribs, boneless, separable lean only, trimmed to 0"" fat, all grades, cooked, braised",USDA_SR_Legacy,meat,,228,31.41,,11.43,,,69,yes
usda_171195,"Beef, chuck eye Country-Style ribs, boneless, separable lean only, trimmed to 0"" fat, all grades, raw","צלעות בסגנון כפרי — Beef, chuck eye Country-Style ribs, boneless, separable lean only, trimmed to 0"" fat, all grades, raw","Рёбра по-деревенски — Beef, chuck eye Country-Style ribs, boneless, separable lean only, trimmed to 0"" fat, all grades, raw",USDA_SR_Legacy,meat,,146,20.96,,6.95,,,82,yes
usda_170797,"Beef, chuck eye Country-Style ribs, boneless, separable lean only, trimmed to 0"" fat, choice, cooked, braised","צלעות בסגנון כפרי — Beef, chuck eye Country-Style ribs, boneless, separable lean only, trimmed to 0"" fat, choice, cooked, braised","Рёбра по-деревенски — Beef, chuck eye Country-Style ribs, boneless, separable lean only, trimmed to 0"" fat, choice, cooked, braised",USDA_SR_Legacy,meat,,234,30.95,,12.22,,,69,yes
usda_170800,"Beef, chuck eye Country-Style ribs, boneless, separable lean only, trimmed to 0"" fat, choice, raw","צלעות בסגנון כפרי — Beef, chuck eye Country-Style ribs, boneless, separable lean only, trimmed to 0"" fat, choice, raw","Рёбра по-деревенски — Beef, chuck eye Country-Style ribs, boneless, separable lean only, trimmed to 0"" fat, choice, raw",USDA_SR_Legacy,meat,,152,20.87,,7.67,,,81,yes
usda_170798,"Beef, chuck eye Country-Style ribs, boneless, separable lean only, trimmed to 0"" fat, select, cooked, braised","צלעות בסגנון כפרי — Beef, chuck eye Country-Style ribs, boneless, separable lean only, trimmed to 0"" fat, select, cooked, braised","Рёбра по-деревенски — Beef, chuck eye Country-Style ribs, boneless, separable lean only, trimmed to 0"" fat, select, cooked, braised",USDA_SR_Legacy,meat,,221,32.1,,10.24,,,70,yes
usda_171194,"Beef, chuck eye Country-Style ribs, boneless, separable lean only, trimmed to 0"" fat, select, raw","צלעות בסגנון כפרי — Beef, chuck eye Country-Style ribs, boneless, separable lean only, trimmed to 0"" fat, select, raw","Рёбра по-деревенски — Beef, chuck eye Country-Style ribs, boneless, separable lean only, trimmed to 0"" fat, select, raw",USDA_SR_Legacy,meat,,137,21.1,,5.89,,,82,yes
usda_170820,"Beef, chuck eye roast, boneless, America's Beef Roast, separable lean and fat, trimmed to 0"" fat, all grades, cooked, roasted","עין כתף — Beef, chuck eye roast, boneless, America's Beef Roast, separable lean and fat, trimmed to 0"" fat, all grades, cooked, roasted","Стейк чак-ай — Beef, chuck eye roast, boneless, America's Beef Roast, separable lean and fat, trimmed to 0"" fat, all grades, cooked, roasted",USDA_SR_Legacy,meat,,236,24.63,,15.29,,,76,yes
usda_168660,"Beef, chuck eye roast, boneless, America's Beef Roast, separable lean and fat, trimmed to 0"" fat, all grades, raw","עין כתף — Beef, chuck eye roast, boneless, America's Beef Roast, separable lean and fat, trimmed to 0"" fat, all grades, raw","Стейк чак-ай — Beef, chuck eye roast, boneless, America's Beef Roast, separable lean and fat, trimmed to 0"" fat, all grades, raw",USDA_SR_Legacy,meat,,180,19.18,,11.48,,,81,yes
usda_171215,"Beef, chuck eye roast, boneless, America's Beef Roast, separable lean and fat, trimmed to 0"" fat, choice, cooked, roasted","עין כתף — Beef, chuck eye roast, boneless, America's Beef Roast, separable lean and fat, trimmed to 0"" fat, choice, cooked, roasted","Стейк чак-ай — Beef, chuck eye roast, boneless, America's Beef Roast, separable lean and fat, trimmed to 0"" fat, choice, cooked, roasted",USDA_SR_Legacy,meat,,241,24.47,,15.87,,,75,yes
usda_168661,"Beef, chuck eye roast, boneless, America's Beef Roast, separable lean and fat, trimmed to 0"" fat, choice, raw","עין כתף — Beef, chuck eye roast, boneless, America's Beef Roast, separable lean and fat, trimmed to 0"" fat, choice, raw","Стейк чак-ай — Beef, chuck eye roast, boneless, America's Beef Roast, separable lean and fat, trimmed to 0"" fat, choice, raw",USDA_SR_Legacy,meat,,185,19.14,,12.02,,,80,yes
usda_171216,"Beef, chuck eye roast, boneless, America's Beef Roast, separable lean and fat, trimmed to 0"" fat, select, cooked, roasted","עין כתף — Beef, chuck eye roast, boneless, America's Beef Roast, separable lean and fat, trimmed to 0"" fat, select, cooked, roasted","Стейк чак-ай — Beef, chuck eye roast, boneless, America's Beef Roast, separable lean and fat, trimmed to 0"" fat, select, cooked, roasted",USDA_SR_Legacy,meat,,229,24.86,,14.41,,,76,yes
usda_168662,"Beef, chuck eye roast, boneless, America's Beef Roast, separable lean and fat, trimmed to 0"" fat, select, raw","עין כתף — Beef, chuck eye roast, boneless, America's Beef Roast, separable lean and fat, trimmed to 0"" fat, select, raw","Стейк чак-ай — Beef, chuck eye roast, boneless, America's Beef Roast, separable lean and fat, trimmed to 0"" fat, select, raw",USDA_SR_Legacy,meat,,173,19.25,,10.67,,,82,yes
usda_168674,"Beef, chuck eye roast, boneless, America's Beef Roast, separable lean only, trimmed to 0"" fat, all grades, cooked, roasted","עין כתף — Beef, chuck eye roast, boneless, America's Beef Roast, separable lean only, trimmed to 0"" fat, all grades, cooked, roasted","Стейк чак-ай — Beef, chuck eye roast, boneless, America's Beef Roast, separable lean only, trimmed to 0"" fat, all grades, cooked, roasted",USDA_SR_Legacy,meat,,183,26.65,,8.46,,,80,yes
usda_169565,"Beef, chuck eye roast, boneless, America's Beef Roast, separable lean only, trimmed to 0"" fat, all grades, raw","עין כתף — Beef, chuck eye roast, boneless, America's Beef Roast, separable lean only, trimmed to 0"" fat, all grades, raw","Стейк чак-ай — Beef, chuck eye roast, boneless, America's Beef Roast, separable lean only, trimmed to 0"" fat, all grades, raw",USDA_SR_Legacy,meat,,137,20.61,,6.01,,,85,yes
usda_169496,"Beef, chuck eye roast, boneless, America's Beef Roast, separable lean only, trimmed to 0"" fat, choice, cooked, roasted","עין כתף — Beef, chuck eye roast, boneless, America's Beef Roast, separable lean only, trimmed to 0"" fat, choice, cooked, roasted","Стейк чак-ай — Beef, chuck eye roast, boneless, America's Beef Roast, separable lean only, trimmed to 0"" fat, choice, cooked, roasted",USDA_SR_Legacy,meat,,190,26.41,,9.36,,,79,yes
usda_169566,"Beef, chuck eye roast, boneless, America's Beef Roast, separable lean only, trimmed to 0"" fat, choice, raw","עין כתף — Beef, chuck eye roast, boneless, America's Beef Roast, separable lean only, trimmed to 0"" fat, choice, raw","Стейк чак-ай — Beef, chuck eye roast, boneless, America's Beef Roast, separable lean only, trimmed to 0"" fat, choice, raw",USDA_SR_Legacy,meat,,139,20.67,,6.21,,,85,yes
usda_169497,"Beef, chuck eye roast, boneless, America's Beef Roast, separable lean only, trimmed to 0"" fat, select, cooked, roasted","עין כתף — Beef, chuck eye roast, boneless, America's Beef Roast, separable lean only, trimmed to 0"" fat, select, cooked, roasted","Стейк чак-ай — Beef, chuck eye roast, boneless, America's Beef Roast, separable lean only, trimmed to 0"" fat, select, cooked, roasted",USDA_SR_Legacy,meat,,172,27.02,,7.12,,,81,yes
usda_168742,"Beef, chuck eye roast, boneless, America's Beef Roast, separable lean only, trimmed to 0"" fat, select, raw","עין כתף — Beef, chuck eye roast, boneless, America's Beef Roast, separable lean only, trimmed to 0"" fat, select, raw","Стейк чак-ай — Beef, chuck eye roast, boneless, America's Beef Roast, separable lean only, trimmed to 0"" fat, select, raw",USDA_SR_Legacy,meat,,133,20.52,,5.71,,,86,yes
usda_171228,"Beef, chuck eye steak, boneless, separable lean and fat, trimmed to 0"" fat, all grades, cooked, grilled","עין כתף — Beef, chuck eye steak, boneless, separable lean and fat, trimmed to 0"" fat, all grades, cooked, grilled","Стейк чак-ай — Beef, chuck eye steak, boneless, separable lean and fat, trimmed to 0"" fat, all grades, cooked, grilled",USDA_SR_Legacy,meat,,277,24.98,,19.64,,,71,yes
usda_171231,"Beef, chuck eye steak, boneless, separable lean and fat, trimmed to 0"" fat, all grades, raw","עין כתף — Beef, chuck eye steak, boneless, separable lean and fat, trimmed to 0"" fat, all grades, raw","Стейк чак-ай — Beef, chuck eye steak, boneless, separable lean and fat, trimmed to 0"" fat, all grades, raw",USDA_SR_Legacy,meat,,223,18.86,,16.35,,,66,yes
usda_171229,"Beef, chuck eye steak, boneless, separable lean and fat, trimmed to 0"" fat, choice, cooked, grilled","עין כתף — Beef, chuck eye steak, boneless, separable lean and fat, trimmed to 0"" fat, choice, cooked, grilled","Стейк чак-ай — Beef, chuck eye steak, boneless, separable lean and fat, trimmed to 0"" fat, choice, cooked, grilled",USDA_SR_Legacy,meat,,283,24.95,,20.35,,,71,yes
usda_170834,"Beef, chuck eye steak, boneless, separable lean and fat, trimmed to 0"" fat, choice, raw","עין כתף — Beef, chuck eye steak, boneless, separable lean and fat, trimmed to 0"" fat, choice, raw","Стейк чак-ай — Beef, chuck eye steak, boneless, separable lean and fat, trimmed to 0"" fat, choice, raw",USDA_SR_Legacy,meat,,227,18.86,,16.85,,,66,yes
usda_171230,"Beef, chuck eye steak, boneless, separable lean and fat, trimmed to 0"" fat, select, cooked, grilled","עין כתף — Beef, chuck eye steak, boneless, separable lean and fat, trimmed to 0"" fat, select, cooked, grilled","Стейк чак-ай — Beef, chuck eye steak, boneless, separable lean and fat, trimmed to 0"" fat, select, cooked, grilled",USDA_SR_Legacy,meat,,267,25.03,,18.57,,,70,yes
usda_170835,"Beef, chuck eye steak, boneless, separable lean and fat, trimmed to 0"" fat, select, raw","עין כתף — Beef, chuck eye steak, boneless, separable lean and fat, trimmed to 0"" fat, select, raw","Стейк чак-ай — Beef, chuck eye steak, boneless, separable lean and fat, trimmed to 0"" fat, select, raw",USDA_SR_Legacy,meat,,216,18.86,,15.6,,,68,yes
usda_170801,"Beef, chuck eye steak, boneless, separable lean only, trimmed to 0"" fat, all grades, cooked, grilled","עין כתף — Beef, chuck eye steak, boneless, separable lean only, trimmed to 0"" fat, all grades, cooked, grilled","Стейк чак-ай — Beef, chuck eye steak, boneless, separable lean only, trimmed to 0"" fat, all grades, cooked, grilled",USDA_SR_Legacy,meat,,209,27.94,,10.79,,,75,yes
usda_170804,"Beef, chuck eye steak, boneless, separable lean only, trimmed to 0"" fat, all grades, raw","עין כתף — Beef, chuck eye steak, boneless, separable lean only, trimmed to 0"" fat, all grades, raw","Стейк чак-ай — Beef, chuck eye steak, boneless, separable lean only, trimmed to 0"" fat, all grades, raw",USDA_SR_Legacy,meat,,153,21.29,,7.56,,,70,yes
usda_171196,"Beef, chuck eye steak, boneless, separable lean only, trimmed to 0"" fat, choice, cooked, grilled","עין כתף — Beef, chuck eye steak, boneless, separable lean only, trimmed to 0"" fat, choice, cooked, grilled","Стейк чак-ай — Beef, chuck eye steak, boneless, separable lean only, trimmed to 0"" fat, choice, cooked, grilled",USDA_SR_Legacy,meat,,215,27.97,,11.47,,,75,yes
usda_170802,"Beef, chuck eye steak, boneless, separable lean only, trimmed to 0"" fat, choice, raw","עין כתף — Beef, chuck eye steak, boneless, separable lean only, trimmed to 0"" fat, choice, raw","Стейк чак-ай — Beef, chuck eye steak, boneless, separable lean only, trimmed to 0"" fat, choice, raw",USDA_SR_Legacy,meat,,160,21.31,,8.29,,,70,yes
usda_171197,"Beef, chuck eye steak, boneless, separable lean only, trimmed to 0"" fat, select, cooked, grilled","עין כתף — Beef, chuck eye steak, boneless, separable lean only, trimmed to 0"" fat, select, cooked, grilled","Стейк чак-ай — Beef, chuck eye steak, boneless, separable lean only, trimmed to 0"" fat, select, cooked, grilled",USDA_SR_Legacy,meat,,199,27.88,,9.77,,,74,yes
usda_170803,"Beef, chuck eye steak, boneless, separable lean only, trimmed to 0"" fat, select, raw","עין כתף — Beef, chuck eye steak, boneless, separable lean only, trimmed to 0"" fat, select, raw","Стейк чак-ай — Beef, chuck eye steak, boneless, separable lean only, trimmed to 0"" fat, select, raw",USDA_SR_Legacy,meat,,143,21.28,,6.47,,,73,yes
usda_171203,"Beef, chuck for stew, separable lean and fat, all grades, cooked, braised","כתף לתבשיל — Beef, chuck for stew, separable lean and fat, all grades, cooked, braised","Лопатка для тушения — Beef, chuck for stew, separable lean and fat, all grades, cooked, braised",USDA_SR_Legacy,meat,,191,32.41,,6.82,,,67,yes
usda_171206,"Beef, chuck for stew, separable lean and fat, all grades, raw","כתף לתבשיל — Beef, chuck for stew, separable lean and fat, all grades, raw","Лопатка для тушения — Beef, chuck for stew, separable lean and fat, all grades, raw",USDA_SR_Legacy,meat,,128,21.75,0.16,4.48,,,80,yes
usda_171205,"Beef, chuck for stew, separable lean and fat, choice, cooked, braised","כתף לתבשיל — Beef, chuck for stew, separable lean and fat, choice, cooked, braised","Лопатка для тушения — Beef, chuck for stew, separable lean and fat, choice, cooked, braised",USDA_SR_Legacy,meat,,194,32.49,,7.14,,,65,yes
usda_170810,"Beef, chuck for stew, separable lean and fat, choice, raw","כתף לתבשיל — Beef, chuck for stew, separable lean and fat, choice, raw","Лопатка для тушения — Beef, chuck for stew, separable lean and fat, choice, raw",USDA_SR_Legacy,meat,,130,21.64,0.12,4.81,,,79,yes
usda_171204,"Beef, chuck for stew, separable lean and fat, select, cooked, braised","כתף לתבשיל — Beef, chuck for stew, separable lean and fat, select, cooked, braised","Лопатка для тушения — Beef, chuck for stew, separable lean and fat, select, cooked, braised",USDA_SR_Legacy,meat,,186,32.29,,6.34,,,68,yes
usda_170809,"Beef, chuck for stew, separable lean and fat, select, raw","כתף לתבשיל — Beef, chuck for stew, separable lean and fat, select, raw","Лопатка для тушения — Beef, chuck for stew, separable lean and fat, select, raw",USDA_SR_Legacy,meat,,124,21.9,0.21,3.99,,,81,yes
usda_170213,"Beef, chuck, arm pot roast, separable lean and fat, trimmed to 0"" fat, all grades, cooked, braised","כתף צלי — Beef, chuck, arm pot roast, separable lean and fat, trimmed to 0"" fat, all grades, cooked, braised","Рулька — Beef, chuck, arm pot roast, separable lean and fat, trimmed to 0"" fat, all grades, cooked, braised",USDA_SR_Legacy,meat,,297,28.94,,19.17,,,47,yes
usda_168667,"Beef, chuck, arm pot roast, separable lean and fat, trimmed to 1/8"" fat, all grades, cooked, braised","כתף צלי — Beef, chuck, arm pot roast, separable lean and fat, trimmed to 1/8"" fat, all grades, cooked, braised","Рулька — Beef, chuck, arm pot roast, separable lean and fat, trimmed to 1/8"" fat, all grades, cooked, braised",USDA_SR_Legacy,meat,,302,30.12,,19.22,,,50,yes
usda_168669,"Beef, chuck, arm pot roast, separable lean and fat, trimmed to 1/8"" fat, choice, cooked, braised","כתף צלי — Beef, chuck, arm pot roast, separable lean and fat, trimmed to 1/8"" fat, choice, cooked, braised","Рулька — Beef, chuck, arm pot roast, separable lean and fat, trimmed to 1/8"" fat, choice, cooked, braised",USDA_SR_Legacy,meat,,309,30.2,,19.93,,,49,yes
usda_169492,"Beef, chuck, arm pot roast, separable lean and fat, trimmed to 1/8"" fat, select, cooked, braised","כתף צלי — Beef, chuck, arm pot roast, separable lean and fat, trimmed to 1/8"" fat, select, cooked, braised","Рулька — Beef, chuck, arm pot roast, separable lean and fat, trimmed to 1/8"" fat, select, cooked, braised",USDA_SR_Legacy,meat,,295,30.05,,18.5,,,50,yes
usda_174050,"Beef, chuck, arm pot roast, separable lean only, trimmed to 1/8"" fat, all grades, cooked, braised","כתף צלי — Beef, chuck, arm pot roast, separable lean only, trimmed to 1/8"" fat, all grades, cooked, braised","Рулька — Beef, chuck, arm pot roast, separable lean only, trimmed to 1/8"" fat, all grades, cooked, braised",USDA_SR_Legacy,meat,,214,34.66,,7.36,,,56,yes
usda_171817,"Beef, chuck, arm pot roast, separable lean only, trimmed to 1/8"" fat, choice, cooked, braised","כתף צלי — Beef, chuck, arm pot roast, separable lean only, trimmed to 1/8"" fat, choice, cooked, braised","Рулька — Beef, chuck, arm pot roast, separable lean only, trimmed to 1/8"" fat, choice, cooked, braised",USDA_SR_Legacy,meat,,224,34.72,,8.37,,,56,yes
usda_174056,"Beef, chuck, arm pot roast, separable lean only, trimmed to 1/8"" fat, choice, raw","כתף צלי — Beef, chuck, arm pot roast, separable lean only, trimmed to 1/8"" fat, choice, raw","Рулька — Beef, chuck, arm pot roast, separable lean only, trimmed to 1/8"" fat, choice, raw",USDA_SR_Legacy,meat,,139,21.96,,5.05,,,74,yes
usda_174767,"Beef, chuck, arm pot roast, separable lean only, trimmed to 1/8"" fat, select, cooked, braised","כתף צלי — Beef, chuck, arm pot roast, separable lean only, trimmed to 1/8"" fat, select, cooked, braised","Рулька — Beef, chuck, arm pot roast, separable lean only, trimmed to 1/8"" fat, select, cooked, braised",USDA_SR_Legacy,meat,,205,34.6,,6.35,,,57,yes
usda_174765,"Beef, chuck, arm pot roast, separable lean only, trimmed to 1/8"" fat, select, raw","כתף צלי — Beef, chuck, arm pot roast, separable lean only, trimmed to 1/8"" fat, select, raw","Рулька — Beef, chuck, arm pot roast, separable lean only, trimmed to 1/8"" fat, select, raw",USDA_SR_Legacy,meat,,125,22.26,,3.32,,,77,yes
usda_169494,"Beef, chuck, blade roast, separable lean and fat, trimmed to 1/8"" fat, all grades, cooked, braised","כתף בקר — Beef, chuck, blade roast, separable lean and fat, trimmed to 1/8"" fat, all grades, cooked, braised","Лопатка — Beef, chuck, blade roast, separable lean and fat, trimmed to 1/8"" fat, all grades, cooked, braised",USDA_SR_Legacy,meat,,341,26.78,,25.12,,,65,yes
usda_168671,"Beef, chuck, blade roast, separable lean and fat, trimmed to 1/8"" fat, choice, cooked, braised","כתף בקר — Beef, chuck, blade roast, separable lean and fat, trimmed to 1/8"" fat, choice, cooked, braised","Лопатка — Beef, chuck, blade roast, separable lean and fat, trimmed to 1/8"" fat, choice, cooked, braised",USDA_SR_Legacy,meat,,359,26.37,,27.26,,,64,yes
usda_170215,"Beef, chuck, blade roast, separable lean only, trimmed to 0"" fat, all grades, cooked, braised","כתף בקר — Beef, chuck, blade roast, separable lean only, trimmed to 0"" fat, all grades, cooked, braised","Лопатка — Beef, chuck, blade roast, separable lean only, trimmed to 0"" fat, all grades, cooked, braised",USDA_SR_Legacy,meat,,253,31.06,,13.3,,,71,yes
usda_170821,"Beef, chuck, mock tender steak, boneless, separable lean and fat, trimmed to 0"" fat, all grades, cooked, braised","פילה כתף — Beef, chuck, mock tender steak, boneless, separable lean and fat, trimmed to 0"" fat, all grades, cooked, braised","Стейк мок-тендер — Beef, chuck, mock tender steak, boneless, separable lean and fat, trimmed to 0"" fat, all grades, cooked, braised",USDA_SR_Legacy,meat,,220,32.07,,10.18,,,67,yes
usda_170824,"Beef, chuck, mock tender steak, boneless, separable lean and fat, trimmed to 0"" fat, all grades, raw","פילה כתף — Beef, chuck, mock tender steak, boneless, separable lean and fat, trimmed to 0"" fat, all grades, raw","Стейк мок-тендер — Beef, chuck, mock tender steak, boneless, separable lean and fat, trimmed to 0"" fat, all grades, raw",USDA_SR_Legacy,meat,,128,21.13,,4.79,,,80,yes
usda_170822,"Beef, chuck, mock tender steak, boneless, separable lean and fat, trimmed to 0"" fat, choice, cooked, braised","פילה כתף — Beef, chuck, mock tender steak, boneless, separable lean and fat, trimmed to 0"" fat, choice, cooked, braised","Стейк мок-тендер — Beef, chuck, mock tender steak, boneless, separable lean and fat, trimmed to 0"" fat, choice, cooked, braised",USDA_SR_Legacy,meat,,225,32.21,,10.74,,,66,yes
usda_171220,"Beef, chuck, mock tender steak, boneless, separable lean and fat, trimmed to 0"" fat, choice, raw","פילה כתף — Beef, chuck, mock tender steak, boneless, separable lean and fat, trimmed to 0"" fat, choice, raw","Стейк мок-тендер — Beef, chuck, mock tender steak, boneless, separable lean and fat, trimmed to 0"" fat, choice, raw",USDA_SR_Legacy,meat,,131,21.19,,5.18,,,82,yes
usda_170823,"Beef, chuck, mock tender steak, boneless, separable lean and fat, trimmed to 0"" fat, select, cooked, braised","פילה כתף — Beef, chuck, mock tender steak, boneless, separable lean and fat, trimmed to 0"" fat, select, cooked, braised","Стейк мок-тендер — Beef, chuck, mock tender steak, boneless, separable lean and fat, trimmed to 0"" fat, select, cooked, braised",USDA_SR_Legacy,meat,,211,31.86,,9.34,,,69,yes
usda_171221,"Beef, chuck, mock tender steak, boneless, separable lean and fat, trimmed to 0"" fat, select, raw","פילה כתף — Beef, chuck, mock tender steak, boneless, separable lean and fat, trimmed to 0"" fat, select, raw","Стейк мок-тендер — Beef, chuck, mock tender steak, boneless, separable lean and fat, trimmed to 0"" fat, select, raw",USDA_SR_Legacy,meat,,122,21.05,,4.2,,,76,yes
usda_170806,"Beef, chuck, mock tender steak, boneless, separable lean only, trimmed to 0"" fat, all grades, cooked, braised","פילה כתף — Beef, chuck, mock tender steak, boneless, separable lean only, trimmed to 0"" fat, all grades, cooked, braised","Стейк мок-тендер — Beef, chuck, mock tender steak, boneless, separable lean only, trimmed to 0"" fat, all grades, cooked, braised",USDA_SR_Legacy,meat,,190,33.31,,6.34,,,68,yes
usda_171202,"Beef, chuck, mock tender steak, boneless, separable lean only, trimmed to 0"" fat, all grades, raw","פילה כתף — Beef, chuck, mock tender steak, boneless, separable lean only, trimmed to 0"" fat, all grades, raw","Стейк мок-тендер — Beef, chuck, mock tender steak, boneless, separable lean only, trimmed to 0"" fat, all grades, raw",USDA_SR_Legacy,meat,,123,21.3,,4.17,,,81,yes
usda_171201,"Beef, chuck, mock tender steak, boneless, separable lean only, trimmed to 0"" fat, choice, cooked, braised","פילה כתף — Beef, chuck, mock tender steak, boneless, separable lean only, trimmed to 0"" fat, choice, cooked, braised","Стейк мок-тендер — Beef, chuck, mock tender steak, boneless, separable lean only, trimmed to 0"" fat, choice, cooked, braised",USDA_SR_Legacy,meat,,197,33.55,,6.94,,,67,yes
usda_170807,"Beef, chuck, mock tender steak, boneless, separable lean only, trimmed to 0"" fat, choice, raw","פילה כתף — Beef, chuck, mock tender steak, boneless, separable lean only, trimmed to 0"" fat, choice, raw","Стейк мок-тендер — Beef, chuck, mock tender steak, boneless, separable lean only, trimmed to 0"" fat, choice, raw",USDA_SR_Legacy,meat,,127,21.36,,4.6,,,83,yes
usda_170805,"Beef, chuck, mock tender steak, boneless, separable lean only, trimmed to 0"" fat, select, cooked, braised","פילה כתף — Beef, chuck, mock tender steak, boneless, separable lean only, trimmed to 0"" fat, select, cooked, braised","Стейк мок-тендер — Beef, chuck, mock tender steak, boneless, separable lean only, trimmed to 0"" fat, select, cooked, braised",USDA_SR_Legacy,meat,,181,32.96,,5.44,,,70,yes
usda_170808,"Beef, chuck, mock tender steak, boneless, separable lean only, trimmed to 0"" fat, select, raw","פילה כתף — Beef, chuck, mock tender steak, boneless, separable lean only, trimmed to 0"" fat, select, raw","Стейк мок-тендер — Beef, chuck, mock tender steak, boneless, separable lean only, trimmed to 0"" fat, select, raw",USDA_SR_Legacy,meat,,117,21.22,,3.53,,,76,yes
usda_171222,"Beef, chuck, short ribs, boneless, separable lean and fat, trimmed to 0"" fat, all grades, cooked, braised","צלעות קצרות — Beef, chuck, short ribs, boneless, separable lean and fat, trimmed to 0"" fat, all grades, cooked, braised","Короткие рёбра — Beef, chuck, short ribs, boneless, separable lean and fat, trimmed to 0"" fat, all grades, cooked, braised",USDA_SR_Legacy,meat,,305,25.48,,22.58,,,70,yes
usda_170826,"Beef, chuck, short ribs, boneless, separable lean and fat, trimmed to 0"" fat, all grades, raw","צלעות קצרות — Beef, chuck, short ribs, boneless, separable lean and fat, trimmed to 0"" fat, all grades, raw","Короткие рёбра — Beef, chuck, short ribs, boneless, separable lean and fat, trimmed to 0"" fat, all grades, raw",USDA_SR_Legacy,meat,,235,17.48,,18.33,,,78,yes
usda_171223,"Beef, chuck, short ribs, boneless, separable lean and fat, trimmed to 0"" fat, choice, cooked, braised","צלעות קצרות — Beef, chuck, short ribs, boneless, separable lean and fat, trimmed to 0"" fat, choice, cooked, braised","Короткие рёбра — Beef, chuck, short ribs, boneless, separable lean and fat, trimmed to 0"" fat, choice, cooked, braised",USDA_SR_Legacy,meat,,317,25.26,,24.05,,,70,yes
usda_170827,"Beef, chuck, short ribs, boneless, separable lean and fat, trimmed to 0"" fat, choice, raw","צלעות קצרות — Beef, chuck, short ribs, boneless, separable lean and fat, trimmed to 0"" fat, choice, raw","Короткие рёбра — Beef, chuck, short ribs, boneless, separable lean and fat, trimmed to 0"" fat, choice, raw",USDA_SR_Legacy,meat,,240,17.22,,19.03,,,75,yes
usda_170825,"Beef, chuck, short ribs, boneless, separable lean and fat, trimmed to 0"" fat, select, cooked, braised","צלעות קצרות — Beef, chuck, short ribs, boneless, separable lean and fat, trimmed to 0"" fat, select, cooked, braised","Короткие рёбра — Beef, chuck, short ribs, boneless, separable lean and fat, trimmed to 0"" fat, select, cooked, braised",USDA_SR_Legacy,meat,,287,25.81,,20.38,,,71,yes
usda_170828,"Beef, chuck, short ribs, boneless, separable lean and fat, trimmed to 0"" fat, select, raw","צלעות קצרות — Beef, chuck, short ribs, boneless, separable lean and fat, trimmed to 0"" fat, select, raw","Короткие рёбра — Beef, chuck, short ribs, boneless, separable lean and fat, trimmed to 0"" fat, select, raw",USDA_SR_Legacy,meat,,227,17.87,,17.28,,,85,yes
usda_169569,"Beef, chuck, short ribs, boneless, separable lean only, trimmed to 0"" fat, all grades, cooked, braised","צלעות קצרות — Beef, chuck, short ribs, boneless, separable lean only, trimmed to 0"" fat, all grades, cooked, braised","Короткие рёбра — Beef, chuck, short ribs, boneless, separable lean only, trimmed to 0"" fat, all grades, cooked, braised",USDA_SR_Legacy,meat,,240,28.82,,13.8,,,75,yes
usda_170796,"Beef, chuck, short ribs, boneless, separable lean only, trimmed to 0"" fat, all grades, raw","צלעות קצרות — Beef, chuck, short ribs, boneless, separable lean only, trimmed to 0"" fat, all grades, raw","Короткие рёбра — Beef, chuck, short ribs, boneless, separable lean only, trimmed to 0"" fat, all grades, raw",USDA_SR_Legacy,meat,,169,19.68,0.05,10.02,,,85,yes
usda_169567,"Beef, chuck, short ribs, boneless, separable lean only, trimmed to 0"" fat, choice, cooked, braised","צלעות קצרות — Beef, chuck, short ribs, boneless, separable lean only, trimmed to 0"" fat, choice, cooked, braised","Короткие рёбра — Beef, chuck, short ribs, boneless, separable lean only, trimmed to 0"" fat, choice, cooked, braised",USDA_SR_Legacy,meat,,250,28.84,,14.95,,,75,yes
usda_170783,"Beef, chuck, short ribs, boneless, separable lean only, trimmed to 0"" fat, choice, raw","צלעות קצרות — Beef, chuck, short ribs, boneless, separable lean only, trimmed to 0"" fat, choice, raw","Короткие рёбра — Beef, chuck, short ribs, boneless, separable lean only, trimmed to 0"" fat, choice, raw",USDA_SR_Legacy,meat,,175,19.38,0.29,10.7,,,81,yes
usda_169568,"Beef, chuck, short ribs, boneless, separable lean only, trimmed to 0"" fat, select, cooked, braised","צלעות קצרות — Beef, chuck, short ribs, boneless, separable lean only, trimmed to 0"" fat, select, cooked, braised","Короткие рёбра — Beef, chuck, short ribs, boneless, separable lean only, trimmed to 0"" fat, select, cooked, braised",USDA_SR_Legacy,meat,,224,28.79,,12.08,,,75,yes
usda_171193,"Beef, chuck, short ribs, boneless, separable lean only, trimmed to 0"" fat, select, raw","צלעות קצרות — Beef, chuck, short ribs, boneless, separable lean only, trimmed to 0"" fat, select, raw","Короткие рёбра — Beef, chuck, short ribs, boneless, separable lean only, trimmed to 0"" fat, select, raw",USDA_SR_Legacy,meat,,161,20.14,,8.99,,,93,yes
usda_170816,"Beef, chuck, under blade center steak, boneless, Denver Cut, separable lean and fat, trimmed to 0"" fat, all grades, cooked, grilled","סטייק — Beef, chuck, under blade center steak, boneless, Denver Cut, separable lean and fat, trimmed to 0"" fat, all grades, cooked, grilled","Стейк — Beef, chuck, under blade center steak, boneless, Denver Cut, separable lean and fat, trimmed to 0"" fat, all grades, cooked, grilled",USDA_SR_Legacy,meat,,227,26.18,0.21,13.54,,,73,yes
usda_171213,"Beef, chuck, under blade center steak, boneless, Denver Cut, separable lean and fat, trimmed to 0"" fat, all grades, raw","סטייק — Beef, chuck, under blade center steak, boneless, Denver Cut, separable lean and fat, trimmed to 0"" fat, all grades, raw","Стейк — Beef, chuck, under blade center steak, boneless, Denver Cut, separable lean and fat, trimmed to 0"" fat, all grades, raw",USDA_SR_Legacy,meat,,182,18.99,0.36,11.64,,,76,yes
usda_171211,"Beef, chuck, under blade center steak, boneless, Denver Cut, separable lean and fat, trimmed to 0"" fat, choice, cooked, grilled","סטייק — Beef, chuck, under blade center steak, boneless, Denver Cut, separable lean and fat, trimmed to 0"" fat, choice, cooked, grilled","Стейк — Beef, chuck, under blade center steak, boneless, Denver Cut, separable lean and fat, trimmed to 0"" fat, choice, cooked, grilled",USDA_SR_Legacy,meat,,236,26.1,0.4,14.41,,,73,yes
usda_171214,"Beef, chuck, under blade center steak, boneless, Denver Cut, separable lean and fat, trimmed to 0"" fat, choice, raw","סטייק — Beef, chuck, under blade center steak, boneless, Denver Cut, separable lean and fat, trimmed to 0"" fat, choice, raw","Стейк — Beef, chuck, under blade center steak, boneless, Denver Cut, separable lean and fat, trimmed to 0"" fat, choice, raw",USDA_SR_Legacy,meat,,189,18.85,0.53,12.4,,,75,yes
usda_171212,"Beef, chuck, under blade center steak, boneless, Denver Cut, separable lean and fat, trimmed to 0"" fat, select, cooked, grilled","סטייק — Beef, chuck, under blade center steak, boneless, Denver Cut, separable lean and fat, trimmed to 0"" fat, select, cooked, grilled","Стейк — Beef, chuck, under blade center steak, boneless, Denver Cut, separable lean and fat, trimmed to 0"" fat, select, cooked, grilled",USDA_SR_Legacy,meat,,215,26.3,,12.25,,,73,yes
usda_170817,"Beef, chuck, under blade center steak, boneless, Denver Cut, separable lean and fat, trimmed to 0"" fat, select, raw","סטייק — Beef, chuck, under blade center steak, boneless, Denver Cut, separable lean and fat, trimmed to 0"" fat, select, raw","Стейк — Beef, chuck, under blade center steak, boneless, Denver Cut, separable lean and fat, trimmed to 0"" fat, select, raw",USDA_SR_Legacy,meat,,172,19.2,0.09,10.5,,,76,yes
usda_170605,"Beef, chuck, under blade center steak, boneless, Denver Cut, separable lean only, trimmed to 0"" fat, all grades, cooked, grilled","סטייק — Beef, chuck, under blade center steak, boneless, Denver Cut, separable lean only, trimmed to 0"" fat, all grades, cooked, grilled","Стейк — Beef, chuck, under blade center steak, boneless, Denver Cut, separable lean only, trimmed to 0"" fat, all grades, cooked, grilled",USDA_SR_Legacy,meat,,220,26.5,0.14,12.64,,,73,yes
usda_170205,"Beef, chuck, under blade center steak, boneless, Denver Cut, separable lean only, trimmed to 0"" fat, all grades, raw","סטייק — Beef, chuck, under blade center steak, boneless, Denver Cut, separable lean only, trimmed to 0"" fat, all grades, raw","Стейк — Beef, chuck, under blade center steak, boneless, Denver Cut, separable lean only, trimmed to 0"" fat, all grades, raw",USDA_SR_Legacy,meat,,170,19.42,0.49,9.99,,,77,yes
usda_170201,"Beef, chuck, under blade center steak, boneless, Denver Cut, separable lean only, trimmed to 0"" fat, choice, cooked, grilled","סטייק — Beef, chuck, under blade center steak, boneless, Denver Cut, separable lean only, trimmed to 0"" fat, choice, cooked, grilled","Стейк — Beef, chuck, under blade center steak, boneless, Denver Cut, separable lean only, trimmed to 0"" fat, choice, cooked, grilled",USDA_SR_Legacy,meat,,228,26.49,0.28,13.42,,,73,yes
usda_170608,"Beef, chuck, under blade center steak, boneless, Denver Cut, separable lean only, trimmed to 0"" fat, choice, raw","סטייק — Beef, chuck, under blade center steak, boneless, Denver Cut, separable lean only, trimmed to 0"" fat, choice, raw","Стейк — Beef, chuck, under blade center steak, boneless, Denver Cut, separable lean only, trimmed to 0"" fat, choice, raw",USDA_SR_Legacy,meat,,178,19.23,0.67,10.96,,,76,yes
usda_170203,"Beef, chuck, under blade center steak, boneless, Denver Cut, separable lean only, trimmed to 0"" fat, select, cooked, grilled","סטייק — Beef, chuck, under blade center steak, boneless, Denver Cut, separable lean only, trimmed to 0"" fat, select, cooked, grilled","Стейк — Beef, chuck, under blade center steak, boneless, Denver Cut, separable lean only, trimmed to 0"" fat, select, cooked, grilled",USDA_SR_Legacy,meat,,209,26.53,,11.46,,,74,yes
usda_168653,"Beef, chuck, under blade center steak, boneless, Denver Cut, separable lean only, trimmed to 0"" fat, select, raw","סטייק — Beef, chuck, under blade center steak, boneless, Denver Cut, separable lean only, trimmed to 0"" fat, select, raw","Стейк — Beef, chuck, under blade center steak, boneless, Denver Cut, separable lean only, trimmed to 0"" fat, select, raw",USDA_SR_Legacy,meat,,157,19.71,0.21,8.54,,,77,yes
usda_170813,"Beef, chuck, under blade pot roast or steak, boneless, separable lean and fat, trimmed to 0"" fat, all grades, raw","סטייק — Beef, chuck, under blade pot roast or steak, boneless, separable lean and fat, trimmed to 0"" fat, all grades, raw","Стейк — Beef, chuck, under blade pot roast or steak, boneless, separable lean and fat, trimmed to 0"" fat, all grades, raw",USDA_SR_Legacy,meat,,196,19.17,,13.26,,,76,yes
usda_170814,"Beef, chuck, under blade pot roast or steak, boneless, separable lean and fat, trimmed to 0"" fat, choice, raw","סטייק — Beef, chuck, under blade pot roast or steak, boneless, separable lean and fat, trimmed to 0"" fat, choice, raw","Стейк — Beef, chuck, under blade pot roast or steak, boneless, separable lean and fat, trimmed to 0"" fat, choice, raw",USDA_SR_Legacy,meat,,202,19.15,,13.93,,,76,yes
usda_170815,"Beef, chuck, under blade pot roast or steak, boneless, separable lean and fat, trimmed to 0"" fat, select, raw","סטייק — Beef, chuck, under blade pot roast or steak, boneless, separable lean and fat, trimmed to 0"" fat, select, raw","Стейк — Beef, chuck, under blade pot roast or steak, boneless, separable lean and fat, trimmed to 0"" fat, select, raw",USDA_SR_Legacy,meat,,187,19.2,,12.27,,,77,yes
usda_169445,"Beef, chuck, under blade pot roast or steak, boneless, separable lean only, trimmed to 0"" fat, all grades, raw","סטייק — Beef, chuck, under blade pot roast or steak, boneless, separable lean only, trimmed to 0"" fat, all grades, raw","Стейк — Beef, chuck, under blade pot roast or steak, boneless, separable lean only, trimmed to 0"" fat, all grades, raw",USDA_SR_Legacy,meat,,140,21.13,0.31,6.07,,,81,yes
usda_169446,"Beef, chuck, under blade pot roast or steak, boneless, separable lean only, trimmed to 0"" fat, choice, raw","סטייק — Beef, chuck, under blade pot roast or steak, boneless, separable lean only, trimmed to 0"" fat, choice, raw","Стейк — Beef, chuck, under blade pot roast or steak, boneless, separable lean only, trimmed to 0"" fat, choice, raw",USDA_SR_Legacy,meat,,145,21.19,0.39,6.51,,,80,yes
usda_170603,"Beef, chuck, under blade pot roast or steak, boneless, separable lean only, trimmed to 0"" fat, select, raw","סטייק — Beef, chuck, under blade pot roast or steak, boneless, separable lean only, trimmed to 0"" fat, select, raw","Стейк — Beef, chuck, under blade pot roast or steak, boneless, separable lean only, trimmed to 0"" fat, select, raw",USDA_SR_Legacy,meat,,134,21.03,0.19,5.41,,,81,yes
usda_171208,"Beef, chuck, under blade pot roast, boneless, separable lean and fat, trimmed to 0"" fat, all grades, cooked, braised","כתף בקר — Beef, chuck, under blade pot roast, boneless, separable lean and fat, trimmed to 0"" fat, all grades, cooked, braised","Лопатка — Beef, chuck, under blade pot roast, boneless, separable lean and fat, trimmed to 0"" fat, all grades, cooked, braised",USDA_SR_Legacy,meat,,291,26.7,,20.49,,,62,yes
usda_170214,"Beef, chuck, under blade pot roast, boneless, separable lean and fat, trimmed to 0"" fat, select, cooked, braised","כתף בקר — Beef, chuck, under blade pot roast, boneless, separable lean and fat, trimmed to 0"" fat, select, cooked, braised","Лопатка — Beef, chuck, under blade pot roast, boneless, separable lean and fat, trimmed to 0"" fat, select, cooked, braised",USDA_SR_Legacy,meat,,288,27.17,,19.02,,,64,yes
usda_169444,"Beef, chuck, under blade pot roast, boneless, separable lean only, trimmed to 0"" fat, all grades, cooked, braised","כתף בקר — Beef, chuck, under blade pot roast, boneless, separable lean only, trimmed to 0"" fat, all grades, cooked, braised","Лопатка — Beef, chuck, under blade pot roast, boneless, separable lean only, trimmed to 0"" fat, all grades, cooked, braised",USDA_SR_Legacy,meat,,216,30.54,,10.46,,,65,yes
usda_170216,"Beef, chuck, under blade pot roast, boneless, separable lean only, trimmed to 0"" fat, choice, cooked, braised","כתף בקר — Beef, chuck, under blade pot roast, boneless, separable lean only, trimmed to 0"" fat, choice, cooked, braised","Лопатка — Beef, chuck, under blade pot roast, boneless, separable lean only, trimmed to 0"" fat, choice, cooked, braised",USDA_SR_Legacy,meat,,231,30.45,,11.14,,,63,yes
usda_170217,"Beef, chuck, under blade pot roast, boneless, separable lean only, trimmed to 0"" fat, select, cooked, braised","כתף בקר — Beef, chuck, under blade pot roast, boneless, separable lean only, trimmed to 0"" fat, select, cooked, braised","Лопатка — Beef, chuck, under blade pot roast, boneless, separable lean only, trimmed to 0"" fat, select, cooked, braised",USDA_SR_Legacy,meat,,216,30.68,,9.44,,,67,yes
usda_171217,"Beef, chuck, under blade steak, boneless, separable lean and fat, trimmed to 0"" fat, all grades, cooked, braised","סטייק — Beef, chuck, under blade steak, boneless, separable lean and fat, trimmed to 0"" fat, all grades, cooked, braised","Стейк — Beef, chuck, under blade steak, boneless, separable lean and fat, trimmed to 0"" fat, all grades, cooked, braised",USDA_SR_Legacy,meat,,275,28.23,,18,,,65,yes
usda_171218,"Beef, chuck, under blade steak, boneless, separable lean and fat, trimmed to 0"" fat, choice, cooked, braised","סטייק — Beef, chuck, under blade steak, boneless, separable lean and fat, trimmed to 0"" fat, choice, cooked, braised","Стейк — Beef, chuck, under blade steak, boneless, separable lean and fat, trimmed to 0"" fat, choice, cooked, braised",USDA_SR_Legacy,meat,,284,27.6,,19.3,,,64,yes
usda_171219,"Beef, chuck, under blade steak, boneless, separable lean and fat, trimmed to 0"" fat, select, cooked, braised","סטייק — Beef, chuck, under blade steak, boneless, separable lean and fat, trimmed to 0"" fat, select, cooked, braised","Стейк — Beef, chuck, under blade steak, boneless, separable lean and fat, trimmed to 0"" fat, select, cooked, braised",USDA_SR_Legacy,meat,,261,29.18,,16.05,,,66,yes
usda_171207,"Beef, chuck, under blade steak, boneless, separable lean only, trimmed to 0"" fat, all grades, cooked, braised","סטייק — Beef, chuck, under blade steak, boneless, separable lean only, trimmed to 0"" fat, all grades, cooked, braised","Стейк — Beef, chuck, under blade steak, boneless, separable lean only, trimmed to 0"" fat, all grades, cooked, braised",USDA_SR_Legacy,meat,,219,31.35,,10.41,,,65,yes
usda_170811,"Beef, chuck, under blade steak, boneless, separable lean only, trimmed to 0"" fat, choice, cooked, braised","סטייק — Beef, chuck, under blade steak, boneless, separable lean only, trimmed to 0"" fat, choice, cooked, braised","Стейк — Beef, chuck, under blade steak, boneless, separable lean only, trimmed to 0"" fat, choice, cooked, braised",USDA_SR_Legacy,meat,,222,30.91,,10.91,,,65,yes
usda_170812,"Beef, chuck, under blade steak, boneless, separable lean only, trimmed to 0"" fat, select, cooked, braised","סטייק — Beef, chuck, under blade steak, boneless, separable lean only, trimmed to 0"" fat, select, cooked, braised","Стейк — Beef, chuck, under blade steak, boneless, separable lean only, trimmed to 0"" fat, select, cooked, braised",USDA_SR_Legacy,meat,,215,32.01,,9.66,,,66,yes
usda_173412,"Butter oil, anhydrous","שמן חמאה — Butter oil, anhydrous","Масло сливочное (топлёное) — Butter oil, anhydrous",USDA_SR_Legacy,dairy,,876,0.28,,99.48,,,2,yes
usda_173410,"Butter, salted","חמאה — Butter, salted","Сливочное масло — Butter, salted",USDA_SR_Legacy,dairy,,717,0.85,0.06,81.11,,,643,yes
usda_173411,"Butter, whipped, with salt","חמאה — Butter, whipped, with salt","Сливочное масло — Butter, whipped, with salt",USDA_SR_Legacy,dairy,,731,0.49,,78.3,,,583,yes
usda_173430,"Butter, without salt","חמאה — Butter, without salt","Сливочное масло — Butter, without salt",USDA_SR_Legacy,dairy,,717,0.85,0.06,81.11,,,11,yes
usda_171252,"Cheese food, pasteurized process, American, vitamin D fortified","גבינה מעובדת — Cheese food, pasteurized process, American, vitamin D fortified","Плавленый сыр — Cheese food, pasteurized process, American, vitamin D fortified",USDA_SR_Legacy,dairy,,330,16.86,8.56,25.63,,,1284,yes
usda_171291,"Cheese food, pasteurized process, American, without added vitamin D","גבינה מעובדת — Cheese food, pasteurized process, American, without added vitamin D","Плавленый сыр — Cheese food, pasteurized process, American, without added vitamin D",USDA_SR_Legacy,dairy,,330,16.86,8.56,25.63,,,1441,yes
usda_171289,"Cheese product, pasteurized process, American, vitamin D fortified","מועשר — Cheese product, pasteurized process, American, vitamin D fortified","Обогащённый — Cheese product, pasteurized process, American, vitamin D fortified",USDA_SR_Legacy,dairy,,307,16.09,8.85,23.06,,,1279,yes
usda_172200,"Cheese sauce, prepared from recipe","רוטב גבינה — Cheese sauce, prepared from recipe","Сырный соус — Cheese sauce, prepared from recipe",USDA_SR_Legacy,dairy,,197,10.33,5.48,14.92,0.1,,493,yes
usda_170896,"Cheese spread, American or Cheddar cheese base, reduced fat","ממרח גבינה — Cheese spread, American or Cheddar cheese base, reduced fat","Сырный намазка — Cheese spread, American or Cheddar cheese base, reduced fat",USDA_SR_Legacy,dairy,,176,13.41,10.71,8.88,,,1102,yes
usda_171254,"Cheese spread, pasteurized process, American","ממרח גבינה — Cheese spread, pasteurized process, American","Сырный намазка — Cheese spread, pasteurized process, American",USDA_SR_Legacy,dairy,,290,16.41,8.73,21.23,,,1625,yes
usda_172198,"Cheese substitute, mozzarella","מוצרלה — Cheese substitute, mozzarella","Моцарелла — Cheese substitute, mozzarella",USDA_SR_Legacy,dairy,,248,11.47,23.67,12.22,,,685,yes
usda_171288,"Cheese, Mexican blend","גבינה — Cheese, Mexican blend","Сыр — Cheese, Mexican blend",USDA_SR_Legacy,dairy,,384,23.54,0.13,32.14,,,607,yes
usda_172175,"Cheese, blue","גבינה — Cheese, blue","Сыр — Cheese, blue",USDA_SR_Legacy,dairy,,353,21.4,2.34,28.74,,,1146,yes
usda_172176,"Cheese, brick","גבינה — Cheese, brick","Сыр — Cheese, brick",USDA_SR_Legacy,dairy,,371,23.24,2.79,29.68,,,560,yes
usda_172177,"Cheese, brie","ברי — Cheese, brie","Бри — Cheese, brie",USDA_SR_Legacy,dairy,,334,20.75,0.45,27.68,,,629,yes
usda_172178,"Cheese, camembert","קממבר — Cheese, camembert","Камамбер — Cheese, camembert",USDA_SR_Legacy,dairy,,300,19.8,0.46,24.26,,,842,yes
usda_173414,"Cheese, cheddar (Includes foods for USDA's Food Distribution Program)","צ'דר — Cheese, cheddar (Includes foods for USDA's Food Distribution Program)","Чеддер — Cheese, cheddar (Includes foods for USDA's Food Distribution Program)",USDA_SR_Legacy,dairy,,403,22.87,3.37,33.31,,,653,yes
usda_171292,"Cheese, cheddar, reduced fat (Includes foods for USDA's Food Distribution Program)","צ'דר — Cheese, cheddar, reduced fat (Includes foods for USDA's Food Distribution Program)","Чеддер — Cheese, cheddar, reduced fat (Includes foods for USDA's Food Distribution Program)",USDA_SR_Legacy,dairy,,316,27.35,2.67,20.41,,,628,yes
usda_170899,"Cheese, cheddar, sharp, sliced","צ'דר — Cheese, cheddar, sharp, sliced","Чеддер — Cheese, cheddar, sharp, sliced",USDA_SR_Legacy,dairy,,410,24.25,2.13,33.82,,,644,yes
usda_173416,"Cheese, colby","קולבי — Cheese, colby","Колби — Cheese, colby",USDA_SR_Legacy,dairy,,394,23.76,2.57,32.11,,,604,yes
usda_172179,"Cheese, cottage, creamed, large or small curd","קוטג' — Cheese, cottage, creamed, large or small curd","Творог — Cheese, cottage, creamed, large or small curd",USDA_SR_Legacy,dairy,,98,11.12,3.38,4.3,,,315,yes
usda_172180,"Cheese, cottage, creamed, with fruit","קוטג' — Cheese, cottage, creamed, with fruit","Творог — Cheese, cottage, creamed, with fruit",USDA_SR_Legacy,dairy,,97,10.69,4.61,3.85,0.2,,344,yes
usda_173417,"Cheese, cottage, lowfat, 1% milkfat","קוטג' — Cheese, cottage, lowfat, 1% milkfat","Творог — Cheese, cottage, lowfat, 1% milkfat",USDA_SR_Legacy,dairy,,72,12.39,2.72,1.02,,,406,yes
usda_172182,"Cheese, cottage, lowfat, 2% milkfat","קוטג' — Cheese, cottage, lowfat, 2% milkfat","Творог — Cheese, cottage, lowfat, 2% milkfat",USDA_SR_Legacy,dairy,,81,10.45,4.76,2.27,,,308,yes
usda_172181,"Cheese, cottage, nonfat, uncreamed, dry, large or small curd","קוטג' — Cheese, cottage, nonfat, uncreamed, dry, large or small curd","Творог — Cheese, cottage, nonfat, uncreamed, dry, large or small curd",USDA_SR_Legacy,dairy,,72,10.34,6.66,0.29,,,372,yes
usda_173418,"Cheese, cream","שמנת — Cheese, cream","Сливки — Cheese, cream",USDA_SR_Legacy,dairy,,350,6.15,5.52,34.44,,,314,yes
usda_172207,"Cheese, cream, fat free","שמנת — Cheese, cream, fat free","Сливки — Cheese, cream, fat free",USDA_SR_Legacy,dairy,,105,15.69,7.66,1,,,702,yes
usda_169079,"Cheese, cream, low fat","שמנת — Cheese, cream, low fat","Сливки — Cheese, cream, low fat",USDA_SR_Legacy,dairy,,208,7.85,6.73,16.67,,,317,yes
usda_173419,"Cheese, edam","אדם — Cheese, edam","Эдам — Cheese, edam",USDA_SR_Legacy,dairy,,357,24.99,1.43,28.57,,,973,yes
usda_173420,"Cheese, feta","גבינת פטה — Cheese, feta","Фета — Cheese, feta",USDA_SR_Legacy,dairy,,265,14.21,3.88,21.49,,,1139,yes
usda_170843,"Cheese, fontina","פונטינה — Cheese, fontina","Фонтина — Cheese, fontina",USDA_SR_Legacy,dairy,,389,25.6,1.55,31.14,,,800,yes
usda_172223,"Cheese, fresh, queso fresco","גבינה — Cheese, fresh, queso fresco","Сыр — Cheese, fresh, queso fresco",USDA_SR_Legacy,dairy,,299,18.09,2.98,23.82,,,751,yes
usda_172197,"Cheese, goat, hard type","גבינה — Cheese, goat, hard type","Сыр — Cheese, goat, hard type",USDA_SR_Legacy,dairy,,452,30.52,2.17,35.59,,,423,yes
usda_173433,"Cheese, goat, semisoft type","גבינה — Cheese, goat, semisoft type","Сыр — Cheese, goat, semisoft type",USDA_SR_Legacy,dairy,,364,21.58,0.12,29.84,,,415,yes
usda_173435,"Cheese, goat, soft type","גבינה — Cheese, goat, soft type","Сыр — Cheese, goat, soft type",USDA_SR_Legacy,dairy,,264,18.52,,21.08,,,459,yes
usda_171241,"Cheese, gouda","גאודה — Cheese, gouda","Гауда — Cheese, gouda",USDA_SR_Legacy,dairy,,356,24.94,2.22,27.44,,,819,yes
usda_171242,"Cheese, gruyere","גרוייר — Cheese, gruyere","Грюйер — Cheese, gruyere",USDA_SR_Legacy,dairy,,413,29.81,0.36,32.34,,,714,yes
usda_171243,"Cheese, limburger","גבינה — Cheese, limburger","Сыр — Cheese, limburger",USDA_SR_Legacy,dairy,,327,20.05,0.49,27.25,,,800,yes
usda_173439,"Cheese, low fat, cheddar or colby","צ'דר — Cheese, low fat, cheddar or colby","Чеддер — Cheese, low fat, cheddar or colby",USDA_SR_Legacy,dairy,,173,24.35,1.91,7,,,873,yes
usda_173440,"Cheese, low-sodium, cheddar or colby","צ'דר — Cheese, low-sodium, cheddar or colby","Чеддер — Cheese, low-sodium, cheddar or colby",USDA_SR_Legacy,dairy,,398,24.35,1.91,32.62,,,21,yes
usda_172201,"Cheese, mexican, queso anejo","גבינה — Cheese, mexican, queso anejo","Сыр — Cheese, mexican, queso anejo",USDA_SR_Legacy,dairy,,373,21.44,4.63,29.98,,,1131,yes
usda_173437,"Cheese, mexican, queso asadero","גבינה — Cheese, mexican, queso asadero","Сыр — Cheese, mexican, queso asadero",USDA_SR_Legacy,dairy,,356,22.6,4.13,25,,,607,yes
usda_173438,"Cheese, mexican, queso chihuahua","גבינה — Cheese, mexican, queso chihuahua","Сыр — Cheese, mexican, queso chihuahua",USDA_SR_Legacy,dairy,,374,21.56,5.56,29.68,,,617,yes
usda_170844,"Cheese, monterey","מונטריי — Cheese, monterey","Монтерей — Cheese, monterey",USDA_SR_Legacy,dairy,,373,24.48,0.68,30.28,,,600,yes
usda_171244,"Cheese, mozzarella, low moisture, part-skim","מוצרלה — Cheese, mozzarella, low moisture, part-skim","Моцарелла — Cheese, mozzarella, low moisture, part-skim",USDA_SR_Legacy,dairy,,295,23.75,5.58,19.78,,,666,yes
usda_170900,"Cheese, mozzarella, low moisture, part-skim, shredded","מוצרלה — Cheese, mozzarella, low moisture, part-skim, shredded","Моцарелла — Cheese, mozzarella, low moisture, part-skim, shredded",USDA_SR_Legacy,dairy,,304,23.63,8.06,19.72,,,682,yes
usda_170847,"Cheese, mozzarella, part skim milk","מוצרלה — Cheese, mozzarella, part skim milk","Моцарелла — Cheese, mozzarella, part skim milk",USDA_SR_Legacy,dairy,,254,24.26,2.77,15.92,,,619,yes
usda_170845,"Cheese, mozzarella, whole milk","מוצרלה — Cheese, mozzarella, whole milk","Моцарелла — Cheese, mozzarella, whole milk",USDA_SR_Legacy,dairy,,299,22.17,2.4,22.14,,,486,yes
usda_170846,"Cheese, mozzarella, whole milk, low moisture","מוצרלה — Cheese, mozzarella, whole milk, low moisture","Моцарелла — Cheese, mozzarella, whole milk, low moisture",USDA_SR_Legacy,dairy,,318,21.6,2.47,24.64,,,710,yes
usda_171245,"Cheese, muenster","מונסטר — Cheese, muenster","Мюнстер — Cheese, muenster",USDA_SR_Legacy,dairy,,368,23.41,1.12,30.04,,,628,yes
usda_173452,"Cheese, parmesan, dry grated, reduced fat","פרמזן — Cheese, parmesan, dry grated, reduced fat","Пармезан — Cheese, parmesan, dry grated, reduced fat",USDA_SR_Legacy,dairy,,265,20,1.37,20,,,1529,yes
usda_171247,"Cheese, parmesan, grated","פרמזן — Cheese, parmesan, grated","Пармезан — Cheese, parmesan, grated",USDA_SR_Legacy,dairy,,420,28.42,13.91,27.84,,,1804,yes
usda_170848,"Cheese, parmesan, hard","פרמזן — Cheese, parmesan, hard","Пармезан — Cheese, parmesan, hard",USDA_SR_Legacy,dairy,,392,35.75,3.22,25,,,1175,yes
usda_173431,"Cheese, parmesan, shredded","פרמזן — Cheese, parmesan, shredded","Пармезан — Cheese, parmesan, shredded",USDA_SR_Legacy,dairy,,415,37.86,3.41,27.34,,,1696,yes
usda_170853,"Cheese, pasteurized process, American, fortified with vitamin D","מועשר — Cheese, pasteurized process, American, fortified with vitamin D","Обогащённый — Cheese, pasteurized process, American, fortified with vitamin D",USDA_SR_Legacy,dairy,,366,18.13,4.78,30.71,,,1671,yes
usda_171290,"Cheese, pasteurized process, American, without added vitamin D","גבינה — Cheese, pasteurized process, American, without added vitamin D","Сыр — Cheese, pasteurized process, American, without added vitamin D",USDA_SR_Legacy,dairy,,371,18.13,3.7,31.79,,,1671,yes
usda_170854,"Cheese, pasteurized process, pimento","גבינה — Cheese, pasteurized process, pimento","Сыр — Cheese, pasteurized process, pimento",USDA_SR_Legacy,dairy,,375,22.13,1.73,31.2,0.1,,915,yes
usda_170855,"Cheese, pasteurized process, swiss","גבינה — Cheese, pasteurized process, swiss","Сыр — Cheese, pasteurized process, swiss",USDA_SR_Legacy,dairy,,334,24.73,2.1,25.01,,,1370,yes
usda_170849,"Cheese, port de salut","גבינה — Cheese, port de salut","Сыр — Cheese, port de salut",USDA_SR_Legacy,dairy,,352,23.78,0.57,28.2,,,534,yes
usda_170850,"Cheese, provolone","פרובולונה — Cheese, provolone","Проволоне — Cheese, provolone",USDA_SR_Legacy,dairy,,351,25.58,2.14,26.62,,,727,yes
usda_172215,"Cheese, provolone, reduced fat","פרובולונה — Cheese, provolone, reduced fat","Проволоне — Cheese, provolone, reduced fat",USDA_SR_Legacy,dairy,,274,24.7,3.5,17.6,,,615,yes
usda_171248,"Cheese, ricotta, part skim milk","חלב רזה — Cheese, ricotta, part skim milk","Обезжиренное молоко — Cheese, ricotta, part skim milk",USDA_SR_Legacy,dairy,,138,11.39,5.14,7.91,,,99,yes
usda_170851,"Cheese, ricotta, whole milk","חלב מלא — Cheese, ricotta, whole milk","Цельное молоко — Cheese, ricotta, whole milk",USDA_SR_Legacy,dairy,,150,7.54,7.27,10.18,,,110,yes
usda_171249,"Cheese, romano","גבינה — Cheese, romano","Сыр — Cheese, romano",USDA_SR_Legacy,dairy,,387,31.8,3.63,26.94,,,1433,yes
usda_171251,"Cheese, swiss","גבינה — Cheese, swiss","Сыр — Cheese, swiss",USDA_SR_Legacy,dairy,,393,26.96,1.44,30.99,,,187,yes
usda_173453,"Cream substitute, flavored, liquid","שמנת — Cream substitute, flavored, liquid","Сливки — Cream substitute, flavored, liquid",USDA_SR_Legacy,dairy,,251,0.69,35.07,13.5,1.1,,67,yes
usda_172214,"Cream substitute, flavored, powdered","שמנת — Cream substitute, flavored, powdered","Сливки — Cream substitute, flavored, powdered",USDA_SR_Legacy,dairy,,482,0.68,75.42,21.47,1.2,,123,yes
usda_171261,"Cream substitute, liquid, with hydrogenated vegetable oil and soy protein","שמן צמחי — Cream substitute, liquid, with hydrogenated vegetable oil and soy protein","Растительное масло — Cream substitute, liquid, with hydrogenated vegetable oil and soy protein",USDA_SR_Legacy,dairy,,136,1,11.38,9.97,,,67,yes
usda_171263,"Cream substitute, powdered","שמנת — Cream substitute, powdered","Сливки — Cream substitute, powdered",USDA_SR_Legacy,dairy,,529,2.48,59.29,32.92,,,124,yes
usda_171255,"Cream, fluid, half and half","שמנת — Cream, fluid, half and half","Сливки — Cream, fluid, half and half",USDA_SR_Legacy,dairy,,131,3.13,4.3,11.5,,,61,yes
usda_171001,"Babyfood, Baby MUM MUM Rice Biscuits","מזון לתינוקות — Babyfood, Baby MUM MUM Rice Biscuits","Детское питание — Babyfood, Baby MUM MUM Rice Biscuits",USDA_SR_Legacy,baby,,391,12.5,83.21,0.87,,,313,yes
usda_171000,"Babyfood, Multigrain whole grain cereal, dry fortified","מזון לתינוקות — Babyfood, Multigrain whole grain cereal, dry fortified","Детское питание — Babyfood, Multigrain whole grain cereal, dry fortified",USDA_SR_Legacy,baby,,407,6.67,80.06,6.67,6.7,,33,yes
usda_171351,"Babyfood, apple-banana juice","מזון לתינוקות — Babyfood, apple-banana juice","Детское питание — Babyfood, apple-banana juice",USDA_SR_Legacy,baby,,51,0.2,12.3,0.1,0.2,,4,yes
usda_173517,"Babyfood, apples with ham, strained","מזון לתינוקות — Babyfood, apples with ham, strained","Детское питание — Babyfood, apples with ham, strained",USDA_SR_Legacy,baby,,62,2.6,10.9,0.9,1.8,,9,yes
usda_173511,"Babyfood, apples, dices, toddler","מזון לתינוקות — Babyfood, apples, dices, toddler","Детское питание — Babyfood, apples, dices, toddler",USDA_SR_Legacy,baby,,50,0.19,11.56,0.36,1.9,,2,yes
usda_170999,"Babyfood, banana with mixed berries, strained","מזון לתינוקות — Babyfood, banana with mixed berries, strained","Детское питание — Babyfood, banana with mixed berries, strained",USDA_SR_Legacy,baby,,92,1.01,21.31,0.36,1,,,yes
usda_172296,"Babyfood, cereal, barley, prepared with whole milk","חלב מלא — Babyfood, cereal, barley, prepared with whole milk","Цельное молоко — Babyfood, cereal, barley, prepared with whole milk",USDA_SR_Legacy,baby,,84,3.73,9.94,3.26,0.6,,43,yes
usda_173529,"Babyfood, cereal, mixed, prepared with whole milk","חלב מלא — Babyfood, cereal, mixed, prepared with whole milk","Цельное молоко — Babyfood, cereal, mixed, prepared with whole milk",USDA_SR_Legacy,baby,,96,4.14,12.3,3.38,0.8,,42,yes
usda_173530,"Babyfood, cereal, mixed, with bananas, prepared with whole milk","חלב מלא — Babyfood, cereal, mixed, with bananas, prepared with whole milk","Цельное молоко — Babyfood, cereal, mixed, with bananas, prepared with whole milk",USDA_SR_Legacy,baby,,86,3.82,10,3.46,0.4,,48,yes
usda_171360,"Babyfood, cereal, oatmeal, dry fortified","מזון לתינוקות — Babyfood, cereal, oatmeal, dry fortified","Детское питание — Babyfood, cereal, oatmeal, dry fortified",USDA_SR_Legacy,baby,,394,10.99,73.48,6.36,7.3,,21,yes
usda_172297,"Babyfood, cereal, oatmeal, with bananas, prepared with whole milk","חלב מלא — Babyfood, cereal, oatmeal, with bananas, prepared with whole milk","Цельное молоко — Babyfood, cereal, oatmeal, with bananas, prepared with whole milk",USDA_SR_Legacy,baby,,86,3.82,10,3.46,0.4,,48,yes
usda_170969,"Babyfood, cereal, rice, dry fortified","מזון לתינוקות — Babyfood, cereal, rice, dry fortified","Детское питание — Babyfood, cereal, rice, dry fortified",USDA_SR_Legacy,baby,,390,6.65,83.14,2.19,1.3,,32,yes
usda_172299,"Babyfood, cereal, rice, prepared with whole milk","חלב מלא — Babyfood, cereal, rice, prepared with whole milk","Цельное молоко — Babyfood, cereal, rice, prepared with whole milk",USDA_SR_Legacy,baby,,85,3.45,10.31,3.38,,,42,yes
usda_173534,"Babyfood, cereal, rice, with bananas, prepared with whole milk","חלב מלא — Babyfood, cereal, rice, with bananas, prepared with whole milk","Цельное молоко — Babyfood, cereal, rice, with bananas, prepared with whole milk",USDA_SR_Legacy,baby,,86,3.57,10.49,3.32,0.1,,47,yes
usda_171359,"Babyfood, cereal, whole wheat, with apples, dry fortified","מזון לתינוקות — Babyfood, cereal, whole wheat, with apples, dry fortified","Детское питание — Babyfood, cereal, whole wheat, with apples, dry fortified",USDA_SR_Legacy,baby,,402,6.6,83.2,4.8,6.7,,66,yes
usda_170978,"Babyfood, cherry cobbler, junior","מזון לתינוקות — Babyfood, cherry cobbler, junior","Детское питание — Babyfood, cherry cobbler, junior",USDA_SR_Legacy,baby,,78,0.3,19.2,0.1,0.2,,,yes
usda_171368,"Babyfood, cookie, baby, fruit","מזון לתינוקות — Babyfood, cookie, baby, fruit","Детское питание — Babyfood, cookie, baby, fruit",USDA_SR_Legacy,baby,,435,6.8,73.7,12.6,3.4,,9,yes
usda_170975,"Babyfood, cookies","מזון לתינוקות — Babyfood, cookies","Детское питание — Babyfood, cookies",USDA_SR_Legacy,baby,,433,11.8,67.1,13.2,0.2,,300,yes
usda_172317,"Babyfood, corn and sweet potatoes, strained","תפוח אדמה — Babyfood, corn and sweet potatoes, strained","Картофель — Babyfood, corn and sweet potatoes, strained",USDA_SR_Legacy,baby,,68,1.26,15.23,0.28,1.8,,14,yes
usda_170972,"Babyfood, crackers, vegetable","מזון לתינוקות — Babyfood, crackers, vegetable","Детское питание — Babyfood, crackers, vegetable",USDA_SR_Legacy,baby,,477,8.4,66.85,19.6,4,,633,yes
usda_170682,"Amaranth grain, uncooked","אמרנט — Amaranth grain, uncooked","Амарант — Amaranth grain, uncooked",USDA_SR_Legacy,grains,,371,13.56,65.25,7.02,6.7,,4,yes
usda_169739,Barley flour or meal,שעורה — Barley flour or meal,Ячмень — Barley flour or meal,USDA_SR_Legacy,grains,,345,10.5,74.52,1.6,10.1,,4,yes
usda_170285,"Barley, pearled, cooked","שעורה — Barley, pearled, cooked","Ячмень — Barley, pearled, cooked",USDA_SR_Legacy,grains,,123,2.26,28.22,0.44,3.8,,3,yes
usda_170284,"Barley, pearled, raw","שעורה — Barley, pearled, raw","Ячмень — Barley, pearled, raw",USDA_SR_Legacy,grains,,352,9.91,77.72,1.16,15.6,,9,yes
usda_170687,"Buckwheat flour, whole-groat","כוסמת — Buckwheat flour, whole-groat","Гречка — Buckwheat flour, whole-groat",USDA_SR_Legacy,grains,,335,12.62,70.59,3.1,10,,11,yes
usda_170686,"Buckwheat groats, roasted, cooked","כוסמת — Buckwheat groats, roasted, cooked","Гречка — Buckwheat groats, roasted, cooked",USDA_SR_Legacy,grains,,92,3.38,19.94,0.62,2.7,,4,yes
usda_170287,"Bulgur, cooked","מבושל — Bulgur, cooked","Варёный — Bulgur, cooked",USDA_SR_Legacy,grains,,83,3.08,18.58,0.24,4.5,,5,yes
usda_170688,"Bulgur, dry","יבש — Bulgur, dry","Сухой — Bulgur, dry",USDA_SR_Legacy,grains,,342,12.29,75.87,1.33,12.5,,17,yes
usda_172981,"Cereals ready-to-eat, HEALTH VALLEY, FIBER 7 Flakes","דגני בוקר — Cereals ready-to-eat, HEALTH VALLEY, FIBER 7 Flakes","Хлопья — Cereals ready-to-eat, HEALTH VALLEY, FIBER 7 Flakes",USDA_SR_Legacy,grains,,353,14.44,78.15,1.41,14.1,,200,yes
usda_173001,"Cereals ready-to-eat, MALT-O-MEAL, Fruity DYNO-BITES","דגני בוקר — Cereals ready-to-eat, MALT-O-MEAL, Fruity DYNO-BITES","Хлопья — Cereals ready-to-eat, MALT-O-MEAL, Fruity DYNO-BITES",USDA_SR_Legacy,grains,,404,3.9,90.1,3.15,1,,630,yes
usda_174643,"Cereals ready-to-eat, MALT-O-MEAL, GOLDEN PUFFS","דגני בוקר — Cereals ready-to-eat, MALT-O-MEAL, GOLDEN PUFFS","Хлопья — Cereals ready-to-eat, MALT-O-MEAL, GOLDEN PUFFS",USDA_SR_Legacy,grains,,370,5.77,89.72,0.89,2.6,,204,yes
usda_173017,"Cereals ready-to-eat, NATURE'S PATH, Organic FLAX PLUS flakes","אורגני — Cereals ready-to-eat, NATURE'S PATH, Organic FLAX PLUS flakes","Органический — Cereals ready-to-eat, NATURE'S PATH, Organic FLAX PLUS flakes",USDA_SR_Legacy,grains,,350,11.91,75.27,5.46,16.6,,458,yes
usda_174654,"Cereals ready-to-eat, NATURE'S PATH, Organic FLAX PLUS, Pumpkin Granola","דלעת — Cereals ready-to-eat, NATURE'S PATH, Organic FLAX PLUS, Pumpkin Granola","Тыква — Cereals ready-to-eat, NATURE'S PATH, Organic FLAX PLUS, Pumpkin Granola",USDA_SR_Legacy,vegetable,,467,11.23,66.1,18.33,8.4,,74,yes
usda_167725,"Cereals ready-to-eat, OAT BRAN FLAKES, HEALTH VALLEY","דגני בוקר — Cereals ready-to-eat, OAT BRAN FLAKES, HEALTH VALLEY","Хлопья — Cereals ready-to-eat, OAT BRAN FLAKES, HEALTH VALLEY",USDA_SR_Legacy,grains,,380,10,78,3,8,,380,yes
usda_171647,"Cereals ready-to-eat, POST, GRAPE-NUTS Cereal","דגנים — Cereals ready-to-eat, POST, GRAPE-NUTS Cereal","Хлопья — Cereals ready-to-eat, POST, GRAPE-NUTS Cereal",USDA_SR_Legacy,fruit,,361,11.22,80.49,1.81,13,,465,yes
usda_173918,"Cereals ready-to-eat, POST, Shredded Wheat, lightly frosted, spoon-size","מגורר — Cereals ready-to-eat, POST, Shredded Wheat, lightly frosted, spoon-size","Тёртый — Cereals ready-to-eat, POST, Shredded Wheat, lightly frosted, spoon-size",USDA_SR_Legacy,grains,,352,7.8,83.8,1.9,9.6,,19,yes
usda_173910,"Cereals ready-to-eat, POST, Shredded Wheat, original big biscuit","ביסקוויט — Cereals ready-to-eat, POST, Shredded Wheat, original big biscuit","Бисквит — Cereals ready-to-eat, POST, Shredded Wheat, original big biscuit",USDA_SR_Legacy,bakery,,337,11.37,78.96,2.01,12.4,,2,yes
usda_173887,"Cereals ready-to-eat, RALSTON CRISP RICE","אורז — Cereals ready-to-eat, RALSTON CRISP RICE","Рис — Cereals ready-to-eat, RALSTON CRISP RICE",USDA_SR_Legacy,grains,,383,6.69,86.22,1.26,0.7,,545,yes
usda_173893,"Cereals ready-to-eat, RALSTON TASTEEOS","דגני בוקר — Cereals ready-to-eat, RALSTON TASTEEOS","Хлопья — Cereals ready-to-eat, RALSTON TASTEEOS",USDA_SR_Legacy,grains,,395,10.71,75.96,5.36,10.7,,571,yes
usda_171653,"Cereals ready-to-eat, SUN COUNTRY, KRETSCHMER Honey Crunch Wheat Germ","דבש — Cereals ready-to-eat, SUN COUNTRY, KRETSCHMER Honey Crunch Wheat Germ","Мёд — Cereals ready-to-eat, SUN COUNTRY, KRETSCHMER Honey Crunch Wheat Germ",USDA_SR_Legacy,sweets,,372,26.55,58.11,7.78,10.2,,11,yes
usda_174639,"Cereals ready-to-eat, UNCLE SAM CEREAL","דגנים — Cereals ready-to-eat, UNCLE SAM CEREAL","Хлопья — Cereals ready-to-eat, UNCLE SAM CEREAL",USDA_SR_Legacy,grains,,346,15.98,65.78,11.6,20.3,,206,yes
usda_172973,"Cereals ready-to-eat, chocolate-flavored frosted puffed corn","תירס — Cereals ready-to-eat, chocolate-flavored frosted puffed corn","Кукуруза — Cereals ready-to-eat, chocolate-flavored frosted puffed corn",USDA_SR_Legacy,vegetable,,405,3.34,87.2,3.5,3.8,,534,yes
usda_171646,"Cereals ready-to-eat, granola, homemade","גרנולה — Cereals ready-to-eat, granola, homemade","Гранола — Cereals ready-to-eat, granola, homemade",USDA_SR_Legacy,grains,,489,13.67,53.88,24.31,8.9,,26,yes
usda_169077,"Cereals ready-to-eat, wheat and bran, presweetened with nuts and fruits","מתוק — Cereals ready-to-eat, wheat and bran, presweetened with nuts and fruits","Подслащённый — Cereals ready-to-eat, wheat and bran, presweetened with nuts and fruits",USDA_SR_Legacy,grains,,385,7.1,76.2,5.6,9.7,,245,yes
usda_173896,"Cereals ready-to-eat, wheat germ, toasted, plain","קלוי — Cereals ready-to-eat, wheat germ, toasted, plain","Поджаренный — Cereals ready-to-eat, wheat germ, toasted, plain",USDA_SR_Legacy,grains,,382,29.1,49.6,10.7,15.1,,4,yes
usda_173900,"Cereals, CREAM OF RICE, dry","שמנת — Cereals, CREAM OF RICE, dry","Сливки — Cereals, CREAM OF RICE, dry",USDA_SR_Legacy,dairy,,370,6.3,82.4,0.5,0.7,,6,yes
usda_171671,"Cereals, corn grits, white, regular and quick, enriched, cooked with water, with salt","מים — Cereals, corn grits, white, regular and quick, enriched, cooked with water, with salt","Вода — Cereals, corn grits, white, regular and quick, enriched, cooked with water, with salt",USDA_SR_Legacy,drinks,,71,1.71,14.76,0.46,0.8,,223,yes
usda_171655,"Cereals, corn grits, white, regular and quick, enriched, cooked with water, without salt","מים — Cereals, corn grits, white, regular and quick, enriched, cooked with water, without salt","Вода — Cereals, corn grits, white, regular and quick, enriched, cooked with water, without salt",USDA_SR_Legacy,drinks,,71,1.71,14.76,0.46,0.8,,2,yes
usda_171654,"Cereals, corn grits, white, regular and quick, enriched, dry","תירס — Cereals, corn grits, white, regular and quick, enriched, dry","Кукуруза — Cereals, corn grits, white, regular and quick, enriched, dry",USDA_SR_Legacy,vegetable,,370,7.65,79.09,1.75,4.6,,1,yes
usda_171673,"Cereals, corn grits, yellow, regular, quick, enriched, cooked with water, with salt","מים — Cereals, corn grits, yellow, regular, quick, enriched, cooked with water, with salt","Вода — Cereals, corn grits, yellow, regular, quick, enriched, cooked with water, with salt",USDA_SR_Legacy,drinks,,65,1.23,13.86,0.39,0.7,,223,yes
usda_171658,"Cereals, farina, enriched, assorted brands including CREAM OF WHEAT, quick (1-3 minutes), dry","שמנת — Cereals, farina, enriched, assorted brands including CREAM OF WHEAT, quick (1-3 minutes), dry","Сливки — Cereals, farina, enriched, assorted brands including CREAM OF WHEAT, quick (1-3 minutes), dry",USDA_SR_Legacy,dairy,,360,11.6,73.19,1.41,4.2,,124,yes
usda_173920,"Cereals, oats, instant, fortified, maple and brown sugar, dry","סוכר — Cereals, oats, instant, fortified, maple and brown sugar, dry","Сахар — Cereals, oats, instant, fortified, maple and brown sugar, dry",USDA_SR_Legacy,grains,,386,9.25,76.67,4.73,7.2,,505,yes
usda_171661,"Cereals, oats, instant, fortified, plain, dry","שיבולת שועל — Cereals, oats, instant, fortified, plain, dry","Овёс — Cereals, oats, instant, fortified, plain, dry",USDA_SR_Legacy,grains,,362,11.92,69.52,6.9,10,,220,yes
usda_171662,"Cereals, oats, instant, fortified, plain, prepared with water (boiling water added or microwaved)","מים — Cereals, oats, instant, fortified, plain, prepared with water (boiling water added or microwaved)","Вода — Cereals, oats, instant, fortified, plain, prepared with water (boiling water added or microwaved)",USDA_SR_Legacy,drinks,,68,2.37,11.67,1.36,1.7,,49,yes
usda_171664,"Cereals, oats, instant, fortified, with cinnamon and spice, dry","שיבולת שועל — Cereals, oats, instant, fortified, with cinnamon and spice, dry","Овёс — Cereals, oats, instant, fortified, with cinnamon and spice, dry",USDA_SR_Legacy,sauces,,369,9.53,76.08,4.84,8,,434,yes
usda_173906,"Cereals, oats, instant, fortified, with cinnamon and spice, prepared with water","מים — Cereals, oats, instant, fortified, with cinnamon and spice, prepared with water","Вода — Cereals, oats, instant, fortified, with cinnamon and spice, prepared with water",USDA_SR_Legacy,drinks,,96,2.37,18.95,1.21,2,,111,yes
usda_173908,"Cereals, oats, instant, fortified, with raisins and spice, prepared with water","מים — Cereals, oats, instant, fortified, with raisins and spice, prepared with water","Вода — Cereals, oats, instant, fortified, with raisins and spice, prepared with water",USDA_SR_Legacy,drinks,,88,1.98,17.91,0.95,1.3,,111,yes
usda_173904,"Cereals, oats, regular and quick, not fortified, dry","שיבולת שועל — Cereals, oats, regular and quick, not fortified, dry","Овёс — Cereals, oats, regular and quick, not fortified, dry",USDA_SR_Legacy,grains,,379,13.15,67.7,6.52,10.1,,6,yes
usda_173905,"Cereals, oats, regular and quick, unenriched, cooked with water (includes boiling and microwaving), without salt","מים — Cereals, oats, regular and quick, unenriched, cooked with water (includes boiling and microwaving), without salt","Вода — Cereals, oats, regular and quick, unenriched, cooked with water (includes boiling and microwaving), without salt",USDA_SR_Legacy,drinks,,71,2.54,12,1.52,1.7,,4,yes
usda_171667,"Cereals, whole wheat hot natural cereal, dry","דגנים — Cereals, whole wheat hot natural cereal, dry","Хлопья — Cereals, whole wheat hot natural cereal, dry",USDA_SR_Legacy,grains,,342,11.2,75.2,2,9.5,,2,yes
usda_170289,"Corn bran, crude","תירס — Corn bran, crude","Кукуруза — Corn bran, crude",USDA_SR_Legacy,vegetable,,224,8.36,85.64,0.92,79,,7,yes
usda_169694,"Corn flour, masa, enriched, white","קמח — Corn flour, masa, enriched, white","Мука — Corn flour, masa, enriched, white",USDA_SR_Legacy,vegetable,,363,8.46,76.59,3.69,6.4,,5,yes
usda_169696,"Corn flour, masa, unenriched, white","קמח — Corn flour, masa, unenriched, white","Мука — Corn flour, masa, unenriched, white",USDA_SR_Legacy,vegetable,,363,8.46,76.59,3.69,6.4,,5,yes
usda_169748,"Corn flour, whole-grain, white","קמח — Corn flour, whole-grain, white","Мука — Corn flour, whole-grain, white",USDA_SR_Legacy,vegetable,,361,6.93,76.85,3.86,7.3,,5,yes
usda_170290,"Corn flour, whole-grain, yellow","קמח — Corn flour, whole-grain, yellow","Мука — Corn flour, whole-grain, yellow",USDA_SR_Legacy,vegetable,,361,6.93,76.85,3.86,7.3,,5,yes
usda_168922,"Cornmeal, degermed, enriched, white","קמח תירס — Cornmeal, degermed, enriched, white","Кукурузная мука — Cornmeal, degermed, enriched, white",USDA_SR_Legacy,grains,,370,7.11,79.45,1.75,3.9,,7,yes
usda_168867,"Cornmeal, degermed, enriched, yellow","קמח תירס — Cornmeal, degermed, enriched, yellow","Кукурузная мука — Cornmeal, degermed, enriched, yellow",USDA_SR_Legacy,grains,,370,7.11,79.45,1.75,3.9,,7,yes
usda_172015,"Cornmeal, degermed, unenriched, white","קמח תירס — Cornmeal, degermed, unenriched, white","Кукурузная мука — Cornmeal, degermed, unenriched, white",USDA_SR_Legacy,grains,,370,7.11,79.45,1.75,3.9,,7,yes
usda_168929,"Cornmeal, degermed, unenriched, yellow","קמח תירס — Cornmeal, degermed, unenriched, yellow","Кукурузная мука — Cornmeal, degermed, unenriched, yellow",USDA_SR_Legacy,grains,,370,7.11,79.45,1.75,3.9,,7,yes
usda_169750,"Cornmeal, whole-grain, white","קמח תירס — Cornmeal, whole-grain, white","Кукурузная мука — Cornmeal, whole-grain, white",USDA_SR_Legacy,grains,,362,8.12,76.89,3.59,7.3,,35,yes
usda_169697,"Cornmeal, whole-grain, yellow","קמח תירס — Cornmeal, whole-grain, yellow","Кукурузная мука — Cornmeal, whole-grain, yellow",USDA_SR_Legacy,grains,,362,8.12,76.89,3.59,7.3,,35,yes
usda_169698,Cornstarch,קורנפלור — Cornstarch,Кукурузный крахмал — Cornstarch,USDA_SR_Legacy,grains,,381,0.26,91.27,0.05,0.9,,9,yes
usda_169700,"Couscous, cooked","קוסקוס — Couscous, cooked","Кускус — Couscous, cooked",USDA_SR_Legacy,grains,,112,3.79,23.22,0.16,1.4,,5,yes
usda_169701,"Hominy, canned, white","משימורים — Hominy, canned, white","Консервированный — Hominy, canned, white",USDA_SR_Legacy,vegetable,,72,1.48,14.26,0.88,2.5,,267,yes
usda_168904,"Macaroni, vegetable, enriched, cooked","מקרוני — Macaroni, vegetable, enriched, cooked","Макароны — Macaroni, vegetable, enriched, cooked",USDA_SR_Legacy,grains,,128,4.53,26.61,0.11,4.3,,6,yes
usda_168871,"Millet, cooked","דוחן — Millet, cooked","Просо — Millet, cooked",USDA_SR_Legacy,grains,,119,3.51,23.67,1,1.3,,2,yes
usda_169731,"Noodles, egg, dry, enriched","אטריות — Noodles, egg, dry, enriched","Лапша — Noodles, egg, dry, enriched",USDA_SR_Legacy,grains,,384,14.16,71.27,4.44,3.3,,21,yes
usda_169755,"Noodles, egg, dry, unenriched","אטריות — Noodles, egg, dry, unenriched","Лапша — Noodles, egg, dry, unenriched",USDA_SR_Legacy,grains,,384,14.16,71.27,4.44,3.3,,21,yes
usda_169732,"Noodles, egg, enriched, cooked","אטריות — Noodles, egg, enriched, cooked","Лапша — Noodles, egg, enriched, cooked",USDA_SR_Legacy,grains,,138,4.54,25.16,2.07,1.2,,5,yes
usda_169734,"Noodles, egg, spinach, enriched, cooked","תרד — Noodles, egg, spinach, enriched, cooked","Шпинат — Noodles, egg, spinach, enriched, cooked",USDA_SR_Legacy,greens,,132,5.04,24.25,1.57,2.3,,12,yes
usda_168926,"Noodles, egg, unenriched, cooked, without added salt","אטריות — Noodles, egg, unenriched, cooked, without added salt","Лапша — Noodles, egg, unenriched, cooked, without added salt",USDA_SR_Legacy,grains,,138,4.54,25.16,2.07,1.2,,5,yes
usda_168872,"Oat bran, raw","טרי — Oat bran, raw","Сырой — Oat bran, raw",USDA_SR_Legacy,grains,,246,17.3,66.22,7.03,15.4,,4,yes
usda_169741,"Oat flour, partially debranned","קמח — Oat flour, partially debranned","Мука — Oat flour, partially debranned",USDA_SR_Legacy,grains,,404,14.66,65.7,9.12,6.5,,19,yes
usda_169737,"Pasta, cooked, enriched, without added salt","פסטה — Pasta, cooked, enriched, without added salt","Паста — Pasta, cooked, enriched, without added salt",USDA_SR_Legacy,grains,,158,5.8,30.86,0.93,1.8,,1,yes
usda_168928,"Pasta, cooked, unenriched, without added salt","פסטה — Pasta, cooked, unenriched, without added salt","Паста — Pasta, cooked, unenriched, without added salt",USDA_SR_Legacy,grains,,158,5.8,30.86,0.93,1.8,,1,yes
usda_169736,"Pasta, dry, enriched","פסטה — Pasta, dry, enriched","Паста — Pasta, dry, enriched",USDA_SR_Legacy,grains,,371,13.04,74.67,1.51,3.2,,6,yes
usda_172026,"Pasta, gluten-free, brown rice flour, cooked, TINKYADA","אורז חום — Pasta, gluten-free, brown rice flour, cooked, TINKYADA","Бурый рис — Pasta, gluten-free, brown rice flour, cooked, TINKYADA",USDA_SR_Legacy,grains,,138,3.46,32.2,1.67,1.7,,4,yes
usda_173265,"Pasta, gluten-free, corn and rice flour, cooked","פסטה — Pasta, gluten-free, corn and rice flour, cooked","Паста — Pasta, gluten-free, corn and rice flour, cooked",USDA_SR_Legacy,vegetable,,179,3.2,38.05,1,1.4,,4,yes
usda_172027,"Pasta, gluten-free, corn flour and quinoa flour, cooked, ANCIENT HARVEST","קינואה — Pasta, gluten-free, corn flour and quinoa flour, cooked, ANCIENT HARVEST","Киноа — Pasta, gluten-free, corn flour and quinoa flour, cooked, ANCIENT HARVEST",USDA_SR_Legacy,vegetable,,152,3.23,31.11,2.07,3.3,,4,yes
usda_168910,"Pasta, whole-wheat, cooked (Includes foods for USDA's Food Distribution Program)","פסטה — Pasta, whole-wheat, cooked (Includes foods for USDA's Food Distribution Program)","Паста — Pasta, whole-wheat, cooked (Includes foods for USDA's Food Distribution Program)",USDA_SR_Legacy,grains,,149,5.99,30.07,1.71,3.9,,4,yes
usda_169713,"Rice bran, crude","אורז — Rice bran, crude","Рис — Rice bran, crude",USDA_SR_Legacy,grains,,316,13.35,49.69,20.85,21,,5,yes
usda_169714,"Rice flour, white, unenriched","קמח — Rice flour, white, unenriched","Мука — Rice flour, white, unenriched",USDA_SR_Legacy,grains,,366,5.95,80.13,1.42,2.4,,,yes
usda_168914,"Rice noodles, cooked","אטריות — Rice noodles, cooked","Лапша — Rice noodles, cooked",USDA_SR_Legacy,grains,,108,1.79,24.01,0.2,1,,19,yes
usda_169742,"Rice noodles, dry","אטריות — Rice noodles, dry","Лапша — Rice noodles, dry",USDA_SR_Legacy,grains,,364,5.95,80.18,0.56,1.6,,182,yes
usda_169704,"Rice, brown, long-grain, cooked (Includes foods for USDA's Food Distribution Program)","אורז — Rice, brown, long-grain, cooked (Includes foods for USDA's Food Distribution Program)","Рис — Rice, brown, long-grain, cooked (Includes foods for USDA's Food Distribution Program)",USDA_SR_Legacy,grains,,123,2.74,25.58,0.97,1.6,,4,yes
usda_169703,"Rice, brown, long-grain, raw (Includes foods for USDA's Food Distribution Program)","אורז — Rice, brown, long-grain, raw (Includes foods for USDA's Food Distribution Program)","Рис — Rice, brown, long-grain, raw (Includes foods for USDA's Food Distribution Program)",USDA_SR_Legacy,grains,,367,7.54,76.25,3.2,3.6,,5,yes
usda_168876,"Rice, brown, parboiled, dry, UNCLE BEN'S","אורז — Rice, brown, parboiled, dry, UNCLE BEN'S","Рис — Rice, brown, parboiled, dry, UNCLE BEN'S",USDA_SR_Legacy,grains,,370,7.6,78.68,2.75,3.5,,6,yes
usda_169711,"Rice, white, glutinous, unenriched, cooked","אורז — Rice, white, glutinous, unenriched, cooked","Рис — Rice, white, glutinous, unenriched, cooked",USDA_SR_Legacy,grains,,97,2.02,21.09,0.19,1,,5,yes
usda_169708,"Rice, white, long-grain, parboiled, enriched, cooked","אורז — Rice, white, long-grain, parboiled, enriched, cooked","Рис — Rice, white, long-grain, parboiled, enriched, cooked",USDA_SR_Legacy,grains,,123,2.91,26.05,0.37,0.9,,2,yes
usda_169707,"Rice, white, long-grain, parboiled, enriched, dry","אורז — Rice, white, long-grain, parboiled, enriched, dry","Рис — Rice, white, long-grain, parboiled, enriched, dry",USDA_SR_Legacy,grains,,374,7.51,80.89,1.03,1.8,,2,yes
usda_172439,"Bacon, meatless","בייקון — Bacon, meatless","Бекон — Bacon, meatless",USDA_SR_Legacy,vegan,,309,11.69,5.31,29.52,2.6,,1465,yes
usda_175182,"Beans, baked, canned, plain or vegetarian","משימורים — Beans, baked, canned, plain or vegetarian","Консервированный — Beans, baked, canned, plain or vegetarian",USDA_SR_Legacy,legumes,,94,4.75,21.14,0.37,4.1,,343,yes
usda_175184,"Beans, baked, canned, with franks","משימורים — Beans, baked, canned, with franks","Консервированный — Beans, baked, canned, with franks",USDA_SR_Legacy,legumes,,142,6.75,15.39,6.57,6.9,,430,yes
usda_173732,"Beans, baked, canned, with pork and sweet sauce","חזיר — Beans, baked, canned, with pork and sweet sauce","Свинина — Beans, baked, canned, with pork and sweet sauce",USDA_SR_Legacy,meat,,105,4.52,21.57,0.89,4.4,,391,yes
usda_173733,"Beans, baked, canned, with pork and tomato sauce","חזיר — Beans, baked, canned, with pork and tomato sauce","Свинина — Beans, baked, canned, with pork and tomato sauce",USDA_SR_Legacy,vegetable,,94,5.15,18.69,0.93,4,,437,yes
usda_175188,"Beans, black turtle, mature seeds, canned","שעועית שחורה — Beans, black turtle, mature seeds, canned","Чёрная фасоль — Beans, black turtle, mature seeds, canned",USDA_SR_Legacy,legumes,,91,6.03,16.55,0.29,6.9,,384,yes
usda_175239,"Beans, black turtle, mature seeds, cooked, boiled, with salt","שעועית שחורה — Beans, black turtle, mature seeds, cooked, boiled, with salt","Чёрная фасоль — Beans, black turtle, mature seeds, cooked, boiled, with salt",USDA_SR_Legacy,legumes,,130,8.18,24.35,0.35,8.3,,239,yes
usda_175187,"Beans, black turtle, mature seeds, cooked, boiled, without salt","שעועית שחורה — Beans, black turtle, mature seeds, cooked, boiled, without salt","Чёрная фасоль — Beans, black turtle, mature seeds, cooked, boiled, without salt",USDA_SR_Legacy,legumes,,130,8.18,24.35,0.35,8.3,,3,yes
usda_175238,"Beans, black, mature seeds, canned, low sodium","משימורים — Beans, black, mature seeds, canned, low sodium","Низкого натрия — Beans, black, mature seeds, canned, low sodium",USDA_SR_Legacy,legumes,,91,6.03,16.55,0.29,6.9,,138,yes
usda_175237,"Beans, black, mature seeds, cooked, boiled, with salt","מלח — Beans, black, mature seeds, cooked, boiled, with salt","Соль — Beans, black, mature seeds, cooked, boiled, with salt",USDA_SR_Legacy,legumes,,132,8.86,23.71,0.54,8.7,,237,yes
usda_173735,"Beans, black, mature seeds, cooked, boiled, without salt","מלח — Beans, black, mature seeds, cooked, boiled, without salt","Соль — Beans, black, mature seeds, cooked, boiled, without salt",USDA_SR_Legacy,legumes,,132,8.86,23.71,0.54,8.7,,1,yes
usda_173734,"Beans, black, mature seeds, raw","שעועית — Beans, black, mature seeds, raw","Зрелый — Beans, black, mature seeds, raw",USDA_SR_Legacy,legumes,,341,21.6,62.36,1.42,15.5,,5,yes
usda_175192,"Beans, great northern, mature seeds, canned","משימורים — Beans, great northern, mature seeds, canned","Консервированный — Beans, great northern, mature seeds, canned",USDA_SR_Legacy,legumes,,114,7.37,21.02,0.39,4.9,,370,yes
usda_173791,"Beans, great northern, mature seeds, canned, low sodium","משימורים — Beans, great northern, mature seeds, canned, low sodium","Низкого натрия — Beans, great northern, mature seeds, canned, low sodium",USDA_SR_Legacy,legumes,,114,7.37,21.02,0.39,4.9,,177,yes
usda_173740,"Beans, kidney, all types, mature seeds, cooked, boiled, without salt","מלח — Beans, kidney, all types, mature seeds, cooked, boiled, without salt","Соль — Beans, kidney, all types, mature seeds, cooked, boiled, without salt",USDA_SR_Legacy,meat,,127,8.67,22.8,0.5,6.4,,1,yes
usda_175245,"Beans, kidney, red, mature seeds, canned, solids and liquid, low sodium","כליה — Beans, kidney, red, mature seeds, canned, solids and liquid, low sodium","Низкого натрия — Beans, kidney, red, mature seeds, canned, solids and liquid, low sodium",USDA_SR_Legacy,meat,,81,5.22,14.83,0.36,5.3,,117,yes
usda_175195,"Beans, kidney, red, mature seeds, canned, solids and liquids","כליה — Beans, kidney, red, mature seeds, canned, solids and liquids","Почка — Beans, kidney, red, mature seeds, canned, solids and liquids",USDA_SR_Legacy,meat,,81,5.22,14.83,0.36,4.3,,256,yes
usda_175242,"Beans, kidney, red, mature seeds, cooked, boiled, with salt","מלח — Beans, kidney, red, mature seeds, cooked, boiled, with salt","Соль — Beans, kidney, red, mature seeds, cooked, boiled, with salt",USDA_SR_Legacy,meat,,127,8.67,22.8,0.5,7.4,,238,yes
usda_175194,"Beans, kidney, red, mature seeds, cooked, boiled, without salt","מלח — Beans, kidney, red, mature seeds, cooked, boiled, without salt","Соль — Beans, kidney, red, mature seeds, cooked, boiled, without salt",USDA_SR_Legacy,meat,,127,8.67,22.8,0.5,7.4,,2,yes
usda_173744,"Beans, kidney, red, mature seeds, raw","כליה — Beans, kidney, red, mature seeds, raw","Почка — Beans, kidney, red, mature seeds, raw",USDA_SR_Legacy,meat,,337,22.53,61.29,1.06,15.2,,12,yes
usda_173747,"Beans, navy, mature seeds, canned","משימורים — Beans, navy, mature seeds, canned","Консервированный — Beans, navy, mature seeds, canned",USDA_SR_Legacy,legumes,,113,7.53,20.45,0.43,5.1,,336,yes
usda_173794,"Beans, navy, mature seeds, cooked, boiled, with salt","מלח — Beans, navy, mature seeds, cooked, boiled, with salt","Соль — Beans, navy, mature seeds, cooked, boiled, with salt",USDA_SR_Legacy,legumes,,140,8.23,26.05,0.62,10.5,,237,yes
usda_173795,"Beans, pink, mature seeds, cooked, boiled, with salt","מלח — Beans, pink, mature seeds, cooked, boiled, with salt","Соль — Beans, pink, mature seeds, cooked, boiled, with salt",USDA_SR_Legacy,legumes,,149,9.06,27.91,0.49,5.3,,238,yes
usda_175198,"Beans, pink, mature seeds, cooked, boiled, without salt","מלח — Beans, pink, mature seeds, cooked, boiled, without salt","Соль — Beans, pink, mature seeds, cooked, boiled, without salt",USDA_SR_Legacy,legumes,,149,9.06,27.91,0.49,5.3,,2,yes
usda_173748,"Beans, pink, mature seeds, raw","שעועית — Beans, pink, mature seeds, raw","Зрелый — Beans, pink, mature seeds, raw",USDA_SR_Legacy,legumes,,343,20.96,64.19,1.13,12.7,,8,yes
usda_175247,"Beans, pinto, mature seeds, canned, solids and liquids, low sodium","משימורים — Beans, pinto, mature seeds, canned, solids and liquids, low sodium","Низкого натрия — Beans, pinto, mature seeds, canned, solids and liquids, low sodium",USDA_SR_Legacy,legumes,,82,4.6,15.18,0.56,4.6,,146,yes
usda_175200,"Beans, pinto, mature seeds, cooked, boiled, without salt","מלח — Beans, pinto, mature seeds, cooked, boiled, without salt","Соль — Beans, pinto, mature seeds, cooked, boiled, without salt",USDA_SR_Legacy,legumes,,143,9.01,26.22,0.65,9,,1,yes
usda_175199,"Beans, pinto, mature seeds, raw (Includes foods for USDA's Food Distribution Program)","שעועית — Beans, pinto, mature seeds, raw (Includes foods for USDA's Food Distribution Program)","Зрелый — Beans, pinto, mature seeds, raw (Includes foods for USDA's Food Distribution Program)",USDA_SR_Legacy,legumes,,347,21.42,62.55,1.23,15.5,,12,yes
usda_175249,"Beans, white, mature seeds, cooked, boiled, with salt","מלח — Beans, white, mature seeds, cooked, boiled, with salt","Соль — Beans, white, mature seeds, cooked, boiled, with salt",USDA_SR_Legacy,legumes,,139,9.73,25.09,0.35,6.3,,242,yes
usda_175203,"Beans, white, mature seeds, cooked, boiled, without salt","מלח — Beans, white, mature seeds, cooked, boiled, without salt","Соль — Beans, white, mature seeds, cooked, boiled, without salt",USDA_SR_Legacy,legumes,,139,9.73,25.09,0.35,6.3,,6,yes
usda_175202,"Beans, white, mature seeds, raw","שעועית — Beans, white, mature seeds, raw","Зрелый — Beans, white, mature seeds, raw",USDA_SR_Legacy,legumes,,333,23.36,60.27,0.85,15.2,,16,yes
usda_175248,"Beans, yellow, mature seeds, cooked, boiled, with salt","מלח — Beans, yellow, mature seeds, cooked, boiled, with salt","Соль — Beans, yellow, mature seeds, cooked, boiled, with salt",USDA_SR_Legacy,legumes,,144,9.16,25.28,1.08,10.4,,241,yes
usda_173752,"Beans, yellow, mature seeds, cooked, boiled, without salt","מלח — Beans, yellow, mature seeds, cooked, boiled, without salt","Соль — Beans, yellow, mature seeds, cooked, boiled, without salt",USDA_SR_Legacy,legumes,,144,9.16,25.28,1.08,10.4,,5,yes
usda_173798,"Broadbeans (fava beans), mature seeds, cooked, boiled, with salt","פול — Broadbeans (fava beans), mature seeds, cooked, boiled, with salt","Бобы — Broadbeans (fava beans), mature seeds, cooked, boiled, with salt",USDA_SR_Legacy,legumes,,110,7.6,19.65,0.4,5.4,,241,yes
usda_173753,"Broadbeans (fava beans), mature seeds, cooked, boiled, without salt","פול — Broadbeans (fava beans), mature seeds, cooked, boiled, without salt","Бобы — Broadbeans (fava beans), mature seeds, cooked, boiled, without salt",USDA_SR_Legacy,legumes,,110,7.6,19.65,0.4,5.4,,5,yes
usda_175205,"Broadbeans (fava beans), mature seeds, raw","פול — Broadbeans (fava beans), mature seeds, raw","Бобы — Broadbeans (fava beans), mature seeds, raw",USDA_SR_Legacy,legumes,,341,26.12,58.29,1.53,25,,13,yes
usda_173755,Carob flour,קמח — Carob flour,Мука — Carob flour,USDA_SR_Legacy,grains,,222,4.62,88.88,0.65,39.8,,35,yes
usda_169886,"Chicken, meatless","עוף — Chicken, meatless","Курица — Chicken, meatless",USDA_SR_Legacy,vegan,,224,23.64,3.64,12.73,3.6,,709,yes
usda_175250,"Chickpeas (garbanzo beans, bengal gram), mature seeds, canned, solids and liquids, low sodium","חומוס — Chickpeas (garbanzo beans, bengal gram), mature seeds, canned, solids and liquids, low sodium","Нут — Chickpeas (garbanzo beans, bengal gram), mature seeds, canned, solids and liquids, low sodium",USDA_SR_Legacy,legumes,,88,4.92,13.49,1.95,4.4,,132,yes
usda_173799,"Chickpeas (garbanzo beans, bengal gram), mature seeds, cooked, boiled, with salt","חומוס — Chickpeas (garbanzo beans, bengal gram), mature seeds, cooked, boiled, with salt","Нут — Chickpeas (garbanzo beans, bengal gram), mature seeds, cooked, boiled, with salt",USDA_SR_Legacy,legumes,,164,8.86,27.42,2.59,7.6,,243,yes
usda_174203,"Crustaceans, crab, alaska king, imitation, made from surimi","סרטן — Crustaceans, crab, alaska king, imitation, made from surimi","Краб — Crustaceans, crab, alaska king, imitation, made from surimi",USDA_SR_Legacy,fish,,95,7.62,15,0.46,0.5,,529,yes
usda_171966,"Crustaceans, crab, blue, canned","סרטן — Crustaceans, crab, blue, canned","Краб — Crustaceans, crab, blue, canned",USDA_SR_Legacy,fish,,83,17.88,,0.74,,,563,yes
usda_174205,"Crustaceans, crab, blue, cooked, moist heat","סרטן — Crustaceans, crab, blue, cooked, moist heat","Краб — Crustaceans, crab, blue, cooked, moist heat",USDA_SR_Legacy,fish,,83,17.88,,0.74,,,395,yes
usda_174207,"Crustaceans, crayfish, mixed species, wild, cooked, moist heat","מבושל — Crustaceans, crayfish, mixed species, wild, cooked, moist heat","Варёный — Crustaceans, crayfish, mixed species, wild, cooked, moist heat",USDA_SR_Legacy,fish,,82,16.77,,1.2,,,94,yes
usda_174206,"Crustaceans, crayfish, mixed species, wild, raw","טרי — Crustaceans, crayfish, mixed species, wild, raw","Сырой — Crustaceans, crayfish, mixed species, wild, raw",USDA_SR_Legacy,fish,,77,15.97,,0.95,,,58,yes
usda_174209,"Crustaceans, lobster, northern, cooked, moist heat","לובסטר — Crustaceans, lobster, northern, cooked, moist heat","Омар — Crustaceans, lobster, northern, cooked, moist heat",USDA_SR_Legacy,fish,,89,19,,0.86,,,486,yes
usda_174208,"Crustaceans, lobster, northern, raw","לובסטר — Crustaceans, lobster, northern, raw","Омар — Crustaceans, lobster, northern, raw",USDA_SR_Legacy,fish,,77,16.52,,0.75,,,423,yes
usda_171972,"Crustaceans, shrimp, mixed species, canned","שרימפ — Crustaceans, shrimp, mixed species, canned","Креветка — Crustaceans, shrimp, mixed species, canned",USDA_SR_Legacy,fish,,100,20.42,,1.36,,,870,yes
usda_171970,"Crustaceans, shrimp, mixed species, cooked, breaded and fried","שרימפ — Crustaceans, shrimp, mixed species, cooked, breaded and fried","Креветка — Crustaceans, shrimp, mixed species, cooked, breaded and fried",USDA_SR_Legacy,fish,,242,21.39,11.47,12.28,0.4,,344,yes
usda_171971,"Crustaceans, shrimp, mixed species, cooked, moist heat (may contain additives to retain moisture)","שרימפ — Crustaceans, shrimp, mixed species, cooked, moist heat (may contain additives to retain moisture)","Креветка — Crustaceans, shrimp, mixed species, cooked, moist heat (may contain additives to retain moisture)",USDA_SR_Legacy,fish,,119,22.78,1.52,1.7,,,947,yes
usda_174210,"Crustaceans, shrimp, mixed species, raw (may contain additives to retain moisture)","שרימפ — Crustaceans, shrimp, mixed species, raw (may contain additives to retain moisture)","Креветка — Crustaceans, shrimp, mixed species, raw (may contain additives to retain moisture)",USDA_SR_Legacy,fish,,71,13.61,0.91,1.01,,,566,yes
usda_174183,"Fish, anchovy, european, canned in oil, drained solids","אנשובי — Fish, anchovy, european, canned in oil, drained solids","Анчоус — Fish, anchovy, european, canned in oil, drained solids",USDA_SR_Legacy,fish,,210,28.89,,9.71,,,3668,yes
usda_171952,"Fish, carp, raw","דג — Fish, carp, raw","Рыба — Fish, carp, raw",USDA_SR_Legacy,fish,,127,17.83,,5.6,,,49,yes
usda_175166,"Fish, catfish, channel, farmed, cooked, dry heat","מבושל — Fish, catfish, channel, farmed, cooked, dry heat","Варёный — Fish, catfish, channel, farmed, cooked, dry heat",USDA_SR_Legacy,fish,,144,18.44,,7.19,,,119,yes
usda_175165,"Fish, catfish, channel, farmed, raw","דג — Fish, catfish, channel, farmed, raw","Рыба — Fish, catfish, channel, farmed, raw",USDA_SR_Legacy,fish,,119,15.23,,5.94,,,98,yes
usda_174188,"Fish, caviar, black and red, granular","קוויאר — Fish, caviar, black and red, granular","Икра — Fish, caviar, black and red, granular",USDA_SR_Legacy,fish,,264,24.6,4,17.9,,,1500,yes
usda_171954,"Fish, cisco, smoked","דג — Fish, cisco, smoked","Рыба — Fish, cisco, smoked",USDA_SR_Legacy,fish,,177,16.36,,11.9,,,481,yes
usda_174189,"Fish, cod, Atlantic, canned, solids and liquid","בקלה — Fish, cod, Atlantic, canned, solids and liquid","Треска — Fish, cod, Atlantic, canned, solids and liquid",USDA_SR_Legacy,fish,,105,22.76,,0.86,,,218,yes
usda_171956,"Fish, cod, Atlantic, cooked, dry heat","בקלה — Fish, cod, Atlantic, cooked, dry heat","Треска — Fish, cod, Atlantic, cooked, dry heat",USDA_SR_Legacy,fish,,105,22.83,,0.86,,,78,yes
usda_174190,"Fish, cod, Atlantic, dried and salted","בקלה — Fish, cod, Atlantic, dried and salted","Треска — Fish, cod, Atlantic, dried and salted",USDA_SR_Legacy,fish,,290,62.82,,2.37,,,7027,yes
usda_171955,"Fish, cod, Atlantic, raw","בקלה — Fish, cod, Atlantic, raw","Треска — Fish, cod, Atlantic, raw",USDA_SR_Legacy,fish,,82,17.81,,0.67,,,54,yes
usda_171990,"Fish, cod, Pacific, cooked, dry heat (may contain additives to retain moisture)","בקלה — Fish, cod, Pacific, cooked, dry heat (may contain additives to retain moisture)","Треска — Fish, cod, Pacific, cooked, dry heat (may contain additives to retain moisture)",USDA_SR_Legacy,fish,,85,18.73,,0.5,,,372,yes
usda_174192,"Fish, croaker, Atlantic, raw","דג — Fish, croaker, Atlantic, raw","Рыба — Fish, croaker, Atlantic, raw",USDA_SR_Legacy,fish,,104,17.78,,3.17,,,56,yes
usda_174193,"Fish, eel, mixed species, raw","דג — Fish, eel, mixed species, raw","Рыба — Fish, eel, mixed species, raw",USDA_SR_Legacy,fish,,184,18.44,,11.66,,,51,yes
usda_174197,"Fish, flatfish (flounder and sole species), cooked, dry heat","מבושל — Fish, flatfish (flounder and sole species), cooked, dry heat","Варёный — Fish, flatfish (flounder and sole species), cooked, dry heat",USDA_SR_Legacy,fish,,86,15.24,,2.37,,,363,yes
usda_174196,"Fish, flatfish (flounder and sole species), raw","דג — Fish, flatfish (flounder and sole species), raw","Рыба — Fish, flatfish (flounder and sole species), raw",USDA_SR_Legacy,fish,,70,12.41,,1.93,,,296,yes
usda_174198,"Fish, haddock, cooked, dry heat","מבושל — Fish, haddock, cooked, dry heat","Варёный — Fish, haddock, cooked, dry heat",USDA_SR_Legacy,fish,,90,19.99,,0.55,,,261,yes
usda_171964,"Fish, haddock, raw","דג — Fish, haddock, raw","Рыба — Fish, haddock, raw",USDA_SR_Legacy,fish,,74,16.32,,0.45,,,213,yes
usda_174199,"Fish, haddock, smoked","דג — Fish, haddock, smoked","Рыба — Fish, haddock, smoked",USDA_SR_Legacy,fish,,116,25.23,,0.96,,,763,yes
usda_174201,"Fish, halibut, Atlantic and Pacific, cooked, dry heat","הליבוט — Fish, halibut, Atlantic and Pacific, cooked, dry heat","Палтус — Fish, halibut, Atlantic and Pacific, cooked, dry heat",USDA_SR_Legacy,fish,,111,22.54,,1.61,,,82,yes
usda_174200,"Fish, halibut, Atlantic and Pacific, raw","הליבוט — Fish, halibut, Atlantic and Pacific, raw","Палтус — Fish, halibut, Atlantic and Pacific, raw",USDA_SR_Legacy,fish,,91,18.56,,1.33,,,68,yes
usda_171965,"Fish, halibut, Greenland, raw","הליבוט — Fish, halibut, Greenland, raw","Палтус — Fish, halibut, Greenland, raw",USDA_SR_Legacy,fish,,186,14.37,,13.84,,,80,yes
usda_175117,"Fish, herring, Atlantic, cooked, dry heat","הרינג — Fish, herring, Atlantic, cooked, dry heat","Селёдка — Fish, herring, Atlantic, cooked, dry heat",USDA_SR_Legacy,fish,,203,23.03,,11.59,,,115,yes
usda_173668,"Fish, herring, Atlantic, kippered","הרינג — Fish, herring, Atlantic, kippered","Селёдка — Fish, herring, Atlantic, kippered",USDA_SR_Legacy,fish,,217,24.58,,12.37,,,918,yes
usda_175118,"Fish, herring, Atlantic, pickled","הרינג — Fish, herring, Atlantic, pickled","Селёдка — Fish, herring, Atlantic, pickled",USDA_SR_Legacy,fish,,262,14.19,9.64,18,,,870,yes
usda_175116,"Fish, herring, Atlantic, raw","הרינג — Fish, herring, Atlantic, raw","Селёдка — Fish, herring, Atlantic, raw",USDA_SR_Legacy,fish,,158,17.96,,9.04,,,90,yes
usda_175119,"Fish, mackerel, Atlantic, raw","מקרל — Fish, mackerel, Atlantic, raw","Скумбрия — Fish, mackerel, Atlantic, raw",USDA_SR_Legacy,fish,,205,18.6,,13.89,,,90,yes
usda_171994,"Fish, mackerel, Pacific and jack, mixed species, cooked, dry heat","מקרל — Fish, mackerel, Pacific and jack, mixed species, cooked, dry heat","Скумбрия — Fish, mackerel, Pacific and jack, mixed species, cooked, dry heat",USDA_SR_Legacy,fish,,201,25.73,,10.12,,,110,yes
usda_173672,"Fish, mackerel, Pacific and jack, mixed species, raw","מקרל — Fish, mackerel, Pacific and jack, mixed species, raw","Скумбрия — Fish, mackerel, Pacific and jack, mixed species, raw",USDA_SR_Legacy,fish,,158,20.07,,7.89,,,86,yes
usda_175121,"Fish, mackerel, jack, canned, drained solids","מקרל — Fish, mackerel, jack, canned, drained solids","Скумбрия — Fish, mackerel, jack, canned, drained solids",USDA_SR_Legacy,fish,,156,23.19,,6.3,,,379,yes
usda_173673,"Fish, mackerel, spanish, raw","מקרל — Fish, mackerel, spanish, raw","Скумбрия — Fish, mackerel, spanish, raw",USDA_SR_Legacy,fish,,139,19.29,,6.3,,,59,yes
usda_175123,"Fish, mullet, striped, raw","קיבה — Fish, mullet, striped, raw","Рубец — Fish, mullet, striped, raw",USDA_SR_Legacy,fish,,117,19.35,,3.79,,,65,yes
usda_175126,"Fish, ocean perch, Atlantic, cooked, dry heat","מבושל — Fish, ocean perch, Atlantic, cooked, dry heat","Варёный — Fish, ocean perch, Atlantic, cooked, dry heat",USDA_SR_Legacy,fish,,96,18.51,,1.87,,,347,yes
usda_175125,"Fish, ocean perch, Atlantic, raw","דג — Fish, ocean perch, Atlantic, raw","Рыба — Fish, ocean perch, Atlantic, raw",USDA_SR_Legacy,fish,,79,15.31,,1.54,,,287,yes
usda_173678,"Fish, perch, mixed species, raw","דג — Fish, perch, mixed species, raw","Рыба — Fish, perch, mixed species, raw",USDA_SR_Legacy,fish,,91,19.39,,0.92,,,62,yes
usda_173680,"Fish, pike, northern, raw","דג — Fish, pike, northern, raw","Рыба — Fish, pike, northern, raw",USDA_SR_Legacy,fish,,88,19.26,,0.69,,,39,yes
usda_173681,"Fish, pollock, Alaska, cooked, dry heat (may contain additives to retain moisture)","מבושל — Fish, pollock, Alaska, cooked, dry heat (may contain additives to retain moisture)","Влажность — Fish, pollock, Alaska, cooked, dry heat (may contain additives to retain moisture)",USDA_SR_Legacy,fish,,111,23.48,,1.18,,,419,yes
usda_175130,"Fish, pollock, Alaska, raw (may contain additives to retain moisture)","דג — Fish, pollock, Alaska, raw (may contain additives to retain moisture)","Влажность — Fish, pollock, Alaska, raw (may contain additives to retain moisture)",USDA_SR_Legacy,fish,,56,12.19,,0.41,,,333,yes
usda_175129,"Fish, pollock, Atlantic, raw","דג — Fish, pollock, Atlantic, raw","Рыба — Fish, pollock, Atlantic, raw",USDA_SR_Legacy,fish,,92,19.44,,0.98,,,86,yes
usda_173682,"Fish, pompano, florida, raw","דג — Fish, pompano, florida, raw","Рыба — Fish, pompano, florida, raw",USDA_SR_Legacy,fish,,164,18.48,,9.47,,,65,yes
usda_175131,"Fish, rockfish, Pacific, mixed species, cooked, dry heat","מבושל — Fish, rockfish, Pacific, mixed species, cooked, dry heat","Варёный — Fish, rockfish, Pacific, mixed species, cooked, dry heat",USDA_SR_Legacy,fish,,109,22.23,,1.62,,,89,yes
usda_173684,"Fish, rockfish, Pacific, mixed species, raw","דג — Fish, rockfish, Pacific, mixed species, raw","Рыба — Fish, rockfish, Pacific, mixed species, raw",USDA_SR_Legacy,fish,,90,18.36,,1.34,,,74,yes
usda_175132,"Fish, roe, mixed species, raw","דג — Fish, roe, mixed species, raw","Рыба — Fish, roe, mixed species, raw",USDA_SR_Legacy,fish,,143,22.32,1.5,6.42,,,91,yes
usda_175168,"Fish, salmon, Atlantic, farmed, cooked, dry heat","סלמון — Fish, salmon, Atlantic, farmed, cooked, dry heat","Лосось — Fish, salmon, Atlantic, farmed, cooked, dry heat",USDA_SR_Legacy,fish,,206,22.1,,12.35,,,61,yes
usda_175167,"Fish, salmon, Atlantic, farmed, raw","סלמון — Fish, salmon, Atlantic, farmed, raw","Лосось — Fish, salmon, Atlantic, farmed, raw",USDA_SR_Legacy,fish,,208,20.42,,13.42,,,59,yes
usda_173687,"Fish, salmon, chinook, smoked","סלמון — Fish, salmon, chinook, smoked","Лосось — Fish, salmon, chinook, smoked",USDA_SR_Legacy,fish,,117,18.28,,4.32,,,672,yes
usda_175135,"Fish, salmon, chum, canned, drained solids with bone","סלמון — Fish, salmon, chum, canned, drained solids with bone","Лосось — Fish, salmon, chum, canned, drained solids with bone",USDA_SR_Legacy,fish,,141,21.43,,5.5,,,391,yes
usda_173719,"Fish, salmon, coho, wild, cooked, dry heat","סלמון — Fish, salmon, coho, wild, cooked, dry heat","Лосось — Fish, salmon, coho, wild, cooked, dry heat",USDA_SR_Legacy,fish,,139,23.45,,4.3,,,58,yes
usda_175136,"Fish, salmon, coho, wild, raw","סלמון — Fish, salmon, coho, wild, raw","Лосось — Fish, salmon, coho, wild, raw",USDA_SR_Legacy,fish,,146,21.62,,5.93,,,46,yes
usda_175175,"Fish, salmon, pink, canned, drained solids","סלמון — Fish, salmon, pink, canned, drained solids","Лосось — Fish, salmon, pink, canned, drained solids",USDA_SR_Legacy,fish,,138,23.1,,5.02,,,381,yes
usda_167771,"Apple juice, canned or bottled, unsweetened, with added ascorbic acid","מיץ תפוחים — Apple juice, canned or bottled, unsweetened, with added ascorbic acid","Яблочный сок — Apple juice, canned or bottled, unsweetened, with added ascorbic acid",USDA_SR_Legacy,drinks,,46,0.1,11.3,0.13,0.2,,4,yes
usda_167800,"Apple juice, canned or bottled, unsweetened, with added ascorbic acid, calcium, and potassium","מיץ תפוחים — Apple juice, canned or bottled, unsweetened, with added ascorbic acid, calcium, and potassium","Яблочный сок — Apple juice, canned or bottled, unsweetened, with added ascorbic acid, calcium, and potassium",USDA_SR_Legacy,drinks,,48,0.12,11.49,0.17,0.3,,5,yes
usda_173933,"Apple juice, canned or bottled, unsweetened, without added ascorbic acid","מיץ תפוחים — Apple juice, canned or bottled, unsweetened, without added ascorbic acid","Яблочный сок — Apple juice, canned or bottled, unsweetened, without added ascorbic acid",USDA_SR_Legacy,drinks,,46,0.1,11.3,0.13,0.2,,4,yes
usda_173930,"Apples, canned, sweetened, sliced, drained, heated","מתוק — Apples, canned, sweetened, sliced, drained, heated","Подслащённый — Apples, canned, sweetened, sliced, drained, heated",USDA_SR_Legacy,fruit,,67,0.18,16.84,0.43,2,,3,yes
usda_173931,"Apples, dehydrated (low moisture), sulfured, uncooked","מבושל — Apples, dehydrated (low moisture), sulfured, uncooked","Влажность — Apples, dehydrated (low moisture), sulfured, uncooked",USDA_SR_Legacy,fruit,,346,1.32,93.53,0.58,12.4,,124,yes
usda_171692,"Apples, dried, sulfured, stewed, without added sugar","סוכר — Apples, dried, sulfured, stewed, without added sugar","Сахар — Apples, dried, sulfured, stewed, without added sugar",USDA_SR_Legacy,sweets,,57,0.22,15.32,0.07,2,,20,yes
usda_171691,"Apples, dried, sulfured, uncooked","מבושל — Apples, dried, sulfured, uncooked","Варёный — Apples, dried, sulfured, uncooked",USDA_SR_Legacy,fruit,,243,0.93,65.89,0.32,8.7,,87,yes
usda_171688,"Apples, raw, with skin (Includes foods for USDA's Food Distribution Program)","תפוח עץ — Apples, raw, with skin (Includes foods for USDA's Food Distribution Program)","Яблоко — Apples, raw, with skin (Includes foods for USDA's Food Distribution Program)",USDA_SR_Legacy,fruit,,52,0.26,13.81,0.17,2.4,,1,yes
usda_171689,"Apples, raw, without skin","תפוח עץ — Apples, raw, without skin","Яблоко — Apples, raw, without skin",USDA_SR_Legacy,fruit,,48,0.27,12.76,0.13,1.3,,,yes
usda_173928,"Apples, raw, without skin, cooked, boiled","מבושל — Apples, raw, without skin, cooked, boiled","Варёный — Apples, raw, without skin, cooked, boiled",USDA_SR_Legacy,fruit,,53,0.26,13.64,0.36,2.4,,1,yes
usda_173929,"Apples, raw, without skin, cooked, microwave","מבושל — Apples, raw, without skin, cooked, microwave","Варёный — Apples, raw, without skin, cooked, microwave",USDA_SR_Legacy,fruit,,56,0.28,14.41,0.42,2.8,,1,yes
usda_171696,"Applesauce, canned, sweetened, without salt","מלח — Applesauce, canned, sweetened, without salt","Соль — Applesauce, canned, sweetened, without salt",USDA_SR_Legacy,fruit,,68,0.16,17.49,0.17,1.2,,2,yes
usda_167772,"Applesauce, canned, unsweetened, with added ascorbic acid","לא מתוק — Applesauce, canned, unsweetened, with added ascorbic acid","Без сахара — Applesauce, canned, unsweetened, with added ascorbic acid",USDA_SR_Legacy,fruit,,42,0.17,11.27,0.1,1.1,,2,yes
usda_171695,"Applesauce, canned, unsweetened, without added ascorbic acid (Includes foods for USDA's Food Distribution Program)","לא מתוק — Applesauce, canned, unsweetened, without added ascorbic acid (Includes foods for USDA's Food Distribution Program)","Без сахара — Applesauce, canned, unsweetened, without added ascorbic acid (Includes foods for USDA's Food Distribution Program)",USDA_SR_Legacy,fruit,,42,0.17,11.27,0.1,1.1,,2,yes
usda_171704,"Apricot nectar, canned, with added ascorbic acid","משמש — Apricot nectar, canned, with added ascorbic acid","Абрикос — Apricot nectar, canned, with added ascorbic acid",USDA_SR_Legacy,fruit,,56,0.17,13.63,0.45,0.1,,8,yes
usda_171699,"Apricots, canned, heavy syrup pack, with skin, solids and liquids","משמש — Apricots, canned, heavy syrup pack, with skin, solids and liquids","Абрикос — Apricots, canned, heavy syrup pack, with skin, solids and liquids",USDA_SR_Legacy,sweets,,83,0.53,21.47,0.08,1.6,,4,yes
usda_173937,"Apricots, canned, juice pack, with skin, solids and liquids","משמש — Apricots, canned, juice pack, with skin, solids and liquids","Абрикос — Apricots, canned, juice pack, with skin, solids and liquids",USDA_SR_Legacy,drinks,,48,0.63,12.34,0.04,1.6,,4,yes
usda_173939,"Apricots, canned, light syrup pack, with skin, solids and liquids","משמש — Apricots, canned, light syrup pack, with skin, solids and liquids","Абрикос — Apricots, canned, light syrup pack, with skin, solids and liquids",USDA_SR_Legacy,sweets,,63,0.53,16.49,0.05,1.6,,4,yes
usda_171698,"Apricots, canned, water pack, with skin, solids and liquids","מים — Apricots, canned, water pack, with skin, solids and liquids","Вода — Apricots, canned, water pack, with skin, solids and liquids",USDA_SR_Legacy,drinks,,27,0.71,6.39,0.16,1.6,,3,yes
usda_173942,"Apricots, dried, sulfured, stewed, without added sugar","סוכר — Apricots, dried, sulfured, stewed, without added sugar","Сахар — Apricots, dried, sulfured, stewed, without added sugar",USDA_SR_Legacy,sweets,,85,1.2,22.15,0.18,2.6,,4,yes
usda_173941,"Apricots, dried, sulfured, uncooked","משמש — Apricots, dried, sulfured, uncooked","Абрикос — Apricots, dried, sulfured, uncooked",USDA_SR_Legacy,fruit,,241,3.39,62.64,0.51,7.3,,10,yes
usda_171697,"Apricots, raw","משמש — Apricots, raw","Абрикос — Apricots, raw",USDA_SR_Legacy,fruit,,48,1.4,11.12,0.39,2,,1,yes
usda_171706,"Avocados, raw, California","אבוקדו — Avocados, raw, California","Авокадо — Avocados, raw, California",USDA_SR_Legacy,fruit,,167,1.96,8.64,15.41,6.8,,8,yes
usda_171705,"Avocados, raw, all commercial varieties","תעשייתי — Avocados, raw, all commercial varieties","Промышленный — Avocados, raw, all commercial varieties",USDA_SR_Legacy,fruit,,160,2,8.53,14.66,6.7,,7,yes
usda_173944,"Bananas, raw","בננה — Bananas, raw","Банан — Bananas, raw",USDA_SR_Legacy,fruit,,89,1.09,22.84,0.33,2.6,,1,yes
usda_171709,"Blackberries, canned, heavy syrup, solids and liquids","משימורים — Blackberries, canned, heavy syrup, solids and liquids","Консервированный — Blackberries, canned, heavy syrup, solids and liquids",USDA_SR_Legacy,sweets,,92,1.31,23.1,0.14,3.4,,3,yes
usda_173946,"Blackberries, raw","טרי — Blackberries, raw","Чёрный — Blackberries, raw",USDA_SR_Legacy,fruit,,43,1.39,9.61,0.49,5.3,,1,yes
usda_173948,"Blueberries, canned, heavy syrup, solids and liquids","משימורים — Blueberries, canned, heavy syrup, solids and liquids","Консервированный — Blueberries, canned, heavy syrup, solids and liquids",USDA_SR_Legacy,sweets,,88,0.65,22.06,0.33,1.6,,3,yes
usda_168179,"Blueberries, canned, light syrup, drained","משימורים — Blueberries, canned, light syrup, drained","Консервированный — Blueberries, canned, light syrup, drained",USDA_SR_Legacy,sweets,,88,1.04,22.66,0.4,2.6,,3,yes
usda_171711,"Blueberries, raw","טרי — Blueberries, raw","Сырой — Blueberries, raw",USDA_SR_Legacy,fruit,,57,0.74,14.49,0.33,2.4,,1,yes
usda_171714,"Breadfruit, raw","לחם — Breadfruit, raw","Хлеб — Breadfruit, raw",USDA_SR_Legacy,fruit,,103,1.07,27.12,0.23,4.9,,2,yes
usda_171715,"Carambola, (starfruit), raw","טרי — Carambola, (starfruit), raw","Сырой — Carambola, (starfruit), raw",USDA_SR_Legacy,fruit,,31,1.04,6.73,0.33,2.8,,2,yes
usda_171716,"Cherries, sour, red, canned, heavy syrup pack, solids and liquids","משימורים — Cherries, sour, red, canned, heavy syrup pack, solids and liquids","Консервированный — Cherries, sour, red, canned, heavy syrup pack, solids and liquids",USDA_SR_Legacy,fruit,,91,0.73,23.27,0.1,1.1,,7,yes
usda_173955,"Cherries, sour, red, canned, water pack, solids and liquids","מים — Cherries, sour, red, canned, water pack, solids and liquids","Вода — Cherries, sour, red, canned, water pack, solids and liquids",USDA_SR_Legacy,drinks,,36,0.77,8.94,0.1,1.1,,7,yes
usda_173954,"Cherries, sour, red, raw","טרי — Cherries, sour, red, raw","Сырой — Cherries, sour, red, raw",USDA_SR_Legacy,fruit,,50,1,12.18,0.3,1.6,,3,yes
usda_173958,"Cherries, sweet, canned, juice pack, solids and liquids","משימורים — Cherries, sweet, canned, juice pack, solids and liquids","Консервированный — Cherries, sweet, canned, juice pack, solids and liquids",USDA_SR_Legacy,drinks,,54,0.91,13.81,0.02,1.5,,3,yes
usda_173959,"Cherries, sweet, canned, light syrup pack, solids and liquids","משימורים — Cherries, sweet, canned, light syrup pack, solids and liquids","Консервированный — Cherries, sweet, canned, light syrup pack, solids and liquids",USDA_SR_Legacy,fruit,,67,0.61,17.29,0.15,1.5,,3,yes
usda_173960,"Cherries, sweet, canned, pitted, heavy syrup pack, solids and liquids","משימורים — Cherries, sweet, canned, pitted, heavy syrup pack, solids and liquids","Консервированный — Cherries, sweet, canned, pitted, heavy syrup pack, solids and liquids",USDA_SR_Legacy,fruit,,83,0.6,21.27,0.15,1.4,,3,yes
usda_167770,"Cherries, sweet, canned, pitted, heavy syrup, drained","משימורים — Cherries, sweet, canned, pitted, heavy syrup, drained","Консервированный — Cherries, sweet, canned, pitted, heavy syrup, drained",USDA_SR_Legacy,fruit,,83,0.73,21.07,0.21,2.3,,3,yes
usda_173957,"Cherries, sweet, canned, water pack, solids and liquids","מים — Cherries, sweet, canned, water pack, solids and liquids","Вода — Cherries, sweet, canned, water pack, solids and liquids",USDA_SR_Legacy,drinks,,46,0.77,11.76,0.13,1.5,,1,yes
usda_171719,"Cherries, sweet, raw","טרי — Cherries, sweet, raw","Сырой — Cherries, sweet, raw",USDA_SR_Legacy,fruit,,63,1.06,16.01,0.2,2.1,,,yes
usda_171722,"Cranberries, raw","טרי — Cranberries, raw","Сырой — Cranberries, raw",USDA_SR_Legacy,fruit,,46,0.46,11.97,0.13,3.6,,2,yes
usda_173964,"Currants, red and white, raw","טרי — Currants, red and white, raw","Смородина — Currants, red and white, raw",USDA_SR_Legacy,fruit,,56,1.4,13.8,0.2,4.3,,1,yes
usda_171726,"Dates, deglet noor","Dates, deglet noor","Dates, deglet noor",USDA_SR_Legacy,fruit,,282,2.45,75.03,0.39,8,,2,yes
usda_173024,"Figs, canned, heavy syrup pack, solids and liquids","משימורים — Figs, canned, heavy syrup pack, solids and liquids","Консервированный — Figs, canned, heavy syrup pack, solids and liquids",USDA_SR_Legacy,fruit,,88,0.38,22.9,0.1,2.2,,1,yes
usda_173023,"Figs, canned, light syrup pack, solids and liquids","משימורים — Figs, canned, light syrup pack, solids and liquids","Консервированный — Figs, canned, light syrup pack, solids and liquids",USDA_SR_Legacy,fruit,,69,0.39,17.95,0.1,1.8,,1,yes
usda_173022,"Figs, canned, water pack, solids and liquids","מים — Figs, canned, water pack, solids and liquids","Вода — Figs, canned, water pack, solids and liquids",USDA_SR_Legacy,drinks,,53,0.4,13.99,0.1,2.2,,1,yes
usda_174666,"Figs, dried, stewed","יבש — Figs, dried, stewed","Сушёный — Figs, dried, stewed",USDA_SR_Legacy,fruit,,107,1.42,27.57,0.4,4.2,,4,yes
usda_174665,"Figs, dried, uncooked","מבושל — Figs, dried, uncooked","Варёный — Figs, dried, uncooked",USDA_SR_Legacy,fruit,,249,3.3,63.87,0.93,9.8,,10,yes
usda_173021,"Figs, raw","טרי — Figs, raw","Сырой — Figs, raw",USDA_SR_Legacy,fruit,,74,0.75,19.18,0.3,2.9,,1,yes
usda_173028,"Fruit cocktail, (peach and pineapple and pear and grape and cherry), canned, heavy syrup, solids and liquids","אננס — Fruit cocktail, (peach and pineapple and pear and grape and cherry), canned, heavy syrup, solids and liquids","Ананас — Fruit cocktail, (peach and pineapple and pear and grape and cherry), canned, heavy syrup, solids and liquids",USDA_SR_Legacy,fruit,,73,0.39,18.91,0.07,1,,6,yes
usda_174668,"Fruit cocktail, (peach and pineapple and pear and grape and cherry), canned, juice pack, solids and liquids","אננס — Fruit cocktail, (peach and pineapple and pear and grape and cherry), canned, juice pack, solids and liquids","Ананас — Fruit cocktail, (peach and pineapple and pear and grape and cherry), canned, juice pack, solids and liquids",USDA_SR_Legacy,drinks,,46,0.46,11.86,0.01,1,,4,yes
usda_173027,"Fruit cocktail, (peach and pineapple and pear and grape and cherry), canned, light syrup, solids and liquids","אננס — Fruit cocktail, (peach and pineapple and pear and grape and cherry), canned, light syrup, solids and liquids","Ананас — Fruit cocktail, (peach and pineapple and pear and grape and cherry), canned, light syrup, solids and liquids",USDA_SR_Legacy,fruit,,57,0.4,14.93,0.07,1,,6,yes
usda_174667,"Fruit cocktail, (peach and pineapple and pear and grape and cherry), canned, water pack, solids and liquids","מים — Fruit cocktail, (peach and pineapple and pear and grape and cherry), canned, water pack, solids and liquids","Вода — Fruit cocktail, (peach and pineapple and pear and grape and cherry), canned, water pack, solids and liquids",USDA_SR_Legacy,drinks,,32,0.42,8.51,0.05,1,,4,yes
usda_167799,"Fruit juice smoothie, BOLTHOUSE FARMS, strawberry banana","תות שדה — Fruit juice smoothie, BOLTHOUSE FARMS, strawberry banana","Клубника — Fruit juice smoothie, BOLTHOUSE FARMS, strawberry banana",USDA_SR_Legacy,drinks,,52,0.44,12.37,0.3,0.6,,5,yes
usda_168213,"Fruit juice smoothie, ODWALLA, strawberry banana","תות שדה — Fruit juice smoothie, ODWALLA, strawberry banana","Клубника — Fruit juice smoothie, ODWALLA, strawberry banana",USDA_SR_Legacy,drinks,,48,0.5,11.05,0.32,0.6,,2,yes
usda_173041,"Grape juice, canned or bottled, unsweetened, with added ascorbic acid","מיץ ענבים — Grape juice, canned or bottled, unsweetened, with added ascorbic acid","Виноградный сок — Grape juice, canned or bottled, unsweetened, with added ascorbic acid",USDA_SR_Legacy,drinks,,60,0.37,14.77,0.13,0.2,,5,yes
usda_168207,"Grape juice, canned or bottled, unsweetened, with added ascorbic acid and calcium","מיץ ענבים — Grape juice, canned or bottled, unsweetened, with added ascorbic acid and calcium","Виноградный сок — Grape juice, canned or bottled, unsweetened, with added ascorbic acid and calcium",USDA_SR_Legacy,drinks,,62,0.37,14.77,0.13,0.2,,5,yes
usda_173042,"Grape juice, canned or bottled, unsweetened, without added ascorbic acid","מיץ ענבים — Grape juice, canned or bottled, unsweetened, without added ascorbic acid","Виноградный сок — Grape juice, canned or bottled, unsweetened, without added ascorbic acid",USDA_SR_Legacy,drinks,,60,0.37,14.77,0.13,0.2,,5,yes
usda_173038,"Grapefruit juice, pink or red, with added calcium","אשכולית — Grapefruit juice, pink or red, with added calcium","Грейпфрут — Grapefruit juice, pink or red, with added calcium",USDA_SR_Legacy,drinks,,39,0.51,7.74,0.68,0.3,,2,yes
usda_174678,"Grapefruit juice, white, canned or bottled, unsweetened","לא מתוק — Grapefruit juice, white, canned or bottled, unsweetened","Без сахара — Grapefruit juice, white, canned or bottled, unsweetened",USDA_SR_Legacy,drinks,,37,0.55,7.54,0.66,0.6,,2,yes
usda_173039,"Grapefruit juice, white, raw","אשכולית — Grapefruit juice, white, raw","Грейпфрут — Grapefruit juice, white, raw",USDA_SR_Legacy,drinks,,39,0.5,9.2,0.1,0.1,,1,yes
usda_173033,"Grapefruit, raw, pink and red and white, all areas","אשכולית — Grapefruit, raw, pink and red and white, all areas","Грейпфрут — Grapefruit, raw, pink and red and white, all areas",USDA_SR_Legacy,fruit,,32,0.63,8.08,0.1,1.1,,,yes
usda_174673,"Grapefruit, raw, pink and red, all areas","אשכולית — Grapefruit, raw, pink and red, all areas","Грейпфрут — Grapefruit, raw, pink and red, all areas",USDA_SR_Legacy,fruit,,42,0.77,10.66,0.14,1.6,,,yes
usda_174676,"Grapefruit, raw, white, all areas","אשכולית — Grapefruit, raw, white, all areas","Грейпфрут — Grapefruit, raw, white, all areas",USDA_SR_Legacy,fruit,,33,0.69,8.41,0.1,1.1,,,yes
usda_173036,"Grapefruit, sections, canned, juice pack, solids and liquids","אשכולית — Grapefruit, sections, canned, juice pack, solids and liquids","Грейпфрут — Grapefruit, sections, canned, juice pack, solids and liquids",USDA_SR_Legacy,drinks,,37,0.7,9.21,0.09,0.4,,7,yes
usda_173037,"Grapefruit, sections, canned, light syrup pack, solids and liquids","אשכולית — Grapefruit, sections, canned, light syrup pack, solids and liquids","Грейпфрут — Grapefruit, sections, canned, light syrup pack, solids and liquids",USDA_SR_Legacy,fruit,,60,0.56,15.44,0.1,0.4,,2,yes
usda_173035,"Grapefruit, sections, canned, water pack, solids and liquids","מים — Grapefruit, sections, canned, water pack, solids and liquids","Вода — Grapefruit, sections, canned, water pack, solids and liquids",USDA_SR_Legacy,drinks,,36,0.58,9.15,0.1,0.4,,2,yes
usda_174682,"Grapes, american type (slip skin), raw","ענבים — Grapes, american type (slip skin), raw","Виноград — Grapes, american type (slip skin), raw",USDA_SR_Legacy,fruit,,67,0.63,17.15,0.35,0.9,,2,yes
usda_174685,"Grapes, canned, thompson seedless, heavy syrup pack, solids and liquids","משימורים — Grapes, canned, thompson seedless, heavy syrup pack, solids and liquids","Консервированный — Grapes, canned, thompson seedless, heavy syrup pack, solids and liquids",USDA_SR_Legacy,sweets,,76,0.48,19.65,0.1,0.6,,5,yes
usda_174684,"Grapes, canned, thompson seedless, water pack, solids and liquids","מים — Grapes, canned, thompson seedless, water pack, solids and liquids","Вода — Grapes, canned, thompson seedless, water pack, solids and liquids",USDA_SR_Legacy,drinks,,40,0.5,10.3,0.11,0.6,,6,yes
usda_174683,"Grapes, red or green (European type, such as Thompson seedless), raw","ענבים — Grapes, red or green (European type, such as Thompson seedless), raw","Виноград — Grapes, red or green (European type, such as Thompson seedless), raw",USDA_SR_Legacy,fruit,,69,0.72,18.1,0.16,0.9,,2,yes
usda_168196,"Guanabana nectar, canned","משימורים — Guanabana nectar, canned","Консервированный — Guanabana nectar, canned",USDA_SR_Legacy,fruit,,59,0.11,14.93,0.17,0.1,,8,yes
usda_173044,"Guavas, common, raw","טרי — Guavas, common, raw","Сырой — Guavas, common, raw",USDA_SR_Legacy,fruit,,68,2.55,14.32,0.95,5.4,,2,yes
usda_168197,"Juice, apple and grape blend, with added ascorbic acid","תפוח עץ — Juice, apple and grape blend, with added ascorbic acid","Яблоко — Juice, apple and grape blend, with added ascorbic acid",USDA_SR_Legacy,drinks,,50,0.16,12.46,0.12,0.2,,7,yes
usda_168198,"Juice, apple, grape and pear blend, with added ascorbic acid and calcium","תפוח עץ — Juice, apple, grape and pear blend, with added ascorbic acid and calcium","Яблоко — Juice, apple, grape and pear blend, with added ascorbic acid and calcium",USDA_SR_Legacy,drinks,,52,0.17,12.96,0.12,0.2,,5,yes
usda_168211,"Kiwifruit, ZESPRI SunGold, raw","טרי — Kiwifruit, ZESPRI SunGold, raw","Сырой — Kiwifruit, ZESPRI SunGold, raw",USDA_SR_Legacy,fruit,,63,1.02,15.79,0.28,1.4,,3,yes
usda_168153,"Kiwifruit, green, raw","טרי — Kiwifruit, green, raw","Зелёный — Kiwifruit, green, raw",USDA_SR_Legacy,fruit,,61,1.14,14.66,0.52,3,,3,yes
usda_168154,"Kumquats, raw","טרי — Kumquats, raw","Сырой — Kumquats, raw",USDA_SR_Legacy,fruit,,71,1.88,15.9,0.86,6.5,,10,yes
usda_167748,"Lemon juice from concentrate, canned or bottled","משימורים — Lemon juice from concentrate, canned or bottled","Консервированный — Lemon juice from concentrate, canned or bottled",USDA_SR_Legacy,drinks,,17,0.45,5.62,0.07,0.7,,24,yes
usda_168603,"Nuts, almond butter, plain, with salt added","חמאת שקדים — Nuts, almond butter, plain, with salt added","Миндальная паста — Nuts, almond butter, plain, with salt added",USDA_SR_Legacy,dairy,,614,20.96,18.82,55.5,10.3,,227,yes
usda_168588,"Nuts, almond butter, plain, without salt added","חמאת שקדים — Nuts, almond butter, plain, without salt added","Миндальная паста — Nuts, almond butter, plain, without salt added",USDA_SR_Legacy,dairy,,614,20.96,18.82,55.5,10.3,,7,yes
usda_170160,"Nuts, almond paste","שקדים — Nuts, almond paste","Миндаль — Nuts, almond paste",USDA_SR_Legacy,nuts,,458,9,47.81,27.74,4.8,,9,yes
usda_170567,"Nuts, almonds","שקדים — Nuts, almonds","Миндаль — Nuts, almonds",USDA_SR_Legacy,nuts,,579,21.15,21.55,49.93,12.5,,1,yes
usda_170568,"Nuts, almonds, blanched","שקדים — Nuts, almonds, blanched","Миндаль — Nuts, almonds, blanched",USDA_SR_Legacy,nuts,,590,21.4,18.67,52.52,9.9,,19,yes
usda_168596,"Nuts, almonds, dry roasted, with salt added","שקדים — Nuts, almonds, dry roasted, with salt added","Миндаль — Nuts, almonds, dry roasted, with salt added",USDA_SR_Legacy,nuts,,598,20.96,21.01,52.54,10.9,,234,yes
usda_170158,"Nuts, almonds, dry roasted, without salt added","שקדים — Nuts, almonds, dry roasted, without salt added","Миндаль — Nuts, almonds, dry roasted, without salt added",USDA_SR_Legacy,nuts,,598,20.96,21.01,52.54,10.9,,3,yes
usda_169419,"Nuts, almonds, oil roasted, with salt added","שקדים — Nuts, almonds, oil roasted, with salt added","Миндаль — Nuts, almonds, oil roasted, with salt added",USDA_SR_Legacy,nuts,,607,21.23,17.68,55.17,10.5,,339,yes
usda_170159,"Nuts, almonds, oil roasted, without salt added","שקדים — Nuts, almonds, oil roasted, without salt added","Миндаль — Nuts, almonds, oil roasted, without salt added",USDA_SR_Legacy,nuts,,607,21.23,17.68,55.17,10.5,,1,yes
usda_170569,"Nuts, brazilnuts, dried, unblanched","אגוזי ברזיל — Nuts, brazilnuts, dried, unblanched","Бразильский орех — Nuts, brazilnuts, dried, unblanched",USDA_SR_Legacy,nuts,,659,14.32,11.74,67.1,7.5,,3,yes
usda_169421,"Nuts, cashew nuts, dry roasted, with salt added","מלח — Nuts, cashew nuts, dry roasted, with salt added","Соль — Nuts, cashew nuts, dry roasted, with salt added",USDA_SR_Legacy,nuts,,574,15.31,32.69,46.35,3,,640,yes
usda_170571,"Nuts, cashew nuts, dry roasted, without salt added","מלח — Nuts, cashew nuts, dry roasted, without salt added","Соль — Nuts, cashew nuts, dry roasted, without salt added",USDA_SR_Legacy,nuts,,574,15.31,32.69,46.35,3,,16,yes
usda_169422,"Nuts, cashew nuts, oil roasted, with salt added","מלח — Nuts, cashew nuts, oil roasted, with salt added","Соль — Nuts, cashew nuts, oil roasted, with salt added",USDA_SR_Legacy,nuts,,581,16.84,30.16,47.77,3.3,,308,yes
usda_170572,"Nuts, cashew nuts, oil roasted, without salt added","מלח — Nuts, cashew nuts, oil roasted, without salt added","Соль — Nuts, cashew nuts, oil roasted, without salt added",USDA_SR_Legacy,nuts,,580,16.84,29.87,47.77,3.3,,13,yes
usda_170190,"Nuts, chestnuts, european, roasted","קלוי — Nuts, chestnuts, european, roasted","Жареный — Nuts, chestnuts, european, roasted",USDA_SR_Legacy,nuts,,245,3.17,52.96,2.2,5.1,,2,yes
usda_170171,"Nuts, coconut cream, canned, sweetened","קוקוס — Nuts, coconut cream, canned, sweetened","Кокос — Nuts, coconut cream, canned, sweetened",USDA_SR_Legacy,fruit,,357,1.17,53.21,16.31,0.2,,36,yes
usda_170170,"Nuts, coconut meat, dried (desiccated), not sweetened","קוקוס — Nuts, coconut meat, dried (desiccated), not sweetened","Кокос — Nuts, coconut meat, dried (desiccated), not sweetened",USDA_SR_Legacy,fruit,,660,6.88,23.65,64.53,16.3,,37,yes
usda_170577,"Nuts, coconut meat, dried (desiccated), sweetened, flaked, packaged","קוקוס — Nuts, coconut meat, dried (desiccated), sweetened, flaked, packaged","Кокос — Nuts, coconut meat, dried (desiccated), sweetened, flaked, packaged",USDA_SR_Legacy,fruit,,456,3.13,51.85,27.99,9.9,,285,yes
usda_168586,"Nuts, coconut meat, dried (desiccated), sweetened, shredded","קוקוס — Nuts, coconut meat, dried (desiccated), sweetened, shredded","Кокос — Nuts, coconut meat, dried (desiccated), sweetened, shredded",USDA_SR_Legacy,fruit,,501,2.88,47.67,35.49,4.5,,262,yes
usda_170169,"Nuts, coconut meat, raw","קוקוס — Nuts, coconut meat, raw","Кокос — Nuts, coconut meat, raw",USDA_SR_Legacy,fruit,,354,3.33,15.23,33.49,9,,20,yes
usda_170172,"Nuts, coconut milk, raw (liquid expressed from grated meat and water)","קוקוס — Nuts, coconut milk, raw (liquid expressed from grated meat and water)","Кокос — Nuts, coconut milk, raw (liquid expressed from grated meat and water)",USDA_SR_Legacy,drinks,,230,2.29,5.54,23.84,2.2,,15,yes
usda_170174,"Nuts, coconut water (liquid from coconuts)","קוקוס — Nuts, coconut water (liquid from coconuts)","Кокос — Nuts, coconut water (liquid from coconuts)",USDA_SR_Legacy,drinks,,19,0.72,3.71,0.2,1.1,,105,yes
usda_170581,"Nuts, hazelnuts or filberts","אגוזי לוז — Nuts, hazelnuts or filberts","Лесные орехи — Nuts, hazelnuts or filberts",USDA_SR_Legacy,nuts,,628,14.95,16.7,60.75,9.7,,,yes
usda_168598,"Nuts, macadamia nuts, dry roasted, with salt added","מקדמיה — Nuts, macadamia nuts, dry roasted, with salt added","Макадамия — Nuts, macadamia nuts, dry roasted, with salt added",USDA_SR_Legacy,nuts,,716,7.79,12.83,76.08,8,,353,yes
usda_170179,"Nuts, macadamia nuts, dry roasted, without salt added","מקדמיה — Nuts, macadamia nuts, dry roasted, without salt added","Макадамия — Nuts, macadamia nuts, dry roasted, without salt added",USDA_SR_Legacy,nuts,,718,7.79,13.38,76.08,8,,4,yes
usda_168599,"Nuts, mixed nuts, dry roasted, with peanuts, with salt added","בוטנים — Nuts, mixed nuts, dry roasted, with peanuts, with salt added","Арахис — Nuts, mixed nuts, dry roasted, with peanuts, with salt added",USDA_SR_Legacy,legumes,,594,17.3,25.35,51.45,9,,345,yes
usda_169427,"Nuts, mixed nuts, oil roasted, with peanuts, lightly salted","בוטנים — Nuts, mixed nuts, oil roasted, with peanuts, lightly salted","Арахис — Nuts, mixed nuts, oil roasted, with peanuts, lightly salted",USDA_SR_Legacy,legumes,,607,20.04,21.05,53.95,7,,161,yes
usda_168600,"Nuts, mixed nuts, oil roasted, with peanuts, with salt added","בוטנים — Nuts, mixed nuts, oil roasted, with peanuts, with salt added","Арахис — Nuts, mixed nuts, oil roasted, with peanuts, with salt added",USDA_SR_Legacy,legumes,,607,20.04,21.05,53.95,7,,273,yes
usda_170587,"Nuts, mixed nuts, oil roasted, with peanuts, without salt added","בוטנים — Nuts, mixed nuts, oil roasted, with peanuts, without salt added","Арахис — Nuts, mixed nuts, oil roasted, with peanuts, without salt added",USDA_SR_Legacy,legumes,,607,20.04,21.05,53.95,7,,5,yes
usda_169423,"Nuts, mixed nuts, oil roasted, without peanuts, with salt added","בוטנים — Nuts, mixed nuts, oil roasted, without peanuts, with salt added","Арахис — Nuts, mixed nuts, oil roasted, without peanuts, with salt added",USDA_SR_Legacy,legumes,,615,15.52,22.27,56.17,5.5,,306,yes
usda_170182,"Nuts, pecans","פקאן — Nuts, pecans","Пекан — Nuts, pecans",USDA_SR_Legacy,nuts,,691,9.17,13.86,71.97,9.6,,,yes
usda_170591,"Nuts, pine nuts, dried","צנובר — Nuts, pine nuts, dried","Кедровые орехи — Nuts, pine nuts, dried",USDA_SR_Legacy,nuts,,673,13.69,13.08,68.37,3.7,,2,yes
usda_169426,"Nuts, pistachio nuts, dry roasted, with salt added","מלח — Nuts, pistachio nuts, dry roasted, with salt added","Соль — Nuts, pistachio nuts, dry roasted, with salt added",USDA_SR_Legacy,nuts,,569,21.05,27.55,45.82,10.3,,428,yes
usda_170185,"Nuts, pistachio nuts, dry roasted, without salt added","מלח — Nuts, pistachio nuts, dry roasted, without salt added","Соль — Nuts, pistachio nuts, dry roasted, without salt added",USDA_SR_Legacy,nuts,,572,21.05,28.28,45.82,10.3,,6,yes
usda_170186,"Nuts, walnuts, black, dried","אגוזי מלך — Nuts, walnuts, black, dried","Грецкие орехи — Nuts, walnuts, black, dried",USDA_SR_Legacy,nuts,,619,24.06,9.58,59.33,6.8,,2,yes
usda_170187,"Nuts, walnuts, english","אגוזי מלך — Nuts, walnuts, english","Грецкие орехи — Nuts, walnuts, english",USDA_SR_Legacy,nuts,,654,15.23,13.71,65.21,6.7,,2,yes
usda_169414,"Seeds, flaxseed","Seeds, flaxseed","Seeds, flaxseed",USDA_SR_Legacy,nuts,,534,18.29,28.88,42.16,27.3,,30,yes
usda_170556,"Seeds, pumpkin and squash seed kernels, dried","דלעת — Seeds, pumpkin and squash seed kernels, dried","Тыква — Seeds, pumpkin and squash seed kernels, dried",USDA_SR_Legacy,vegetable,,559,30.23,10.71,49.05,6,,7,yes
usda_169415,"Seeds, pumpkin and squash seed kernels, roasted, with salt added","דלעת — Seeds, pumpkin and squash seed kernels, roasted, with salt added","Тыква — Seeds, pumpkin and squash seed kernels, roasted, with salt added",USDA_SR_Legacy,vegetable,,574,29.84,14.71,49.05,6.5,,256,yes
usda_170557,"Seeds, pumpkin and squash seed kernels, roasted, without salt","דלעת — Seeds, pumpkin and squash seed kernels, roasted, without salt","Тыква — Seeds, pumpkin and squash seed kernels, roasted, without salt",USDA_SR_Legacy,vegetable,,574,29.84,14.71,49.05,6.5,,18,yes
usda_170189,"Seeds, sesame butter, tahini, from roasted and toasted kernels (most common type)","טחינה — Seeds, sesame butter, tahini, from roasted and toasted kernels (most common type)","Тахини — Seeds, sesame butter, tahini, from roasted and toasted kernels (most common type)",USDA_SR_Legacy,dairy,,595,17,21.19,53.76,9.3,,115,yes
usda_169412,"Seeds, sesame seed kernels, dried (decorticated)","שומשום — Seeds, sesame seed kernels, dried (decorticated)","Кунжут — Seeds, sesame seed kernels, dried (decorticated)",USDA_SR_Legacy,nuts,,631,20.45,11.73,61.21,11.6,,47,yes
usda_169416,"Seeds, sesame seed kernels, toasted, with salt added (decorticated)","מלח — Seeds, sesame seed kernels, toasted, with salt added (decorticated)","Соль — Seeds, sesame seed kernels, toasted, with salt added (decorticated)",USDA_SR_Legacy,nuts,,567,16.96,26.04,48,16.9,,588,yes
usda_170152,"Seeds, sesame seed kernels, toasted, without salt added (decorticated)","מלח — Seeds, sesame seed kernels, toasted, without salt added (decorticated)","Соль — Seeds, sesame seed kernels, toasted, without salt added (decorticated)",USDA_SR_Legacy,nuts,,567,16.96,26.04,48,16.9,,39,yes
usda_170150,"Seeds, sesame seeds, whole, dried","שומשום — Seeds, sesame seeds, whole, dried","Кунжут — Seeds, sesame seeds, whole, dried",USDA_SR_Legacy,nuts,,573,17.73,23.45,49.67,11.8,,11,yes
usda_169417,"Seeds, sunflower seed kernels from shell, dry roasted, with salt added","מלח — Seeds, sunflower seed kernels from shell, dry roasted, with salt added","Соль — Seeds, sunflower seed kernels from shell, dry roasted, with salt added",USDA_SR_Legacy,nuts,,546,19.33,15.31,49.8,9,,6008,yes
usda_170562,"Seeds, sunflower seed kernels, dried","יבש — Seeds, sunflower seed kernels, dried","Сушёный — Seeds, sunflower seed kernels, dried",USDA_SR_Legacy,nuts,,584,20.78,20,51.46,8.6,,9,yes
usda_169418,"Seeds, sunflower seed kernels, dry roasted, with salt added","מלח — Seeds, sunflower seed kernels, dry roasted, with salt added","Соль — Seeds, sunflower seed kernels, dry roasted, with salt added",USDA_SR_Legacy,nuts,,582,19.33,24.07,49.8,9,,655,yes
usda_170563,"Seeds, sunflower seed kernels, dry roasted, without salt","מלח — Seeds, sunflower seed kernels, dry roasted, without salt","Соль — Seeds, sunflower seed kernels, dry roasted, without salt",USDA_SR_Legacy,nuts,,582,19.33,24.07,49.8,11.1,,3,yes
usda_168593,"Seeds, sunflower seed kernels, oil roasted, with salt added","מלח — Seeds, sunflower seed kernels, oil roasted, with salt added","Соль — Seeds, sunflower seed kernels, oil roasted, with salt added",USDA_SR_Legacy,nuts,,592,20.06,22.89,51.3,10.6,,303,yes
usda_172232,"Basil, fresh","בזיליקום — Basil, fresh","Базилик — Basil, fresh",USDA_SR_Legacy,sauces,,23,3.15,2.65,0.64,1.6,,4,yes
usda_172238,"Capers, canned","קפרים — Capers, canned","Каперсы — Capers, canned",USDA_SR_Legacy,sauces,,23,2.36,4.89,0.86,3.2,,2348,yes
usda_171832,"Dip, bean, original flavor","שעועית — Dip, bean, original flavor","Фасоль — Dip, bean, original flavor",USDA_SR_Legacy,legumes,,119,5.44,15.89,3.7,4.9,,443,yes
usda_174068,"Dip, salsa con queso, cheese and salsa- medium","סלסה — Dip, salsa con queso, cheese and salsa- medium","Сальса — Dip, salsa con queso, cheese and salsa- medium",USDA_SR_Legacy,dairy,,143,3.14,11.14,9.51,0.7,,796,yes
usda_171564,"Gravy, beef, canned, ready-to-serve","בקר — Gravy, beef, canned, ready-to-serve","Говядина — Gravy, beef, canned, ready-to-serve",USDA_SR_Legacy,meat,,53,3.75,4.81,2.36,0.4,,633,yes
usda_171588,"Gravy, brown instant, dry","מהיר הכנה — Gravy, brown instant, dry","Растворимый — Gravy, brown instant, dry",USDA_SR_Legacy,sauces,,380,8.53,59.78,11.85,3.2,,5053,yes
usda_171566,"Gravy, chicken, canned or bottled, ready-to-serve","עוף — Gravy, chicken, canned or bottled, ready-to-serve","Курица — Gravy, chicken, canned or bottled, ready-to-serve",USDA_SR_Legacy,meat,,48,0.71,5.29,2.62,0.1,,389,yes
usda_171589,"Gravy, instant beef, dry","בקר — Gravy, instant beef, dry","Говядина — Gravy, instant beef, dry",USDA_SR_Legacy,meat,,369,9.8,61.1,9.48,4.3,,5203,yes
usda_171590,"Gravy, instant turkey, dry","הודו — Gravy, instant turkey, dry","Индейка — Gravy, instant turkey, dry",USDA_SR_Legacy,meat,,409,11.72,57.56,14.66,3.8,,4090,yes
usda_171171,"Gravy, mushroom, dry, powder","פטריות — Gravy, mushroom, dry, powder","Грибы — Gravy, mushroom, dry, powder",USDA_SR_Legacy,vegetable,,328,10,64.66,4,4.8,,6580,yes
usda_171173,"Gravy, pork, dry, powder","חזיר — Gravy, pork, dry, powder","Свинина — Gravy, pork, dry, powder",USDA_SR_Legacy,meat,,367,8.78,63.57,8.63,2.4,,5356,yes
usda_171568,"Gravy, turkey, canned, ready-to-serve","הודו — Gravy, turkey, canned, ready-to-serve","Индейка — Gravy, turkey, canned, ready-to-serve",USDA_SR_Legacy,meat,,51,2.6,5.1,2.1,0.4,,577,yes
usda_173472,"Horseradish, prepared","מוכן — Horseradish, prepared","Приготовленный — Horseradish, prepared",USDA_SR_Legacy,sauces,,48,1.18,11.29,0.69,3.3,,420,yes
usda_172234,"Mustard, prepared, yellow","חרדל — Mustard, prepared, yellow","Горчица — Mustard, prepared, yellow",USDA_SR_Legacy,sauces,,60,3.74,5.83,3.34,4,,1104,yes
usda_174523,"Sauce, barbecue","רוטב — Sauce, barbecue","Соус — Sauce, barbecue",USDA_SR_Legacy,sauces,,172,0.82,40.77,0.63,0.9,,1027,yes
usda_174067,"Sauce, cocktail, ready-to-serve","רוטב — Sauce, cocktail, ready-to-serve","Соус — Sauce, cocktail, ready-to-serve",USDA_SR_Legacy,sauces,,128,1.36,28.22,1.05,1.8,,1262,yes
usda_174074,"Sauce, enchilada, red, mild, ready to serve","רוטב — Sauce, enchilada, red, mild, ready to serve","Соус — Sauce, enchilada, red, mild, ready to serve",USDA_SR_Legacy,sauces,,30,0.62,4.87,0.91,0.5,,547,yes
usda_174531,"Sauce, fish, ready-to-serve","רוטב — Sauce, fish, ready-to-serve","Соус — Sauce, fish, ready-to-serve",USDA_SR_Legacy,fish,,35,5.06,3.64,0.01,,,7851,yes
usda_172886,"Sauce, hoisin, ready-to-serve","רוטב — Sauce, hoisin, ready-to-serve","Соус — Sauce, hoisin, ready-to-serve",USDA_SR_Legacy,sauces,,220,3.31,44.08,3.39,2.8,,1615,yes
usda_174525,"Sauce, homemade, white, medium","ביתי — Sauce, homemade, white, medium","Домашний — Sauce, homemade, white, medium",USDA_SR_Legacy,sauces,,147,3.84,9.17,10.63,0.2,,354,yes
usda_174526,"Sauce, homemade, white, thick","ביתי — Sauce, homemade, white, thick","Домашний — Sauce, homemade, white, thick",USDA_SR_Legacy,sauces,,186,3.99,11.61,13.83,0.3,,373,yes
usda_171833,"Sauce, horseradish","צנון — Sauce, horseradish","Редис — Sauce, horseradish",USDA_SR_Legacy,sauces,,503,1.09,10.05,50.89,1,,730,yes
usda_174529,"Sauce, oyster, ready-to-serve","צדפה — Sauce, oyster, ready-to-serve","Устрица — Sauce, oyster, ready-to-serve",USDA_SR_Legacy,fish,,51,1.35,10.92,0.25,0.3,,2733,yes
usda_171192,"Sauce, pasta, spaghetti/marinara, ready-to-serve","ספגטי — Sauce, pasta, spaghetti/marinara, ready-to-serve","Спагетти — Sauce, pasta, spaghetti/marinara, ready-to-serve",USDA_SR_Legacy,grains,,50,1.39,7.43,1.61,1.8,,437,yes
usda_171575,"Sauce, peanut, made from coconut, water, sugar, peanuts","בוטנים — Sauce, peanut, made from coconut, water, sugar, peanuts","Арахис — Sauce, peanut, made from coconut, water, sugar, peanuts",USDA_SR_Legacy,drinks,,179,2.02,28.46,6.34,1.1,,319,yes
usda_174070,"Sauce, peanut, made from peanut butter, water, soy sauce","חמאת בוטנים — Sauce, peanut, made from peanut butter, water, soy sauce","Арахисовая паста — Sauce, peanut, made from peanut butter, water, soy sauce",USDA_SR_Legacy,drinks,,257,6.31,22.02,16.02,1.8,,1338,yes
usda_174528,"Sauce, ready-to-serve, pepper, TABASCO","פלפל — Sauce, ready-to-serve, pepper, TABASCO","Перец — Sauce, ready-to-serve, pepper, TABASCO",USDA_SR_Legacy,sauces,,12,1.29,0.8,0.76,0.6,,633,yes
usda_174524,"Sauce, salsa, ready-to-serve","סלסה — Sauce, salsa, ready-to-serve","Сальса — Sauce, salsa, ready-to-serve",USDA_SR_Legacy,sauces,,29,1.52,6.64,0.17,1.9,,711,yes
usda_171824,"Sauce, salsa, verde, ready-to-serve","סלסה — Sauce, salsa, verde, ready-to-serve","Сальса — Sauce, salsa, verde, ready-to-serve",USDA_SR_Legacy,sauces,,38,1.13,6.36,0.89,1.9,,906,yes
usda_174066,"Sauce, sweet and sour, ready-to-serve","רוטב — Sauce, sweet and sour, ready-to-serve","Соус — Sauce, sweet and sour, ready-to-serve",USDA_SR_Legacy,sauces,,154,0.27,38.22,0.02,0.1,,539,yes
usda_171826,"Sauce, tartar, ready-to-serve","טרטר — Sauce, tartar, ready-to-serve","Тартар — Sauce, tartar, ready-to-serve",USDA_SR_Legacy,sauces,,211,1,13.3,16.7,0.5,,667,yes
usda_171167,"Sauce, teriyaki, ready-to-serve","טריאקי — Sauce, teriyaki, ready-to-serve","Терияки — Sauce, teriyaki, ready-to-serve",USDA_SR_Legacy,sauces,,89,5.93,15.56,0.02,0.1,,3833,yes
usda_174533,"Soup, bean & ham, canned, reduced sodium, prepared with water or ready-to-serve","מים — Soup, bean & ham, canned, reduced sodium, prepared with water or ready-to-serve","Вода — Soup, bean & ham, canned, reduced sodium, prepared with water or ready-to-serve",USDA_SR_Legacy,meat,,81,4.19,13.66,1.03,4,,187,yes
usda_171142,"Soup, bean with pork, canned, condensed","חזיר — Soup, bean with pork, canned, condensed","Свинина — Soup, bean with pork, canned, condensed",USDA_SR_Legacy,meat,,129,5.88,16.97,4.42,5.9,,672,yes
usda_172904,"Soup, bean with pork, canned, prepared with equal volume water","מים — Soup, bean with pork, canned, prepared with equal volume water","Вода — Soup, bean with pork, canned, prepared with equal volume water",USDA_SR_Legacy,meat,,63,2.88,8.31,2.16,2.9,,349,yes
usda_174073,"Soup, beef barley, ready to serve","שעורה — Soup, beef barley, ready to serve","Ячмень — Soup, beef barley, ready to serve",USDA_SR_Legacy,meat,,52,2.81,7.94,0.96,0.9,,297,yes
usda_171538,"Soup, beef broth or bouillon canned, ready-to-serve","ציר — Soup, beef broth or bouillon canned, ready-to-serve","Бульон — Soup, beef broth or bouillon canned, ready-to-serve",USDA_SR_Legacy,meat,,7,1.14,0.04,0.22,,,372,yes
usda_171560,"Soup, beef broth or bouillon, powder, dry","ציר — Soup, beef broth or bouillon, powder, dry","Бульон — Soup, beef broth or bouillon, powder, dry",USDA_SR_Legacy,meat,,213,15.97,17.4,8.89,,,26000,yes
usda_172922,"Soup, beef broth or bouillon, powder, prepared with water","מים — Soup, beef broth or bouillon, powder, prepared with water","Вода — Soup, beef broth or bouillon, powder, prepared with water",USDA_SR_Legacy,meat,,3,0.21,0.25,0.08,,,382,yes
usda_171561,"Soup, beef broth, cubed, dry","ציר — Soup, beef broth, cubed, dry","Бульон — Soup, beef broth, cubed, dry",USDA_SR_Legacy,meat,,170,17.3,16.1,4,,,24000,yes
usda_172923,"Soup, beef broth, cubed, prepared with water","מים — Soup, beef broth, cubed, prepared with water","Вода — Soup, beef broth, cubed, prepared with water",USDA_SR_Legacy,meat,,3,0.21,0.25,0.08,,,260,yes
usda_172889,"Soup, beef broth, less/reduced sodium, ready to serve","ציר — Soup, beef broth, less/reduced sodium, ready to serve","Бульон — Soup, beef broth, less/reduced sodium, ready to serve",USDA_SR_Legacy,meat,,6,1.14,0.2,0.07,,,225,yes
usda_171539,"Soup, beef noodle, canned, condensed","בקר — Soup, beef noodle, canned, condensed","Говядина — Soup, beef noodle, canned, condensed",USDA_SR_Legacy,meat,,67,3.85,7.16,2.46,0.6,,653,yes
usda_172906,"Soup, beef noodle, canned, prepared with equal volume water","מים — Soup, beef noodle, canned, prepared with equal volume water","Вода — Soup, beef noodle, canned, prepared with equal volume water",USDA_SR_Legacy,meat,,34,1.93,3.58,1.23,0.3,,325,yes
usda_172903,"Soup, black bean, canned, prepared with equal volume water","מים — Soup, black bean, canned, prepared with equal volume water","Вода — Soup, black bean, canned, prepared with equal volume water",USDA_SR_Legacy,other,,46,2.42,7.71,0.66,3.4,,487,yes
usda_171541,"Soup, cheese, canned, condensed","מרק — Soup, cheese, canned, condensed","Суп — Soup, cheese, canned, condensed",USDA_SR_Legacy,dairy,,82,0.8,11.3,3.92,2.2,,692,yes
usda_171546,"Soup, chicken and vegetable, canned, ready-to-serve","עוף — Soup, chicken and vegetable, canned, ready-to-serve","Курица — Soup, chicken and vegetable, canned, ready-to-serve",USDA_SR_Legacy,meat,,33,1.97,4.68,0.73,0.9,,229,yes
usda_171562,"Soup, chicken broth or bouillon, dry","עוף — Soup, chicken broth or bouillon, dry","Курица — Soup, chicken broth or bouillon, dry",USDA_SR_Legacy,meat,,267,16.66,18.01,13.88,,,23875,yes
usda_172924,"Soup, chicken broth or bouillon, dry, prepared with water","עוף — Soup, chicken broth or bouillon, dry, prepared with water","Курица — Soup, chicken broth or bouillon, dry, prepared with water",USDA_SR_Legacy,meat,,4,0.28,0.3,0.23,,,401,yes
usda_171542,"Soup, chicken broth, canned, condensed","עוף — Soup, chicken broth, canned, condensed","Курица — Soup, chicken broth, canned, condensed",USDA_SR_Legacy,meat,,31,4.42,0.75,1.04,,,621,yes
usda_174551,"Soup, chicken broth, canned, prepared with equal volume water","עוף — Soup, chicken broth, canned, prepared with equal volume water","Курица — Soup, chicken broth, canned, prepared with equal volume water",USDA_SR_Legacy,meat,,16,2.02,0.38,0.57,,,306,yes
usda_172888,"Soup, chicken broth, less/reduced sodium, ready to serve","עוף — Soup, chicken broth, less/reduced sodium, ready to serve","Курица — Soup, chicken broth, less/reduced sodium, ready to serve",USDA_SR_Legacy,meat,,7,1.36,0.38,,,,231,yes
usda_174536,"Soup, chicken broth, ready-to-serve","עוף — Soup, chicken broth, ready-to-serve","Курица — Soup, chicken broth, ready-to-serve",USDA_SR_Legacy,meat,,6,0.64,0.44,0.21,,,371,yes
usda_172908,"Soup, chicken gumbo, canned, prepared with equal volume water","עוף — Soup, chicken gumbo, canned, prepared with equal volume water","Курица — Soup, chicken gumbo, canned, prepared with equal volume water",USDA_SR_Legacy,meat,,23,1.08,3.43,0.59,0.8,,391,yes
usda_174522,"Soup, chicken mushroom, canned, condensed","עוף — Soup, chicken mushroom, canned, condensed","Курица — Soup, chicken mushroom, canned, condensed",USDA_SR_Legacy,meat,,100,1.61,11.95,4.84,3.2,,669,yes
usda_171543,"Soup, chicken noodle, canned, condensed","עוף — Soup, chicken noodle, canned, condensed","Курица — Soup, chicken noodle, canned, condensed",USDA_SR_Legacy,meat,,48,2.37,6.07,1.55,0.9,,681,yes
usda_172909,"Soup, chicken noodle, canned, prepared with equal volume water","עוף — Soup, chicken noodle, canned, prepared with equal volume water","Курица — Soup, chicken noodle, canned, prepared with equal volume water",USDA_SR_Legacy,meat,,24,1.16,2.97,0.76,0.5,,335,yes
usda_171571,"Soup, chicken noodle, dry, mix","עוף — Soup, chicken noodle, dry, mix","Курица — Soup, chicken noodle, dry, mix",USDA_SR_Legacy,meat,,377,15.42,62.32,6.51,3.2,,3161,yes
usda_172925,"Soup, chicken noodle, dry, mix, prepared with water","עוף — Soup, chicken noodle, dry, mix, prepared with water","Курица — Soup, chicken noodle, dry, mix, prepared with water",USDA_SR_Legacy,meat,,23,0.84,3.67,0.55,0.1,,229,yes
usda_171593,"Soup, chicken noodle, low sodium, canned, prepared with equal volume water","עוף — Soup, chicken noodle, low sodium, canned, prepared with equal volume water","Курица — Soup, chicken noodle, low sodium, canned, prepared with equal volume water",USDA_SR_Legacy,meat,,25,1.27,2.95,0.95,0.2,,173,yes
off_il_80176800,Nutella,נוטלה,Нутелла,OpenFoodFacts_IL,sweets,"Nutella, Ferrero",533.33,6,57.33,30.67,,56,0.428,yes
off_il_8434165466333,Krit krititas,קרקרים קריט,Крекеры,OpenFoodFacts_IL,other,"Cuétara, Krit",505,6.5,60,26,2.5,8.7,0.68,yes
off_il_80177609,Kinder Chocolate,שוקולד — Kinder Chocolate,Шоколад — Kinder Chocolate,OpenFoodFacts_IL,sweets,Kinder,544.933078393881,8.7,54.4,35,,53.5,0.123,yes
off_il_4000607852008,Dark Chocolate,שוקולד — Dark Chocolate,Шоколад — Dark Chocolate,OpenFoodFacts_IL,sweets,Schogetten,525,6.4,50,31,,47,0.004,yes
off_il_8853662056661,sriracha mayo,sriracha mayo,Соус,OpenFoodFacts_IL,sauces,"Exotic Food PCL, Flying goose brand",275,0.9,26,19,,17,4.1,yes
off_il_5413548280189,Schoko Bons,Schoko Bons,Schoko Bons,OpenFoodFacts_IL,sweets,"Ferrero, Kinder",576,8.3,52.5,36.6,,52.2,0.112,yes
off_il_8076809513739,Tomate y Badilico,רוטב עגבניות עם בזיליקום,Томатный соус,OpenFoodFacts_IL,sweets,Barilla,64,1.6,7.6,2.6,1.9,5.9,0.354,yes
off_il_80050124,Tic tac,tic tac סוכריות דחוסות בטעם מנטה,Tic tac свкрйвт дхвсвт бтм мנт,OpenFoodFacts_IL,sweets,Tic Tac,397,0.1,97.5,0.5,,94.5,43,yes
off_il_80050025,Tic Tac Fresh Orange,tic tac סוכריות דחוסות בטעם תפוז,Tic tac свкрйвт дхвсвт бтм тпвз,OpenFoodFacts_IL,sweets,Tic Tac,400,0.1,96.7,0.7,,93.3,0.0112,yes
off_il_3110846202159,Les papillotes authentiques noir majeur,Les papillotes authentiques noir majeur,Les papillotes authentiques noir majeur,OpenFoodFacts_IL,other,Révillon,558,8,45,37,,41,0.04,yes
off_il_7290004131074,Milk 3%,חלב טרי 3%,Тнува,OpenFoodFacts_IL,dairy,תנובה,60,3.3,4.95,3,,4.95,0.05,yes
off_il_8996001414002,Torabika Cappuccino,קפוצ'ינו — Torabika Cappuccino,Капучино,OpenFoodFacts_IL,drinks,Kopiko,440,4,84,10,,60,0.24,yes
off_il_4000522061752,Chio Stickletti,צ׳יו סטיקלטי - מקלות כעכים אפויים,Ц׳йв стйклтй - мклвт ккйм пвййм,OpenFoodFacts_IL,other,Chio,399,11,77,4,5.5,2,1.6,yes
off_il_0038000138430,Original Light,Original Light,Светлый — Original Light,OpenFoodFacts_IL,other,Pringles,535.714285714286,3.57142857142857,,32.1428571428571,3.57142857142857,3.57142857142857,0.571428571428571,yes
off_il_0038000138577,Cheddar Cheese,צ'דר — Cheddar Cheese,Сыр — Cheddar Cheese,OpenFoodFacts_IL,other,Pringles,535.714285714286,3.57142857142857,,32.1428571428571,3.57142857142857,3.57142857142857,0.642857142857143,yes
off_il_8001585010103,balconi Rolling Pistacho,עוגות מגולגלות במילוי קרם פיסטוק ובציפוי חלבי,Фисташки — balconi Rolling Pistacho,OpenFoodFacts_IL,dairy,Balconi,423,5.2,54,21,,39,0.102,yes
off_il_4000417626011,Fine Extra Dark Chocolate 70%,שוקולד — Fine Extra Dark Chocolate 70%,Шоколад — Fine Extra Dark Chocolate 70%,OpenFoodFacts_IL,sweets,Ritter Sport,615.384615384615,7.69230769230769,38.4615384615385,48.7179487179487,7.69230769230769,25.6410256410256,0.00769230769230769,yes
off_il_0038000138416,Original Potato Crisps,תפוח אדמה — Original Potato Crisps,Картофель — Original Potato Crisps,OpenFoodFacts_IL,other,Pringles,535.714285714286,6.2,50,31,4.1,0.9,0.4,yes
off_il_7290000176420,Instant coffee powder,קפה נמס,Кофе — Instant coffee powder,OpenFoodFacts_IL,drinks,Elite,4,0.12,0.75,0.01,,,659,yes
off_il_7622201401900,Sensations cookies Oreo cream,עוגיות — Sensations cookies Oreo cream,Печенье — Sensations cookies Oreo cream,OpenFoodFacts_IL,sweets,"Milka, Mondelez",520,4.2,60,29,2,39,0.22,yes
off_il_80052357,Duplo,Duplo,Duplo,OpenFoodFacts_IL,sweets,Ferrero,2469,7.4,50.9,39.3,0.1,41.9,0.08,yes
off_il_5906485301012,XL energy drink,XL energy drink,Энергетик — XL energy drink,OpenFoodFacts_IL,drinks,XL,47,,11,,,11,0.06,yes
off_il_8000500121436,Kinder bueno White,Kinder bueno White,Белый — Kinder bueno White,OpenFoodFacts_IL,sweets,Kinder,569.230769230769,8.5,53,35.9,,43.6,0.132,yes
off_il_0038000138607,Salt & Vinegar,חומץ — Salt & Vinegar,Уксус — Salt & Vinegar,OpenFoodFacts_IL,other,Pringles,535.714285714286,3.57142857142857,,32.1428571428571,3.57142857142857,3.57142857142857,0.642857142857143,yes
off_il_80874652,Kinder Cards,Kinder Cards. וופל ייחודי במילוי קרם חלבי (41.5%) וקרם קקאו (38%),Kinder Cards. ввпл ййхвдй бмйлвй крм хлбй (41.5%) вкрм ккв (38%),OpenFoodFacts_IL,sweets,Kinder,515.625,11.5,55.9,26.3,,42.9,0.18,yes
off_il_4823077633034,Konafetto Cocoa,קקאו — Konafetto Cocoa,Какао,OpenFoodFacts_IL,sweets,Roshen,515,4.5,61.7,54.29,3.57142857142857,42.3,0.0000238095238095238,yes
off_il_80160281,Rubra sauce - Italian ketchup,קטשופ רוברה ללא גלוטן,Кетчуп — Rubra sauce - Italian ketchup,OpenFoodFacts_IL,sauces,Cirio,108,1.6,23.4,0.1,2,20.4,0.8,yes
off_il_3102621015542,Calissons d'Aix,Calissons d'Aix,Calissons d'Aix,OpenFoodFacts_IL,other,CONFISERIE DU ROY RENÉ,432,8.1,60,17,,49,,yes
off_il_7290000066318,חטיף במבה,במבה,Бамба,OpenFoodFacts_IL,other,אסם,535,17,49,30,,3.5,0.39,yes
off_il_7290004127329,קוטג׳,קוטג' 5%,Тнува,OpenFoodFacts_IL,dairy,תנובה,95,11,1.5,5,,1.5,0.35,yes
off_il_7290000072623,קטשופ,קטשופ,Кетчуп,OpenFoodFacts_IL,grains,אסם,109,1.8,25.5,,,22.5,42,yes
off_il_7394376616778,Oat milk,חלב — Oat milk,Молоко,OpenFoodFacts_IL,vegan,Oatly,61,1.1,7.1,3,0.8,3.4,0.039,yes
off_il_5900951310379,SNICKERS CREAMY PEANUT BUTTER,חמאה — SNICKERS CREAMY PEANUT BUTTER,Масло — SNICKERS CREAMY PEANUT BUTTER,OpenFoodFacts_IL,sweets,SNICKERS,536,11,53,31,,45,0.232,yes
off_il_5904941751302,Blu Energy Drink,Blu Energy Drink,Энергетик — Blu Energy Drink,OpenFoodFacts_IL,drinks,blu,46,,10.8,,,10.8,25.6,yes
off_il_7290112494351,Cornflakes Of Champions - Toasted Corn Flakes,קורנפלקס צהוב,Кукурузные хлопья — Cornflakes Of Champions - Toasted Corn Flakes,OpenFoodFacts_IL,other,תלמה,375,7,83.3,0.9,0.9,2.1,0.113,yes
off_il_3245412305122,COEUR au Praliné CHOCOLAT au LAIT,COEUR au Praliné CHOCOLAT au LAIT,COEUR au Praliné CHOCOLAT au LAIT,OpenFoodFacts_IL,sweets,Carrefour,560,7.9,52,35,2.5,50,0.08,yes
off_il_8690777206051,Roasted Eggplant,חציל — Roasted Eggplant,Баклажан,OpenFoodFacts_IL,vegetable,Sera,34,1,8,,,4,0.48,yes
off_il_5900512980782,Camembert classic la polle,קממבר — Camembert classic la polle,Камамбер — Camembert classic la polle,OpenFoodFacts_IL,dairy,Mlekovita,363,17,18,32,,,0.48,yes
off_il_4823077618161,ВАФЛЕНИ ПУРИ С МЛЕЧЕН КРЕМ,וופל במילוי קרם חלבי,Ввпл бмйлвй крм хлбй,OpenFoodFacts_IL,sweets,"Roshen, КОНАФЕТО",525,4.3,64.4,27.5,,,264,yes
off_il_7290011194246,קוטג' 5%,קוטג שטראוס,Штраус,OpenFoodFacts_IL,dairy,שטראוס,97,10.2,2.4,5,,2.4,0.32,yes
off_il_3245413058881,Les Tablettes COEUR AU LAIT CHOCOLAT AU LAIT,Les Tablettes COEUR AU LAIT CHOCOLAT AU LAIT,Les Tablettes COEUR AU LAIT CHOCOLAT AU LAIT,OpenFoodFacts_IL,drinks,Carrefour,515,6.3,63,26,1.9,43,0.16,yes
off_il_5201360639007,Bake Rolls Salt,מלח — Bake Rolls Salt,Соль — Bake Rolls Salt,OpenFoodFacts_IL,other,7 Days,451,14,64,15,,7,1.08,yes
off_il_4009900484060,Orbit,Orbit,Orbit,OpenFoodFacts_IL,other,Orbit,147,,61.4,,,,225,yes
off_il_5010338301620,Katsu Curry Paste,Katsu Curry Paste,Katsu Curry Paste,OpenFoodFacts_IL,other,Blue Dragon,171,2.6,19,8.6,,14,0.669,yes
off_il_8008857601052,Lasagne,Lasagne,Паста,OpenFoodFacts_IL,grains,Pasta Reggia,358,12.4,71.2,1.8,3.5,2.6,0.0028,yes
off_il_8024985003988,Mela Banana,בננה — Mela Banana,Банан,OpenFoodFacts_IL,fruit,"Almaverde Bio, Natura Nuova",66,0.7,14.5,0.3,1.6,14,0.004,yes
off_il_7290000480107,quaker,שיבולת שועל להכנה מהירה,Овёс,OpenFoodFacts_IL,grains,quaker,392.5,13,65,8,10,1,0.007,yes
off_il_4009900482417,Orbit Bubble Mint X46,נענע — Orbit Bubble Mint X46,Мята — Orbit Bubble Mint X46,OpenFoodFacts_IL,other,"Orbit, Wrigley's",151,,63,,,,0.007,yes
off_il_3560071461669,Pulpe de tomates,Pulpe de tomates,Pulpe de tomates,OpenFoodFacts_IL,other,Carrefour,25,1.1,4.4,,0.8,3.4,0.004,yes
off_il_4088600557311,TOMATO & BASIL PASTA SAUCE,עגבנייה — TOMATO & BASIL PASTA SAUCE,Помидор — TOMATO & BASIL PASTA SAUCE,OpenFoodFacts_IL,grains,INSPIRED CUISINE,41,1.2,5.8,1.1,1.5,4.3,0.176,yes
off_il_80177173,Nutella,Nutella,Nutella,OpenFoodFacts_IL,sweets,Ferrero,539,6.3,57.5,30.9,,56.3,0.042,yes
off_il_0038000845536,CHEDDAR CHEESE FLAVORED,Pringles Cheedar Cheese. חטיף תפוחי אדמה בטעם גבינה צ׳אדר,Pringles Cheedar Cheese. хтйп тпвхй дм бтм гбйנ ц׳др,OpenFoodFacts_IL,other,Pringles,523.809523809524,2,22,13,1,1,0.26,yes
off_il_8715700110141,Spread Mayonnaise,ממרח,Майонез,OpenFoodFacts_IL,sauces,Heinz,644,0.8,3,70,,1.5,0.4,yes
off_il_7290000120836,מיונז אמיתי,מיונז אמיתי,Майонез,OpenFoodFacts_IL,sauces,"Hellmann's, Hellman's",698,1.2,2.3,76,,1.4,405,yes
off_il_7290008775816,عرجليوت اوسم 300gm,ערגליות שוקו,Шоколадное молоко,OpenFoodFacts_IL,sweets,אסם,417,4.5,70,13.2,,35,0.06,yes
off_il_7290011017873,קולה זירו פחית,קולה דל קלוריות,Квл дл клврйвт,OpenFoodFacts_IL,drinks,קוקה קולה,0.0909090909090909,,,,,,0.00153939393939394,yes
off_il_7290002543046,Kellogg's Frosties 750,Kellogg's Frosties 750,Kellogg's Frosties 750,OpenFoodFacts_IL,other,קלוג'ס,375,4.5,87,0.6,2,37,0.332,yes
off_il_7290107942355,Tapuchips Stickz,תפוצ'יפס מקלות,Чипсы,OpenFoodFacts_IL,other,עלית,548.333333333333,6,53.3333333333333,35,,,0.393333333333333,yes
off_il_5900020026552,Honey nut cheerios,דבש — Honey nut cheerios,Мёд — Honey nut cheerios,OpenFoodFacts_IL,sweets,Ossem,378,8.7,73.7,3.6,8.1,22.5,0.252,yes
off_il_5604321021819,Sementes de Girassol,Sementes de Girassol,Sementes de Girassol,OpenFoodFacts_IL,other,Cem Porcento,681,20.9,5.1,62.4,7.7,3.4,0.0092,yes
off_il_7290000056845,Milk 3%,חלב 3%,Тнува,OpenFoodFacts_IL,dairy,תנובה,60,3.3,4.95,3,,4.95,0.05,yes
off_il_7290002543237,קלוגס קורנפלקס,קלוגס קורנפלקס,Кукурузные хлопья,OpenFoodFacts_IL,grains,"Kellogg's, קלוגס",481,7,84,0.9,3,8,43,yes
off_il_5060402908149,Soft Centres Biscuits,ביסקוויט — Soft Centres Biscuits,Бисквит — Soft Centres Biscuits,OpenFoodFacts_IL,sweets,Mars,435,4.6,66.2,16.3,,38.9,0.192,yes
off_il_8000215204394,Organic Rice Drink With Hazelnut,ויטריז משקה אורז עם אגוזי לוז אורגני,Лесной орех — Organic Rice Drink With Hazelnut,OpenFoodFacts_IL,grains,"Alinor, Vitariz",68,0.8,10,2.6,0.6,5,0.04,yes
off_il_8715700419732,קטשופ heinz,מתבל עגבניות,Кетчуп,OpenFoodFacts_IL,sauces,Heinz,102,1.2,23.2,0.1,,22.8,0.72,yes
off_il_4001518114209,GRIESSON BIO COOKIES,עוגיות עם שבבים בטעם שוקולד,Шоколад — GRIESSON BIO COOKIES,OpenFoodFacts_IL,sweets,Griesson,477,6.6,66,20,3.3,33,0.24,yes
off_il_7290107944472,סימפוניה שום שמיר,סימפוניה שום שמיר,Укроп — סימפוניה שום שמיר,OpenFoodFacts_IL,dairy,"סימפוניה, שטראוס",109,9.8,4.8,5,1,4.8,0.365,yes
off_il_8594404001418,Tmavý velkopopovický kozel,בירה קוזל כהה,Пиво — Tmavý velkopopovický kozel,OpenFoodFacts_IL,drinks,"Plzeňský Prazdroj, kozel",,,,,,,5,yes
off_il_7290000572673,Ahava Halva Snack,חטיף — Ahava Halva Snack,Халва — Ahava Halva Snack,OpenFoodFacts_IL,sweets,אחדות ביח&quot;ר לטחינה- חלוה וממתקים (אחוה),578,14.5,46,36,6,24,0.028,yes
off_il_7290110115463,Fuze tea,פיוז טי,Чай,OpenFoodFacts_IL,drinks,Fuzetea,8,,7.9,,,7.9,0.02,yes
off_il_4823077646270,lovita blondie brownie кокос,בראוני — lovita blondie brownie кокос,Брауни — lovita blondie brownie кокос,OpenFoodFacts_IL,other,Lovita,491,5,52.8,29.5,,20.7,0.11,yes
off_il_0077975022757,Sourdough Hard Pretzels,לחם מחמצת — Sourdough Hard Pretzels,Крендель — Sourdough Hard Pretzels,OpenFoodFacts_IL,other,Snyder's of Hanover,357.14285714286,10.714285714286,82.142857142857,,3.5714285714286,,0.85714285714284,yes
off_il_7290116932033,חמאה,חמאה,Тнува,OpenFoodFacts_IL,dairy,Tnuva,734,0.5,0.8,81,,,1276,yes
off_il_0054100018304,Dill Relish,רליש — Dill Relish,Укроп,OpenFoodFacts_IL,greens,vlasic,113.3339,,6.6667,,,,1.6,yes
off_il_7290000063140,Shkedei marak,שקדי מרק,Осем,OpenFoodFacts_IL,grains,Osem,510,9,65,24,,1.2,0.375,yes
off_il_7290000446547,Natural Peanut Butter,חמאת בוטנים טבעית,Арахисовая паста,OpenFoodFacts_IL,dairy,B&D,617,28,12.4,49,,5.1,0.006,yes
off_il_7290110325619,BARISTA Alternative oat,משקה שיבולת שועל,Овёс — BARISTA Alternative oat,OpenFoodFacts_IL,sweets,תנובה,54,1.1,5,3,1.5,3,0.04,yes
off_il_3102621015528,Petits calissons,Petits calissons,Petits calissons,OpenFoodFacts_IL,other,Le Roy René,419,7.9,59,16,,48,,yes
off_il_7290000041858,שמנת 15%,שמנת 15%,Сливки,OpenFoodFacts_IL,dairy,יוטבתה,78.5,1.45,1.35,7.5,,,92,yes
off_il_7622202207273,sour patch kids,sour patch kids,sour patch kids,OpenFoodFacts_IL,other,Sour Patch Kids,363,,90,,,77,0.051,yes
off_il_4009900479998,Orbit Blueberry x46 64g,אוכמניות — Orbit Blueberry x46 64g,Черника — Orbit Blueberry x46 64g,OpenFoodFacts_IL,other,"Orbit, Wrigley's",172,,69.9,,,,225,yes
off_il_7290000416021,קרם מובחר למריחה,קרם מובחר למריחה,Крм мвбхр лмрйх,OpenFoodFacts_IL,other,השחר העולה,504,3.6,65,25.5,,57,2.4,yes
off_il_7290000066332,Apropo,אפּרוֹפּוֹ,Осем,OpenFoodFacts_IL,grains,"Osem, אסם",268,2.3,31,15,,,0.39,yes
off_il_6223006710184,Instant noodles,אטריות — Instant noodles,Лапша,OpenFoodFacts_IL,grains,Kellogg's,435,10,60,17,2.8,2.1,0.824,yes
off_il_4751019538744,"CACAO, COCONUT & CHIA SEEDS MUESLI","קוקוס — CACAO, COCONUT & CHIA SEEDS MUESLI","Мюсли — CACAO, COCONUT & CHIA SEEDS MUESLI",OpenFoodFacts_IL,grains,graci,466,17,38,25,13,1.6,128,yes
off_il_7290004125455,Original Sour Cream 15%,שמנת חמוצה — Original Sour Cream 15%,Сливки — Original Sour Cream 15%,OpenFoodFacts_IL,dairy,Tnuva,159,2.7,3.3,15,,3.3,0.041,yes
off_il_7290004125578,SOY DRINK,משקה סויה מועשר אלטרנטיב,Напиток,OpenFoodFacts_IL,drinks,ALTERNATIVE,46,3.3,4,1.6,1,3.8,0.05,yes
off_il_7622202301346,Big Thanks,Big Thanks,Big Thanks,OpenFoodFacts_IL,sweets,Toblerone,528,5.6,61,28,,,659,yes
off_il_7290004127077,3% cottage cheese,3%גבינה קוטג,Творог — 3% cottage cheese,OpenFoodFacts_IL,dairy,תנובה,77,11,1.5,3,,1.5,0.35,yes
off_il_7290003903788,קפוצינו וניל,קפוצינו וניל,Кофе,OpenFoodFacts_IL,drinks,קפה עלית,424,4,84,8,,59,92,yes
off_il_0016229924263,Coconut cream,קוקוס — Coconut cream,Сливки,OpenFoodFacts_IL,dairy,Aroy-D,215,1.6,4.8,21,,1.9,0.012,yes
off_il_7290100850916,,דוריטוס חמוץ חריף,Дврйтвс хмвц хрйп,OpenFoodFacts_IL,sauces,עלית דוריטוס,528,8.2,63,27,,1.4,0.379,yes
off_il_7290000446554,חמאת בוטנים טבעית  (B&D),חמאת בטנים טבעית,Арахисовая паста — חמאת בוטנים טבעית  (B&D),OpenFoodFacts_IL,nuts,B&D,617,28,12.4,49,7,5.1,0.006,yes
off_il_7290106663183,Unknown Product,צ׳יטוס Crunchy בטעם גבינה,Сыр,OpenFoodFacts_IL,dairy,עלית,550,5.4,57,33,,0.5,0.39,yes
off_il_5902198160403,"XL Energy Drink (No Sugar, 10 Calories)","סוכר — XL Energy Drink (No Sugar, 10 Calories)","Энергетик — XL Energy Drink (No Sugar, 10 Calories)",OpenFoodFacts_IL,sweets,XL,4,,,,,,876,yes
off_il_7290004127336,קוטג' 9%,קוטג' 9%,Тнува,OpenFoodFacts_IL,dairy,תנובה,128,10.5,1.2,9,,1.2,0.35,yes
off_il_7290107954976,קפה פרו משקה חלבון,משקה קפה עם חלבון,Напиток — קפה פרו משקה חלבון,OpenFoodFacts_IL,dairy,פרו,63,7.2,5.1,1.5,,5,0.067,yes
off_il_7290102399796,יוגורט קרמי,יוגורט חלבון וסיבים תזונתיים 2% שומן,Йогурт,OpenFoodFacts_IL,sweets,müller,82,12.5,2.2,2,2.5,2.2,0.04,yes
off_il_7290117261545,סלמון אטלנטי ברוטב טריאקי,סלמון אטלנטי ברוטב טריאקי,Терияки — סלמון אטלנטי ברוטב טריאקי,OpenFoodFacts_IL,fish,ויליפוד,196,15,10,11,,8,,yes
off_il_7290107932080,חלב מועשר,חלב מועשר,Молоко,OpenFoodFacts_IL,dairy,יטבתה,60,3.4,4.9,3,,4.9,0.041,yes
off_il_7290110563462,חלב נטול לקטוז מפוסטר,חלב דל לקטוז,Молоко — חלב נטול לקטוז מפוסטר,OpenFoodFacts_IL,dairy,יטבתה,52,3.4,5,2,,5,0.04,yes
off_il_7290002331711,Grape water,נביעות לגוף ולנשמה - משקה על בסיס מים מינרליים טבעיים בטעם ענבים,Вода,OpenFoodFacts_IL,drinks,"Neviot, נביעות",15,,3.8,,,3.8,,yes
off_il_7290110115821,ספרייט רגיל,ספרייט רגיל,Кола,OpenFoodFacts_IL,drinks,Coca-Cola company,39,,9.60000038146973,,,2.5,659,yes
off_il_7290119377480,Pro 20 with cereal,דגני בוקר — Pro 20 with cereal,Хлопья — Pro 20 with cereal,OpenFoodFacts_IL,grains,Danone,118,11.1999998092651,8.5,3.59999990463257,2.20000004768372,8.30000019073486,43,yes
off_il_5204193846093,Crunchy Sour Cream& Dill Chips,שמנת חמוצה — Crunchy Sour Cream& Dill Chips,Сливки — Crunchy Sour Cream& Dill Chips,OpenFoodFacts_IL,other,JUMBO,528.6,5.7,45.6,35,4.2,0.8,0.002,yes
off_il_7290012227998,"Beef Brisket, Thin Sliced",חזה בקר דק דק דק זוגלובק,"Говядина — Beef Brisket, Thin Sliced",OpenFoodFacts_IL,meat,Zoglobek,111,15,6,3,,2,0.9,yes
off_il_7290110115005,Grape Juice,מיץ בטעם ענבים,Сок,OpenFoodFacts_IL,drinks,פריגת,36,,8.9,,,8.1,6,yes
off_il_0197644898404,גומי,גומי,Жевательный мармелад,OpenFoodFacts_IL,sweets,Cokoc,344,2.7,81.9,,,50.4,659,yes
off_il_5900020046833,Cheerios,Cheerios,Cheerios,OpenFoodFacts_IL,other,Nestlé,383.333333333333,10.6666666666667,66.6666666666667,6,,9,0.286666666666667,yes
off_il_7290118426202,ביסלי במבה מיקס,במבה ביסלי,Бамба — ביסלי במבה מיקס,OpenFoodFacts_IL,other,אסם,520,13.5714285714286,58,26,,2.14285714285714,0.39,yes
off_il_7290002331124,נביעות+ תפוח עדין,נביעות+ תפוח עדין,Яблоко — נביעות+ תפוח עדין,OpenFoodFacts_IL,fruit,נביעות,15,,3.75,,,3.75,9,yes
off_il_7290105431516,Date and Peanut Snack,חטיף תמרים ושברי בוטנים,Арахис — Date and Peanut Snack,OpenFoodFacts_IL,other,S. Schestowitz Ltd,396,9.6,45.2,18,7.2,37.2,0.0052,yes
off_il_80936848,Tic tac strawberry mix goûts duo de fraises,tic TAC סוכריות דחוסות בטעם תות שדה ובטעם תות שדה-מנטה,Tic TAC свкрйвт дхвсвт бтм твт шд вбтм твт шд-мנт,OpenFoodFacts_IL,sweets,Tic Tac,399,,96.5,0.5,,91.7,0.012,yes
off_il_0856591000062,,עוגיוצ מזרחי,Вгйвц мзрхй,OpenFoodFacts_IL,other,עבאדי,120,2,15,5,2,,0.18,yes
off_il_0827470061733,Dattes Medjool Dates,Dattes Medjool Dates,Dattes Medjool Dates,OpenFoodFacts_IL,fruit,Mehadrin,322,1.8,75,0.2,7.5,66.5,0.004,yes
off_il_7290010627004,Thina Jerusalem,Thina Jerusalem,Thina Jerusalem,OpenFoodFacts_IL,other,Thina Jerusalem,670,25,13,58.8,,0.9,0.28,yes
off_il_0043427182034,Fresh Crispy Delicious Pretzels Sourdough,Pretzels. שמיניות כעכים עם מלח - חטיף אפוי,Крендель — Fresh Crispy Delicious Pretzels Sourdough,OpenFoodFacts_IL,other,Lieber's,392.9,11,82,1.8,7.1,3.6,1.72,yes
off_il_7290000043814,,Whipping Cream 38% שמנת להקצפה,Сливки,OpenFoodFacts_IL,dairy,תנובה Tnuva השף הלבן White Chef,366,2,3.3,38,,3.3,0.085,yes
off_il_7792860006218,בייבי דול,בייבי דול,Бййбй двл,OpenFoodFacts_IL,other,Lheritier,398,,99,,,71,0.012,yes
off_il_4820199870019,Сушки ванільні флора,Сушки ванільні флора,Сушки ванільні флора,OpenFoodFacts_IL,other,Бкв,392,9,75.7,5.9,,19.25,,yes
off_il_7290013358530,רוטב צ׳ילי מתוק,רוטב צ׳ילי מתוק,Соус — רוטב צ׳ילי מתוק,OpenFoodFacts_IL,sauces,מאסטר שף,140,,35,,,33,0.538,yes
off_il_7290003075102,لبنة طمرة,لبنة طمرة,لبنة طمرة,OpenFoodFacts_IL,other,,155,12,2,11,,,,yes
off_il_4607003120917,Nachos. Corn Snack Delicados Cheese,Nachos. חטיף תירס בטעם גבינה,Сыр — Nachos. Corn Snack Delicados Cheese,OpenFoodFacts_IL,other,Delicados,470,6.5,57,22.5,,,405,yes
off_il_7290114310536,יוגורט קרמי בטעם וניל,יוגורט מועשר בחלבון בטעם וניל 0% שומן,Йогурт — יוגורט קרמי בטעם וניל,OpenFoodFacts_IL,sweets,müller,68,12.5,5.8,,1,3.4,0.04,yes
off_il_0717273504875,Mayonnaise Egg Free,מיונז — Mayonnaise Egg Free,Майонез — Mayonnaise Egg Free,OpenFoodFacts_IL,sauces,American Garden,570,0.27,7.8,60.5,,3,0.5127,yes
off_il_7290110115623,Fuce tea,תה — Fuce tea,Чай,OpenFoodFacts_IL,drinks,Fuzetea,2,,,,,,642,yes
off_il_5604321021802,Sementes de Abóbora,Sementes de Abóbora,Sementes de Abóbora,OpenFoodFacts_IL,other,Cem Porcento,615,30.1,18.4,49,6,0.7,0.004,yes
off_il_7290112495006,Cornflakes cereal,דגני בוקר — Cornflakes cereal,Тельма,OpenFoodFacts_IL,grains,Telma,463.333333333333,7,73.3333333333333,16,,39.6666666666667,0.496666666666667,yes
off_il_7290115203844,Plant-based schnitzel,Plant-based schnitzel,Шницель,OpenFoodFacts_IL,meat,Hälsans Kök,240,12.3333333333333,17.5555555555556,12.2222222222222,5.33333333333333,0.444444444444444,0.327777777777778,yes
off_il_8445290581310,Piccolinis Tomaten/Mozzarella,מוצרלה — Piccolinis Tomaten/Mozzarella,Моцарелла,OpenFoodFacts_IL,dairy,Buitoni,218,9,28.5,7.1,2,3.8,0.292,yes
off_il_7290112357113,Houmous,Houmous,Houmous,OpenFoodFacts_IL,other,Shtrauss,127,,10,6.5,,7.8,0.06,yes
off_il_0850668000818,Original Sea Salt Kettle Cooked Potato Chips,תפוח אדמה — Original Sea Salt Kettle Cooked Potato Chips,Картофель — Original Sea Salt Kettle Cooked Potato Chips,OpenFoodFacts_IL,other,Deep River Snacks,535.714285714286,7.14285714285714,50,35.7142857142857,3.57142857142857,,0.321428571428571,yes
off_il_7290000170077,Elit Dark Chocolate,שוקולד פרה מריר,Шоколад — Elit Dark Chocolate,OpenFoodFacts_IL,sweets,Elit,508.982035928144,5.38922155688623,51.497005988024,29.940119760479,,49.1017964071856,659,yes
off_il_7290106654945,תפוצ׳יפס XTRA,תפוצ׳יפס XTRA,Чипсы,OpenFoodFacts_IL,other,תפוצ'יפס,523,5.8,53,32,,2.5,0.87376,yes
off_il_8413664644381,Delicatessen,Delicatessen,Delicatessen,OpenFoodFacts_IL,other,Argente,554,6,55,33,,0.8,0.48,yes
off_il_7290110565527,PRO Yogurt,דנונה PRO יוגורט 20 גר׳ חלבון 1.5% שומן,Йогурт,OpenFoodFacts_IL,dairy,"Danone, Dgona",70,10,3.4,1.5,,3.4,0.035,yes
off_il_5014271796147,Raspberry and Pomegranate Fruit Spread,רימון — Raspberry and Pomegranate Fruit Spread,Гранат — Raspberry and Pomegranate Fruit Spread,OpenFoodFacts_IL,sauces,St. Dalfour,237,0.5,56,0.8,,56,0.08,yes
off_il_7290008752244,טפוצ׳יפס קראנץ׳ גריל,תפוציפס קאנצ בטעם גריל,Тпвцйпс кנц бтм грйл,OpenFoodFacts_IL,other,Tapouchim,538,6.2,54,33,,3,0.396,yes
off_il_7290102398072,Milk 3%,חלב — Milk 3%,Молоко,OpenFoodFacts_IL,dairy,Tara,60,3.3,5,3,,,0.02,yes
off_il_0016000507777,Crunchy,חטיף שיבולת עם שוקולד מריר,Шоколад,OpenFoodFacts_IL,sweets,Nature Valley,473.809523809524,8.80952380952381,61.4285714285714,19.7619047619048,6.90476190476191,26.9047619047619,0.25952380952381,yes
off_il_7613037686906,Fitness almond honey,שקדים — Fitness almond honey,Миндаль — Fitness almond honey,OpenFoodFacts_IL,sweets,Nestlé,386,10,70.1,5.6,7.7,10,0.134,yes
off_il_7290000073767,מנה חמה נודלס בטעם בקר,נודלס בטעם בקר,Осем — מנה חמה נודלס בטעם בקר,OpenFoodFacts_IL,grains,Osem,457.746478873239,10,63.3802816901408,18.3098591549296,,3.09859154929577,2.10845070422535,yes
off_il_4840008019521,Butterfly Biscuits,ביסקוויט — Butterfly Biscuits,Бисквит,OpenFoodFacts_IL,sweets,,466.66666666667,6.6666666666667,66.666666666667,20,2,26.666666666667,0.26,yes
off_il_7290000178721,Tapuchips Plain Salted 200gm,עם מלח — Tapuchips Plain Salted 200gm,Чипсы — Tapuchips Plain Salted 200gm,OpenFoodFacts_IL,other,תפוצ'פס,549,5.9,53,35,,,0.393,yes
off_il_7290110328764,GO by Yoplait,יוגורט גו במרקם סמיך תות,Йопле — GO by Yoplait,OpenFoodFacts_IL,dairy,Yoplait,54,10,3.4,,,3.1,0.03,yes
off_il_7290107646147,שוגי תלמה,School Snack שוגי,Тельма,OpenFoodFacts_IL,other,תלמה,476.923076923077,6.53846153846154,61.1538461538462,22.3076923076923,3.07692307692308,30,0.334615384615385,yes
off_il_7290002824640,5% גבינה לבנה,סקי 5%,Штраус — 5% גבינה לבנה,OpenFoodFacts_IL,dairy,שטראוס,96,7.9,3.9,5,,3.9,0.24,yes
off_il_7290000574035,דגנית עין בר,לחם שחור אחיד,Хлеб — דגנית עין בר,OpenFoodFacts_IL,fish,דגנית עין בר,298,10.3,56.5,2.5,,,61,yes
off_il_7290008750677,,ממולדה,Ммвлд,OpenFoodFacts_IL,greens,עלית,472,6.9,61,22,,59,0.095,yes
off_il_7290112494221,ביסקויט מצופה שוקולד חלב ושוקולד לבן,ביסקויט מצופה שוקולד חלב ושוקולד לבן,Шоколад — ביסקויט מצופה שוקולד חלב ושוקולד לבן,OpenFoodFacts_IL,sweets,קליק,521.538461538462,9,64.8,25,,48,0.125,yes
off_il_8715700423906,Tomato Ketchup 50%,קטשופ — Tomato Ketchup 50%,Кетчуп — Tomato Ketchup 50%,OpenFoodFacts_IL,sauces,Heinz,64,1.4,12,0.1,,11,0.36,yes
off_il_5010035069588,Party Rings Chocolate,שוקולד — Party Rings Chocolate,Шоколад — Party Rings Chocolate,OpenFoodFacts_IL,sweets,,436,5,77.4,11.3,2.4,47.6,0.096,yes
off_il_7290004125721,Sour Cream 15%,שמנת חמוצה — Sour Cream 15%,Сливки — Sour Cream 15%,OpenFoodFacts_IL,dairy,Tnuva,163,2.8,4.2,15,,,0.041,yes
off_il_7290000042435,1% lowfat milk,חלב 1 אחוז,Тнува — 1% lowfat milk,OpenFoodFacts_IL,dairy,תנובה,43,3.35,5.1,1,,5.1,0.05,yes
off_il_7290112335500,"פריכיות חומוס, אורז ו עדשים שחורות וקטניות קטנה",Energy הפריכות הטעימות,"Штраус — פריכיות חומוס, אורז ו עדשים שחורות וקטניות קטנה",OpenFoodFacts_IL,dairy,Strauss,399,16.9,68,4.5,9.3,5.1,0.256,yes
off_il_7290003643387,White Sugar,סוכר לבן,Сахар,OpenFoodFacts_IL,sweets,"Sugat, סוגת",400,,100,,,,876,yes
off_il_7613035622623,,גרנולה דבש פיטנס,Гранола,OpenFoodFacts_IL,sweets,Nestlé,429,8.7,65,13.3,7,18,0.036,yes
off_il_7290116931241,"Cottage Cheese, 12% Fat",קוטג' 12%,"Творог — Cottage Cheese, 12% Fat",OpenFoodFacts_IL,dairy,"Tnuva, תנובה",153,10,1.2,12,,,344,yes
off_il_7290000069364,قطع بريخونيم,פריכונים,Осем,OpenFoodFacts_IL,grains,"Osem, אסם",384,8.5,79,2.8,4.2,0.5,0.015,yes
off_il_7290110577254,Pro Coffee Zero Sugar,PRO משקה קפה עם חלב,Кофе — Pro Coffee Zero Sugar,OpenFoodFacts_IL,sweets,יטבתה,37,7.2,2.1,,,1.7,0.081,yes
off_il_7290004129101,גבינת שמנת בטעם טבעי 25% שומן,גבינת שמנת בטעם טבעי 25% שומן,Сливки — גבינת שמנת בטעם טבעי 25% שומן,OpenFoodFacts_IL,dairy,גד,253,4.3,2.7,25,,2.7,0.75,yes
off_il_7290116932774,Yoplait GO 42 Banana Caramel Yogurt Drink,בננה קרמל,Йопле — Yoplait GO 42 Banana Caramel Yogurt Drink,OpenFoodFacts_IL,sweets,Yoplait,50,8,3.2,0.5,,2.6,0.049,yes
off_il_7290112495228,קורנפלקס דבש,קורנפלקס דבש,Кукурузные хлопья,OpenFoodFacts_IL,sweets,תלמה,387,6.7,88,0.9,,7.36,1004,yes
off_il_4810268022623,5% milkfat cottage cheese,קוטג' — 5% milkfat cottage cheese,Творог — 5% milkfat cottage cheese,OpenFoodFacts_IL,dairy,"Straus, Савушкин",109,13,3,5,,3,0.393,yes
off_il_00728441,חטיף חלבון בטעם דאבל שוקולד,חטיף חלבון בטעם דאבל שוקולד,Шоколад — חטיף חלבון בטעם דאבל שוקולד,OpenFoodFacts_IL,sweets,Proud,372,31,35.6,15.7,5.7,4.2,0.155,yes
off_il_5060639128051,monster energy ultra,monster energy ultra,Энергетик — monster energy ultra,OpenFoodFacts_IL,drinks,monster,3,,0.9,,,,66,yes
off_il_72917367,טעמי,טעמי,Тмй,OpenFoodFacts_IL,greens,עלית,507.5,6.25,60,27,,45,0.1725,yes
off_il_7290110115043,Lemonade,לימונדה — Lemonade,Лимонад,OpenFoodFacts_IL,drinks,Pregat,36,,9.2,,,8.7,0.005,yes
off_il_7290119377404,PRO 2% Fat Vanilla,וניל 2%,Вנйл 2%,OpenFoodFacts_IL,oils,דנונה,89,11.6,4.3,2,1.9,3.9,800,yes
off_il_0038527591053,Oatmeal Squares,דייסת שיבולת שועל — Oatmeal Squares,Овсянка — Oatmeal Squares,OpenFoodFacts_IL,grains,Quaker,363,11,69.26,4.66,8.66,16.65,0.332,yes
off_il_7290000181103,עד חצות סגול,עד חצות,Д хцвт,OpenFoodFacts_IL,other,Yarden,485.029940119761,7.18562874251497,59.8802395209581,23.3532934131737,,41.9161676646707,0.155688622754491,yes
off_il_7290000284316,Coca-Cola Cachere- 1.5L- Klp -22,קוקה קולה 1.5 ליטר,Квк квл 1.5 лйтр,OpenFoodFacts_IL,drinks,"Coca-Cola, קוקה קולה",42,,10.6,,,10.6,0.005,yes
off_il_9298480687885,לחם פומפרניקל,לחם פומפרניקל,Хлеб,OpenFoodFacts_IL,bakery,ברמן,209,10.4,34.3,3.3,10.2,,0.6096,yes
off_il_7290000468747,Bisli Grill,ביסלי גריל,Бисли,OpenFoodFacts_IL,other,Osem,507.272727272727,10,65.0909090909091,23.0909090909091,,1.27272727272727,,yes
off_il_7290017065137,ריקוטה למריחה,ריקוטה למריחה,Рикотта,OpenFoodFacts_IL,other,גד,87,6,3,5,3,3,0.32,yes
off_il_3276770010465,Rillettes saumon,Rillettes saumon,Rillettes saumon,OpenFoodFacts_IL,other,Guyader,203,14,2.3,15,,0.9,0.44,yes
off_il_7290000170053,שוקולד חלב מעולה,שוקולד חלב,Шоколад — שוקולד חלב מעולה,OpenFoodFacts_IL,sweets,elite,533,9.7,54,31,0.167,53,0.13,yes
off_il_7290110568276,PRO 25,משקה חלבון 1.5% בטעם וניל,Напиток,OpenFoodFacts_IL,dairy,טובה (Tova),65,7.2,5.4,1.5,,5,0.051,yes
off_il_0613008753351,Arizona Pomegranate,רימון — Arizona Pomegranate,Гранат,OpenFoodFacts_IL,fruit,Arizona,21,,5,,,4.9,9,yes
off_il_7290004120832,Lait,Lait,Lait,OpenFoodFacts_IL,other,,60,4.95,3.3,3,,0.0006,0.0004,yes
off_il_7290003029181,Yotvata Choco,Yotvata Choco,Yotvata Choco,OpenFoodFacts_IL,other,Yotvata,48,3.2,5.3,1.5,,,,yes
off_il_7290102391301,Muller natural,BIO יוגורט,Йогурт,OpenFoodFacts_IL,dairy,müller,53,5.4,3.2,1.7,,3.2,0.17,yes
off_il_7290006664532,Strawberry Yogurt 3% fat,תות שדה — Strawberry Yogurt 3% fat,Клубника — Strawberry Yogurt 3% fat,OpenFoodFacts_IL,dairy,דנונה,82,3.1,10,3,,8.9,4,yes
off_il_80913467,Chumgum,Chumgum,Chumgum,OpenFoodFacts_IL,other,Mentos,196,,67,,,75,0.0084,yes
off_il_7290010117970,בטעם טבעי,סבבה בוטנים קלויים,Арахис,OpenFoodFacts_IL,nuts,סבבה,461,16.1,43,24,,12.9,0.369,yes
off_il_7290002868996,קוטג׳ 5%,קוטג׳ 5%,Творог,OpenFoodFacts_IL,dairy,טרה,97,10.1,3,5,,3,0.35,yes
off_il_7290110328627,GO by Yoplait,Go בטעם בננה קרמל,Йопле — GO by Yoplait,OpenFoodFacts_IL,sweets,Yoplait,55,10,3.7,,,3.2,0.03,yes
off_il_7290112491701,ברנפלקס אקסטרה חלבון,ברנפלקס אקסטרה חלבון,Тельма — ברנפלקס אקסטרה חלבון,OpenFoodFacts_IL,dairy,תלמה,348,20,62.3,2.4,11.8,1.3,0.000342,yes
off_il_7290101551539,Pro 20,Pro 20,Pro 20,OpenFoodFacts_IL,other,Cabot,65.00000000345,10,5.6,,,5.6,0.033,yes
off_il_7290014760141,משקה שקדים תנובה,משקה שקדים,Тнува — משקה שקדים תנובה,OpenFoodFacts_IL,dairy,תנובה,38,1,3.5,2,0.5,3.2,0.04,yes
off_il_7290110324926,משקה סויה ללא תוספת סוכר,משקה סויה ללא תוספת סוכר,Сахар — משקה סויה ללא תוספת סוכר,OpenFoodFacts_IL,sweets,"alternative, תנובה",32,3.3,0.5,1.8,0.5,,1338,yes
off_il_7290000047621,גבינה לבנה,גבינה לבנה,Сыр,OpenFoodFacts_IL,dairy,תנובה,98,9,4.3,5,,4.3,0.2,yes
off_il_7290110558321,Pro20 coconut,יוגורט פרו בטעם קוקוס,Йогурт,OpenFoodFacts_IL,dairy,Danona,55,10,3.3,,,3.15,0.041,yes
off_il_7290110326333,סקנדינבית,פרוסות סקנדינבית,Тнува,OpenFoodFacts_IL,dairy,תנובה,373,23.5,,31,,,167,yes
off_il_7290112495662,קרקר חיטה מלאה עם פשתן,קרקר חיטה מלאה עם פשתן,Кркр хйт мл м пштн,OpenFoodFacts_IL,bakery,בייגל בייגלBB,473,12.2,58.3,20,5.5,6.5,0.391,yes
off_il_7290003805501,Craquotte completes,Craquotte completes,Craquotte completes,OpenFoodFacts_IL,other,,379,11.2,72,3.5,7,6.1,,yes
off_il_7290107871990,Osem penne pasta,פסטה פנה,Паста — Osem penne pasta,OpenFoodFacts_IL,grains,Osem,158,5,32,0.7,1.6,1.8,437,yes
off_il_7290110552244,Pro vanilla cookie,דנונה Pro 20,Штраус — Pro vanilla cookie,OpenFoodFacts_IL,sweets,שטראוס,61,8,4.2,1,,3.6,0.078,yes
off_il_7290003229192,פסטרמה כתף בקר מעושנת,פסטרמה כתף בקר מעושנת,Пастрома — פסטרמה כתף בקר מעושנת,OpenFoodFacts_IL,meat,טירת צבי,98,17,3,2,,,900,yes
off_il_7290100703458,Buckwheat without roasting,כוסמת ללא קלייה,Гречка — Buckwheat without roasting,OpenFoodFacts_IL,grains,סוגת,350,9.3,73,2.3,,0.8,11,yes
off_il_7290003989539,Cheese ravioli,גבינה — Cheese ravioli,Штраус,OpenFoodFacts_IL,dairy,Strauss שטראוס,209,8.3,31,5.2,,2.6,0.402,yes
off_il_7290017406374,Jasmin rice,אורז יסמין,Рис,OpenFoodFacts_IL,grains,"Rami Levy, רמי לוי",369,6.8,,0.9,2,,42,yes
off_il_7290003578177,Whole baby corn,תירס גמדי שלם,Кукуруза — Whole baby corn,OpenFoodFacts_IL,other,ויליפוד,27,1.3,4.8,0.2,3.1,1.2,0.092,yes
off_il_7290110325312,מעדן חלבון סויה (תות),טנובה גו גביע חלבון,Тнува — מעדן חלבון סויה (תות),OpenFoodFacts_IL,dairy,תנובה,95,10,6,3,2,5,0.12,yes
off_il_7290112966728,Tehina,טחינה בלאדי,Тахини,OpenFoodFacts_IL,sauces,צבר,273,8.2,7.1,23.5,,,0.395,yes
off_il_7290115201550,ביסלי מיקס,ביסלי קרנבל Mix,Бисли,OpenFoodFacts_IL,other,אסם,492,10.3,66,20.8,,1.1,0.395,yes
off_il_7290013531759,שעועית לבנה במים ומלח,שעועית לבנה במים ומלח,Фасоль — שעועית לבנה במים ומלח,OpenFoodFacts_IL,dairy,יכין,109,6.69999980926514,18,,4.90000009536743,,570,yes
off_il_7290016106664,טונה במים מלח,טונה בהירה במי מלח,Тунец — טונה במים מלח,OpenFoodFacts_IL,fish,טעמן,104,24,,0.7,,,187,yes
off_il_7290112195104,Peanut butter,חמאת בוטנים חלק,Арахисовая паста,OpenFoodFacts_IL,dairy,רמי לוי,601,24.5,14.3,48.7,,,213,yes
off_il_7290010945306,Milk 3% חלב,Milk 3% חלב,Молоко — Milk 3% חלב,OpenFoodFacts_IL,dairy,טרה Tara,60,3.3,4.9,3,,4.9,0.05,yes
off_il_7290110325893,Protein Coffee,קפה — Protein Coffee,Кофе,OpenFoodFacts_IL,dairy,Tnuva,67,7.4,5.1,1.9,,5,92,yes
off_il_7290113196414,אוגז בשמטי,אורז בסמטי Basmati Rice,Рис,OpenFoodFacts_IL,grains,Amristar India Elephant,123,2.8,27,,1.2,,42,yes
off_il_7290018564059,שעועית ירוקה שלמה עדינה,שעועית ירוקה שלמה עדינה,Фасоль — שעועית ירוקה שלמה עדינה,OpenFoodFacts_IL,grains,Rami Levy,28,1.9,3.3,0.2,,0.6,0.02,yes
off_il_7296073124399,Spaghetti,ספגטי — Spaghetti,Спагетти,OpenFoodFacts_IL,grains,Shufersal,174,6,35.5,0.6,1.5,1.8,437,yes
off_il_7290105362377,Kifkef,כיףכף,Кйпкп,OpenFoodFacts_IL,greens,"Alit, עלית",525,7.6,59,28,,51,0.091,yes
off_il_1770072209593,Premium Whey Protein Vanilla Milkshake Flavor,וניל — Premium Whey Protein Vanilla Milkshake Flavor,Ваниль — Premium Whey Protein Vanilla Milkshake Flavor,OpenFoodFacts_IL,dairy,Alfa,409.090909090909,75.7575757575758,9.09,6.66666666666667,,8.48484848484848,0.23030303030303,yes
off_il_1901104321680,Go By Yoplait,יוגורט 20 גרם חלבון תות,Йопле — Go By Yoplait,OpenFoodFacts_IL,sweets,יופלייט,98,10,10,2,,9.8,0.058,yes
off_il_7290003457861,Solecito,Solecito,Solecito,OpenFoodFacts_IL,other,Nestlé,137,1.7,24.4,3.6,,22,,yes
off_il_7290114969307,"Whey, White Chocolate",אבקת חלבון שוקלוד לבן,"Шоколад — Whey, White Chocolate",OpenFoodFacts_IL,sweets,Allin,387.878787878788,78.7878787878788,9.09090909090909,4.54545454545455,,4.24242424242424,659,yes
off_il_7290119373369,פרכיות תפוחי אדמה,פרכיות תפוח אדמה,Картофель — פרכיות תפוחי אדמה,OpenFoodFacts_IL,dairy,שטראוס,387.596899224806,7.75193798449612,83.7209302325581,1.55038759689922,4.65116279069767,3.10077519379845,0.277519379844961,yes
off_il_7290019196334,Tuna In Oil,טונה — Tuna In Oil,Тунец — Tuna In Oil,OpenFoodFacts_IL,fish,Flituna,222,24.1,1.5,13.3,,,61,yes
off_il_7290004120566,בולגרית 24%,בולגרית 24%,Бвлгрйт 24%,OpenFoodFacts_IL,other,פיראוס,284,16.4,0.5,24,,0.5,1.375,yes
off_il_8001060042087,Grana Padano Pesto,פסטו — Grana Padano Pesto,Песто — Grana Padano Pesto,OpenFoodFacts_IL,sauces,Sacla,478,5.7,7.3,47,,3.5,1.2,yes
off_il_7290002079477,לחם מקמח חיטה כהה,לחם מחיטה כהה,Хлеб — לחם מקמח חיטה כהה,OpenFoodFacts_IL,grains,דוידוביץ,238,8.8,46.2,1.3,3,1.6,0.4,yes
off_il_7290002703792,Miel de dattes israël,Miel de dattes israël,Miel de dattes israël,OpenFoodFacts_IL,other,Yohananof,317,1.94,77,,1.8,64,0.0094,yes
off_il_4770275051095,Farmer's cheese,גבינה — Farmer's cheese,Сыр,OpenFoodFacts_IL,dairy,Svalya,125,16.5,5,5,,,405,yes
off_il_7290110327590,Go Protein Powder,אבקת חלבון וניל Go,Тнува — Go Protein Powder,OpenFoodFacts_IL,dairy,Tnuva,387,78,10.3,3.9,,,167,yes
off_il_4823090302436,Shortcrust Pie (Black Currant),פאי — Shortcrust Pie (Black Currant),Бисквит — Shortcrust Pie (Black Currant),OpenFoodFacts_IL,sweets,Kharkov Biscuit Factory,415,3.6,63.8,16.1,,,659,yes
off_il_0898220019847,Organic Red Superfoods,אורגני — Organic Red Superfoods,Органический — Organic Red Superfoods,OpenFoodFacts_IL,other,California Gold Nutrition,350,,80,,,10,,yes
off_il_7290116933191,GO by Tnuva,GO by Tnuva,Тнува — GO by Tnuva,OpenFoodFacts_IL,dairy,Tnuva,68,7.4,5.2,2,,4.7,0.117,yes
off_il_7290100685136,מרק בטעם עוף (מבושל),מרק בטעם עוף (מבושל),Курица — מרק בטעם עוף (מבושל),OpenFoodFacts_IL,grains,אסם,8,0.1,1.7,0.1,,0.6,0.39,yes
off_il_7290018249086,Pistachio halva spread,ממרח בטעם חלווה פיסטוק,Фисташки — Pistachio halva spread,OpenFoodFacts_IL,sweets,Sweetango,380,10.5,24.5,28.4,33.7,3.2,0.192,yes
off_il_7290019310693,Protein Bar Peanut Caramel Flavor,קרמל — Protein Bar Peanut Caramel Flavor,Карамель — Protein Bar Peanut Caramel Flavor,OpenFoodFacts_IL,sweets,Allin,383,27.3,36.9,18.3,5.8,3.9,0.209,yes
off_il_72963746,Shemint,Shemint,Shemint,OpenFoodFacts_IL,greens,Tnova,159,2.7,3.3,15,,,12,yes
off_il_4251097407739,Peperami snackbox,חטיף — Peperami snackbox,Закуска — Peperami snackbox,OpenFoodFacts_IL,other,peperami,453,25.4,1.1,38.6,,0.9,1.12,yes
off_il_7290110115203,Coca cola,קולה — Coca cola,Кола — Coca cola,OpenFoodFacts_IL,drinks,Coca Cola,42,,10.6,5,,10.6,0.0016,yes
off_il_0037600207188,סקיפי,סקיפי,Скйпй,OpenFoodFacts_IL,other,אלגוד,626,25,15,41,5,9,,yes
off_il_7613035635845,גרנולה שוקולד,גרנולה שוקולד,Шоколад,OpenFoodFacts_IL,sweets,Fitness,436,9,62.7,14.9,7.6,17.9,659,yes
off_il_7290004584528,Yaourt nature bio,Yaourt nature bio,Йогурт — Yaourt nature bio,OpenFoodFacts_IL,dairy,Danone,56,5.3,4.5,1.7,,4.5,0.048,yes
off_il_7290112968821,Fifness,Fifness,Осем,OpenFoodFacts_IL,grains,אסם,459,11.5,65,15.5,,8.3,0.4,yes
off_il_7290004129545,גבינה לבנה 3%,גבינה לבנה 3%,Сыр — גבינה לבנה 3%,OpenFoodFacts_IL,dairy,תנובה,82,9.5,4.30000019073486,3,9,,405,yes
off_il_7290000043944,Yogurt 4%,יוגורט — Yogurt 4%,Йогурт,OpenFoodFacts_IL,dairy,Tnuv,63,3.2,3.5,4,,3.5,0.05,yes
off_il_7290008175173,Butter with no additional salt,חמאה — Butter with no additional salt,Масло — Butter with no additional salt,OpenFoodFacts_IL,dairy,Valid,731,0.600000023841858,0.800000011920929,82,,0.800000011920929,1276,yes
off_il_7290110328580,יוגורט ביו 5%,יוגורט ביו 5%,Йогурт — יוגורט ביו 5%,OpenFoodFacts_IL,dairy,תנובה,85,5.3,4.1,5,,4.1,0.024,yes
off_il_7290102390465,Yogurt froop 3%,Yogurt Froop 3% - אפרסק פסיפלורה,Йогурт — Yogurt froop 3%,OpenFoodFacts_IL,dairy,Muller,87.3333333333333,4.2,10.4,3,1.8,9.73333333333333,88,yes
off_il_7290000208022,עגבניות מרוסקות ברסק עגבניות,עגבניות מרוסקות,Томатная паста — עגבניות מרוסקות ברסק עגבניות,OpenFoodFacts_IL,sauces,יכין,26,1.3,4.5,,1.2,,0.15,yes
off_il_7290110320935,Mozzarella,מוצרלה,Моцарелла,OpenFoodFacts_IL,dairy,תנובה,286,21,0.9,22,,0.9,0.37,yes
off_il_7290106524439,פופס אפוי,פופס אפוי,Пвпс пвй,OpenFoodFacts_IL,other,Snake,500,9,60,23.5,,1.66666666666667,0.35,yes
off_il_7290110558314,דנונה pro בטעם פיסטוק,ללא שומן,Фисташки — דנונה pro בטעם פיסטוק,OpenFoodFacts_IL,nuts,דנונה,55.5,10,3.35,,,3.15,0.038,yes
off_il_7290000068343,قطع بريخونيم,פריכיות,Осем,OpenFoodFacts_IL,grains,אסם,90,1.9,18.5,0.7,,,42,yes
off_il_7290008409216,שניצל דק,שניצל דק,Шницель,OpenFoodFacts_IL,meat,מאמא עוף,248,14,21,12,,1.1,0.4,yes
off_il_7290116931524,גאודה,גאודה,Гауда,OpenFoodFacts_IL,dairy,עמק,364,23.5,,30,,,0.54,yes
off_il_7290006337993,Beef dumplings,קרפלך במילוי בשר,Говядина,OpenFoodFacts_IL,meat,Irina,214,10.4,26.5,7.2,,0.6,0.6,yes
off_il_7290000057149,Yoghurt Bio 3%,יוגורט ביו 3%,Йогурт — Yoghurt Bio 3%,OpenFoodFacts_IL,dairy,תנובה,64,5.3,4,3,,4,0.05,yes
off_il_7290000530703,פסטרמה,חרמון עוף והודו,Пастрома,OpenFoodFacts_IL,meat,זוגלובק,159,11,4,11,,,617,yes
off_il_7290005839313,מילקי מגולגלת,מילקי מגולגלת,Штраус,OpenFoodFacts_IL,dairy,שטראוס,,,,,,,167,yes
off_il_7290003450602,Mosturd,ממרח חרדל צהוב,Горчица,OpenFoodFacts_IL,sauces,Heinz,80,4,4.5,4.3,,1.1,1.184,yes
off_il_7290106577541,Red Cabbage Salad,כרוב — Red Cabbage Salad,Капуста — Red Cabbage Salad,OpenFoodFacts_IL,sweets,Zabar,186,0.8,12,15,,,270,yes
off_il_7290000319803,Kabanos,Kabanos,Kabanos,OpenFoodFacts_IL,other,Yechiam,346,21,7,26,,,1.2,yes
off_il_7290012911804,Sesame Oil,שמן שומשום — Sesame Oil,Кунжутное масло,OpenFoodFacts_IL,nuts,Taste Of Asia,820,,0.2,91.1,,,422,yes
off_il_7290008644235,"עלי בייבי: עלי תרד, עלי רוקולה, עלי סלק",עלי בייבי,"Руккола — עלי בייבי: עלי תרד, עלי רוקולה, עלי סלק",OpenFoodFacts_IL,drinks,טעם הטבע,21,2.3,1,,2.3,0.8,0.177,yes
off_il_4810168058999,Lightly Salted Herring Fillets In Oil,הרינג — Lightly Salted Herring Fillets In Oil,Селёдка — Lightly Salted Herring Fillets In Oil,OpenFoodFacts_IL,fish,Santa Bremor,177,13.3,0.9,13.3,,,1.88,yes
off_il_7290112331984,Black & white crunch,Black & white crunch,Белый — Black & white crunch,OpenFoodFacts_IL,greens,עלית,539,9.39999961853027,51,32,3.20000004768372,45,0.0846456692913386,yes
off_il_7290112357083,Afouna,Afouna,Afouna,OpenFoodFacts_IL,other,Taam hateva,73,4.69999980926514,8.5,0.0700000002980232,6.90000009536743,2.70000004768372,0.11968503552159,yes
off_il_7290004955779,טחינה,טחינה,Тахини,OpenFoodFacts_IL,sauces,זארובי,666,24.4300003051758,4.69999980926514,59.4000015258789,7.40000009536743,0.5,0.00665354315690168,yes
off_il_7290019226512,טונה בשמן,טונה בשמן,Тунец,OpenFoodFacts_IL,fish,תומר,230,18,4,16,,,0.39,yes
off_il_7290112499561,Vegan Vanilla,וניל — Vegan Vanilla,Ваниль — Vegan Vanilla,OpenFoodFacts_IL,vegetable,Cornetto,334,2.2,40,18.4,,24.1,0.12,yes
off_il_7290112967381,Fitness,חטיף פריכיות דגנים עם קטניות,Хтйп прйкйвт дгנйм м ктנйвт,OpenFoodFacts_IL,other,Nestlé,430,11.3333333333333,83,13.6666666666667,20,3.33333333333333,0.39,yes
off_il_7290004256371,צהובה פרוסה,צהובה פרוסה,Цвб првс,OpenFoodFacts_IL,other,Rich’s,347,26,,27,,,0.39,yes
off_il_7290111930935,Poof,Poof! קלאסי,Poof! клсй,OpenFoodFacts_IL,other,Poof,482.5,3.5,63.5,23,,1.25,1.2,yes
off_il_7290017555058,Chocolate Protein Powder,שוקולד — Chocolate Protein Powder,Шоколад — Chocolate Protein Powder,OpenFoodFacts_IL,sweets,Super Effect,387.878787878788,72.7272727272727,10.9090909090909,5.75757575757576,,9.39393939393939,0.8,yes
off_il_5740900403215,ממרח חמאה לורפק בתוספת שמן לפתית,ממרח חמאה לורפק בתוספת שמן לפתית,Масло — ממרח חמאה לורפק בתוספת שמן לפתית,OpenFoodFacts_IL,dairy,Luprak,706,0.5,0.6,78,,0.6,0.36,yes
off_il_7290019204800,Chongo Super Crunch,Chongo Super Crunch,Chongo Super Crunch,OpenFoodFacts_IL,other,Of Tov,210,14,20,8,,1.8,0.4,yes
off_il_7290011463113,Gold,Gold,Gold,OpenFoodFacts_IL,other,Tropi,34,,8.5,,,,0.002,yes
off_il_7290002366928,Whey Protein Powder Vanilla Flavor,חלבון ווניל,Хлбвн ввנйл,OpenFoodFacts_IL,dairy,סופר אפקט,409.090909090909,75.7575757575758,9.09090909090909,6.96969696969697,,8.48484848484848,0.209090909090909,yes
off_il_7290102396665,גבינה חצי מפוסטרת שטוחה 15% שומן,נועם 15%,Сыр — גבינה חצי מפוסטרת שטוחה 15% שומן,OpenFoodFacts_IL,dairy,טרה,251,29,,15,,,405,yes
off_il_7290006866363,[DELETE ENGLISH PRODUCT NAME],מיץ אשכוליות אדומות,Сок — [DELETE ENGLISH PRODUCT NAME],OpenFoodFacts_IL,drinks,פרימור,40,0.7,8.5,,,8,,yes
off_il_7290000554686,Labane With Zaatar And Olive Oil,שמן זית — Labane With Zaatar And Olive Oil,Оливковое масло — Labane With Zaatar And Olive Oil,OpenFoodFacts_IL,dairy,Gad,146,8,6,10,,4,0.4,yes
off_il_7290000663067,Shawarma By Tnuva,Shawarma By Tnuva,Шаурма — Shawarma By Tnuva,OpenFoodFacts_IL,dairy,Tnuva,164,20,4.8,7,,,167,yes
off_il_7290004121280,Cottage Cheese 9% Fat Free,קוטג' — Cottage Cheese 9% Fat Free,Творог — Cottage Cheese 9% Fat Free,OpenFoodFacts_IL,dairy,Tnuva,114,3.5,4.7,9,,4.7,0.046,yes
off_il_7290004030230,PRI PRO,Xtra Protein שייק פירות יער,Фрукты,OpenFoodFacts_IL,drinks,פריניב,40,6,4,,,2.6,0.013,yes
off_il_7290014973329,Herring,הרינג — Herring,Селёдка,OpenFoodFacts_IL,fish,Hermes Fish,184,14,,14.25,,,115,yes
off_il_7290106722415,ממולדה לבנה,ממולדה לבנה,Лабане,OpenFoodFacts_IL,dairy,עלית,480,5.6,62,23,,61,0.089,yes
off_il_72986370,גלידת וניל,גלידת שמנת משובחת עם וניל,Сливки,OpenFoodFacts_IL,dairy,"Ben & Jerry's, גלידת בן&ג׳ריס",230,4,20,15,,20,92,yes
off_il_7290018400708,Spirulina Super Shake,Spirulina Super Shake,Spirulina Super Shake,OpenFoodFacts_IL,other,Sanfrost,80,1.2,17.3,,2.6,13.9,0.01,yes
off_il_7290106575011,פתיתים עם קמח חיטה מלאה,פתיתים עם קמח חיטה מלאה,Птитим — פתיתים עם קמח חיטה מלאה,OpenFoodFacts_IL,grains,אסם,385,12,70,5,6.25,2.5,5,yes
off_il_7290111930928,Potato Shaped Hearts,תפוח אדמה — Potato Shaped Hearts,Картофель — Potato Shaped Hearts,OpenFoodFacts_IL,vegetable,Poof!,505,3.75,59.25,27.5,,1.25,1.2,yes
off_il_7296073675167,Soy Milk,חלב — Soy Milk,Молоко,OpenFoodFacts_IL,vegan,Shufersal Green,36,3,2,1.6,,2,167,yes
off_il_7290102303939,White Chedder,White Chedder,Белый — White Chedder,OpenFoodFacts_IL,other,Chevington,416,25.4,,35,,,,yes
off_il_7296073021568,קמח,קמח חיטה לבן בהיר,Кмх хйт лбн бйр,OpenFoodFacts_IL,grains,שופרסל,359,10.7,75,1.8,,1.9,5,yes
off_il_6934931807572,Roastbeef,צלי — Roastbeef,Жаркое — Roastbeef,OpenFoodFacts_IL,meat,Oneg,112,18,,4,,,570,yes
off_il_7290110573713,יוגורט עם צ'יה בתוספת מיקרוליבים ויטמין D 3% שומן,יוגורט עם צ'יה בתוספת מיקרוליבים ויטמין D 3% שומן,Йогурт — יוגורט עם צ'יה בתוספת מיקרוליבים ויטמין D 3% שומן,OpenFoodFacts_IL,dairy,דנונה,71.5,6.2,4.2,3,1.5,4.15,0.047,yes
off_il_7290017275345,טחינה גולמית,טחינה גולמית,Тахини,OpenFoodFacts_IL,sauces,אחוה,667,24,2,60,11.5,1,213,yes
off_il_7290000522319,חלב טרי מהגולן,חלב טרי מהגולן,Молоко — חלב טרי מהגולן,OpenFoodFacts_IL,dairy,מחלבות רמת הגולן,60,3.3,5,3,,5,0.04,yes
off_il_8595657104321,Oat Snack Berry,חטיף — Oat Snack Berry,Овёс — Oat Snack Berry,OpenFoodFacts_IL,sweets,Life Bar,437,10,50,21,6.4,23,0.42,yes
off_il_8851351387775,Wakame Salad With Roe Sushi Roll,Wakame Salad With Roe Sushi Roll,Wakame Salad With Roe Sushi Roll,OpenFoodFacts_IL,fish,Ezygo,160,4,30,3,,,61,yes
off_il_7290000169538,Instant Tomato Soup With Croutons מרק עגבניות עם קרוטונים,Instant Tomato Soup With Croutons מרק עגבניות עם קרוטונים,Помидор — Instant Tomato Soup With Croutons מרק עגבניות עם קרוטונים,OpenFoodFacts_IL,vegetable,Knorr קנור נמס בכוס,405,9.5,65.6,11.6,,,437,yes
off_il_7290100680711,פירורי לחם,פירורית זהב,Хлеб,OpenFoodFacts_IL,grains,אסם,366,11,75,2.4,,3.5,0.35,yes
off_il_7290004129118,Napoleon Cream Cheese With Olives,גבינת שמנת עם זיתים ירוקים,Сыр — Napoleon Cream Cheese With Olives,OpenFoodFacts_IL,dairy,נפוליאון,237,3.8,2.8,23,,2.4,0.476,yes
off_il_7290116535845,ברנפלקס extra fiber,ברנפלקס extra fiber,Тельма — ברנפלקס extra fiber,OpenFoodFacts_IL,grains,תלמה,311,13.4,37.5,3.2,39.4,3.8,0.241,yes
off_il_7290011723101,טחינה הר ברכה,טחינה הר ברכה,Тахини — טחינה הר ברכה,OpenFoodFacts_IL,sauces,הר ברכה תעשיות,691,20.5,13.3,61.74,,1,0.22,yes
off_il_7290006983176,לחמית חיטה מלאה ושיפון,לחמית חיטה מלאה ושיפון,Лхмйт хйт мл вшйпвн,OpenFoodFacts_IL,other,אוסם,410.526315789474,13.6842105263158,64.2105263157895,7.36842105263158,,,,yes
off_il_7290119384242,"Yogurt Pro, Lemon Flavour",יוגורט קרם לימום,"Йогурт — Yogurt Pro, Lemon Flavour",OpenFoodFacts_IL,dairy,דנונה פרו,55.5,10,3.4,,,,0.077,yes
off_il_7290112349668,90% Cocoa Supreme Dark Chocolate,שוקולד — 90% Cocoa Supreme Dark Chocolate,Шоколад — 90% Cocoa Supreme Dark Chocolate,OpenFoodFacts_IL,sweets,Lindt Excellence,628.74251497006,9.58083832335329,13.1736526946108,57.4850299401198,11.9760479041916,10.1796407185629,659,yes
off_il_7290005437632,שמן קנולה מזוכך,שמן קנולה מזוכך,Рапсовое масло,OpenFoodFacts_IL,oils,טעמן זה מתוין,828,,,92,,,785,yes
off_il_8012666067695,WHITE CRISP,WHITE CRISP,Белый — WHITE CRISP,OpenFoodFacts_IL,other,Classic',500,2.8,66.4,25.6,2.4,2,,yes
off_il_8600043040197,Wellness Crevno Voce & Limun,Wellness Crevno Voce & Limun,Wellness Crevno Voce & Limun,OpenFoodFacts_IL,other,Bambi,459,7.2,60,19,9.5,19,0.197,yes
off_il_7290011644505,Canned Shabout fish in natural juices,שימורי דג שיבוט במיץ טבעי,Сок — Canned Shabout fish in natural juices,OpenFoodFacts_IL,fish,,612,4.8,4.8,0.0648,,1.6,0.4,yes
off_il_7290002603016,נתחי טונה בהירה במי מלח,נתחי טונה בהירה במי מלח,Тунец — נתחי טונה בהירה במי מלח,OpenFoodFacts_IL,fish,ויליגר,94,22,,0.6,,,0.18,yes
off_il_4810168062187,Блинчики С Картофелем И Грибами,Блинчики С Картофелем И Грибами,Блинчики С Картофелем И Грибами,OpenFoodFacts_IL,other,Babushka Anya,145,3.5,26,3,,1.9,,yes
off_il_8388777576419,Tutti Frutti Granola,גרנולה — Tutti Frutti Granola,Гранола — Tutti Frutti Granola,OpenFoodFacts_IL,grains,Mimina,367.666666666667,8.33333333333333,62.6666666666667,8,8,20.6666666666667,42,yes
off_il_7290015673594,Crispy Tofu With Peanut Butter And Curry,חמאה — Crispy Tofu With Peanut Butter And Curry,Арахисовая паста — Crispy Tofu With Peanut Butter And Curry,OpenFoodFacts_IL,dairy,Teva Deli,217,13.3,11,13.5,1,6.9,0.22,yes
off_il_7290117901755,Wheat Tortilla XL,טורטייה — Wheat Tortilla XL,Тортилья — Wheat Tortilla XL,OpenFoodFacts_IL,other,Shkedia,314,7.6,55,6,7,5.5,0.392,yes
off_il_5060947547100,Juiced,מיץ — Juiced,Сок,OpenFoodFacts_IL,drinks,Monster,44,,11,,,10.3,0.04,yes
off_il_7290119376001,Lemon Flavored Crunch,לימון — Lemon Flavored Crunch,Лимон — Lemon Flavored Crunch,OpenFoodFacts_IL,other,Elit,544,9.2,53.2,32,12,47.6,0.196,yes
off_il_7296058330012,פריחות אורז,פריחות אורז,Рис,OpenFoodFacts_IL,grains,פרח,400,8.75,82.5,2.5,3.75,0.75,0.4,yes
off_il_7290113194960,Oat Meal With Raisins,צימוקים — Oat Meal With Raisins,Овёс — Oat Meal With Raisins,OpenFoodFacts_IL,grains,Shkedia,384,16,53.3,9.9,,5.1,36,yes
off_il_7290017616933,Prefried Deep Frozen French Fries,קפוא — Prefried Deep Frozen French Fries,Замороженный — Prefried Deep Frozen French Fries,OpenFoodFacts_IL,other,Best Quality,123,2.8,19.8,3.2,,0.2,0.008,yes
off_il_7290019766025,White Chocolate And Pistachio Protein Bar,שוקולד — White Chocolate And Pistachio Protein Bar,Шоколад — White Chocolate And Pistachio Protein Bar,OpenFoodFacts_IL,sweets,allin,385,27.4,39.4,15.2,4.7,4.6,0.217,yes
off_il_7290116934471,Go Soy Hazelnut Drink,משקה תנובה בטעם אגוזי לוז,Лесной орех — Go Soy Hazelnut Drink,OpenFoodFacts_IL,dairy,תנובה,79,8,4.3,3,1.5,3.5,0.024,yes
off_il_7290010777051,Burger Buns,Burger Buns,Бургер,OpenFoodFacts_IL,meat,Odin Bakfar,309,7.4,57.7,5,1.9,9.9,0.388,yes
off_il_7290006983527,עוגת הבית תפוחים אוסם,עוגת הבית תפוחים אוסם,Вгт бйт тпвхйм всм,OpenFoodFacts_IL,fruit,אוסם,386,4.1,57.4,15.5,,9.25,9,yes
off_il_7290015009126,טורטיה קמח מלא,טורטיה קמח מלא,Мука — טורטיה קמח מלא,OpenFoodFacts_IL,grains,Saborito,267,8.5,40.18,9,,3.89,0.8,yes
off_il_7290106770867,Ghana Dark Chocolate Chips 60%,שוקולד — Ghana Dark Chocolate Chips 60%,Шоколад — Ghana Dark Chocolate Chips 60%,OpenFoodFacts_IL,sweets,Lubeca,586,5.2,45,40,,40,659,yes
off_il_5901576058622,Cold Smoked Salmon,סלמון — Cold Smoked Salmon,Лосось — Cold Smoked Salmon,OpenFoodFacts_IL,fish,NORD PORT,196,22,,12,,,1.6,yes
off_il_7290016877021,,לחם הרים שחום ורך,Хлеб,OpenFoodFacts_IL,drinks,שירליתה לחם פלא,72,2.8,11.8,1.1,1.7,,344,yes
off_il_6901248893789,копчёная стружка кальмара,копчёная стружка кальмара,копчёная стружка кальмара,OpenFoodFacts_IL,other,арена,305,70,2.1,1.9,,,,yes
off_il_8760301141308,TONNYs Milk Chocolate,שוקולד — TONNYs Milk Chocolate,Шоколад — TONNYs Milk Chocolate,OpenFoodFacts_IL,sweets,TONNYs,548,7.7,51.9,33.2,2.9,50.7,659,yes
off_il_0013886030429,Daily Multi-fiber,Daily Multi-fiber,Daily Multi-fiber,OpenFoodFacts_IL,other,nbpure,333.333333333333,,83.3333333333333,,66.6666666666667,,,yes
off_il_7290107947497,Energy Bar,Energy Bar,Штраус,OpenFoodFacts_IL,sweets,שטראוס,425,5.6,61,15.8,,,659,yes
off_il_7290004652432,Frozen Ready-Made Chicken Meatballs,עוף — Frozen Ready-Made Chicken Meatballs,Курица — Frozen Ready-Made Chicken Meatballs,OpenFoodFacts_IL,meat,Tibon Ville,204,16,8,12,0.2,0.5,0.44,yes
off_il_7290019293095,Butter Cookie Ice Cream,גלידה — Butter Cookie Ice Cream,Мороженое — Butter Cookie Ice Cream,OpenFoodFacts_IL,sweets,Milka,368.181818181818,4.09090909090909,36.5151515151515,22.7272727272727,,29.3939393939394,0.106060606060606,yes
off_il_7290106574793,עוגת הבית שוקו צ׳יפס,עוגת הבית שוקו צ׳יפס,Шоколадное молоко — עוגת הבית שוקו צ׳יפס,OpenFoodFacts_IL,sweets,אוסם,416.666666666667,4.66666666666667,51.3333333333333,21.6666666666667,,8.33333333333333,0.3,yes
off_il_7290015410304,פיתה דרוזית מקמח מלא,פיתה דרוזית מקמח מלא,Питта — פיתה דרוזית מקמח מלא,OpenFoodFacts_IL,grains,מאפית אלשמס,284,10.78,56.12,1.78,,,0.466,yes
off_il_7290119380831,Pro - Tropical Fruits,יוגורט פרו בטעם טרופי,Йогурт — Pro - Tropical Fruits,OpenFoodFacts_IL,dairy,דנונה,58,10,3.8,,,3.6,0.038,yes
off_il_0860009713970,Pressed Veggie Crisps Quinoa,קינואה — Pressed Veggie Crisps Quinoa,Киноа — Pressed Veggie Crisps Quinoa,OpenFoodFacts_IL,grains,Super Natural,400,20.6428571428571,55.0357142857143,8.25,12.2857142857143,3.03571428571429,0.396964285714286,yes
off_il_7290107646826,שוגי שוקולד,שוגי שוקולד,Шоколад,OpenFoodFacts_IL,sweets,תלמה,461,6.6,64.3,19,3.3,36.5,0.31,yes
off_il_7290000319292,נקניקיות,נקניקיות,Колбаса,OpenFoodFacts_IL,meat,יחיעם,201,13,8,13,,1,0.95,yes
off_il_7290018043684,Vegan Protein Powder,Vegan Protein Powder,Vegan Protein Powder,OpenFoodFacts_IL,protein,Proud,426.666666666667,75,8.33333333333333,8.33333333333333,6.66666666666667,0.333333333333333,0.64,yes
off_il_7290006559029,Buffalo 10% Greek Style Yogurt,יוגורט — Buffalo 10% Greek Style Yogurt,Йогурт — Buffalo 10% Greek Style Yogurt,OpenFoodFacts_IL,dairy,חוות הבאפלו,123,3.7,5.5,10,,4.2,0.08,yes
off_il_7290000537603,Chicken Sausage,עוף — Chicken Sausage,Курица,OpenFoodFacts_IL,meat,Zoglobek,200,11,5,15,0.5,1,0.75,yes
off_il_7290112499233,מגנום אגוזי לוז,מגנום אגוזי לוז,Лесной орех,OpenFoodFacts_IL,nuts,מגנום,324.675324675325,4.80519480519481,30.2597402597403,20.5194805194805,,,2,yes
off_il_7290012226922,קבנוס עם שום,קבנוס עם שום,Чеснок — קבנוס עם שום,OpenFoodFacts_IL,vegetable,זוגלובק,355,18,12,26,,,539,yes
off_il_7290006983794,עוגת הבית בטעם תפוז,עוגת הבית בטעם תפוז,Апельсин — עוגת הבית בטעם תפוז,OpenFoodFacts_IL,fruit,אוסם,410,4.66666666666667,53.6666666666667,20,,6.66666666666667,0.31,yes
off_il_7290119375356,Multi Yoghurt With Collagen,יוגורט — Multi Yoghurt With Collagen,Йогурт — Multi Yoghurt With Collagen,OpenFoodFacts_IL,protein,Danone,81,7.2,4.6,3,1.9,4.2,0.053,yes
off_il_7290011668570,Granola Dry Fruit,גרנולה,Гранола — Granola Dry Fruit,OpenFoodFacts_IL,sweets,Bari MeHateva,410,9.8,56.1,14.9,6.3,26,0.07,yes
off_il_7290013906687,פסטרמה,פסטרמה,Пастрома,OpenFoodFacts_IL,meat,טירת צבי,161,10,10,9,,1,0.5,yes
off_il_7290017303840,עוגיות קוקוס כשרות לפסח,עוגיות קוקוס כשרות לפסח,Финик — עוגיות קוקוס כשרות לפסח,OpenFoodFacts_IL,other,עמית תמר,447,3.5,60.1,23.1,,46.5,198,yes
off_il_7290010473120,רוגלך מיני בטעם וניל,רוגלך מיני בטעם וניל,Рвглк мйנй бтм вנйл,OpenFoodFacts_IL,other,Adelia,380,4,48,19,1,24,0.263,yes
off_il_0877300000777,צ'ימיצ'ורי ממרח עשבי תיבול,צ'ימיצ'ורי ממרח עשבי תיבול,Намазка — צ'ימיצ'ורי ממרח עשבי תיבול,OpenFoodFacts_IL,sauces,Neptune,210,2,10,18,,2,0.7572,yes
off_il_7290004051068,שינקן מעושן,שינקן מעושן,Ветчина,OpenFoodFacts_IL,meat,מזרע,112,16,3,4,,,974,yes
off_il_8858271003068,Black Sweet Soy Sauce,רוטב סויה — Black Sweet Soy Sauce,Соус — Black Sweet Soy Sauce,OpenFoodFacts_IL,sauces,מזרח ומערב,248,1.4,60.6,,,46.1,2.706,yes
off_il_8934878081866,Square Rice Paper,אורז — Square Rice Paper,Рис — Square Rice Paper,OpenFoodFacts_IL,grains,East And West,343,0.58,85,,,,42,yes
off_il_7290013608260,Pomegranate Juice,רימון — Pomegranate Juice,Гранат,OpenFoodFacts_IL,drinks,Primor,54,,13,,,12.6,66,yes
off_il_5701397312398,תפוחי אדמה בטעם פפריקה מתוקה,תפוחי אדמה בטעם פפריקה מתוקה,Тпвхй дм бтм ппрйк мтвк,OpenFoodFacts_IL,grains,Daniel's,490,6.5,50,28,6.1,1.5,0.64,yes
off_il_0290519934402,Go Yugort Mango,מנגו — Go Yugort Mango,Йопле — Go Yugort Mango,OpenFoodFacts_IL,dairy,Yoplait,64,10,3.7,1,,3.5,0.03,yes
off_il_7290013906984,Salami Tea,סלמי — Salami Tea,Салями,OpenFoodFacts_IL,meat,Tirat Tzvi,264,14,7,20,,,0.75,yes
off_il_7290010750634,Chocolate Milkshake Whey Protein,שוקולד — Chocolate Milkshake Whey Protein,Шоколад — Chocolate Milkshake Whey Protein,OpenFoodFacts_IL,sweets,Sportnix,378,72,9.3,5.2,,3.7,0.44,yes
off_il_7290019635116,גבינה במרקם שמנת עם זיתים,גבינה במרקם שמנת עם זיתים,Сыр — גבינה במרקם שמנת עם זיתים,OpenFoodFacts_IL,dairy,גד,96,2.8,10,5,,3.8,0.4,yes
off_il_7290018515129,Yellow Curry Sauce,רוטב קארי צהוב,Соус — Yellow Curry Sauce,OpenFoodFacts_IL,sauces,,138,0.9,8.4,11.2,,5.4,0.34,yes
off_il_7290001274156,Banana Chocolate ice cream,ארטיק שוקו בננה,Шоколад — Banana Chocolate ice cream,OpenFoodFacts_IL,sweets,פלדמן,222.857142857143,3,23,13.1428571428571,,22.7142857142857,0.0414285714285714,yes
off_il_7290000604343,Deglect Nour Dates,Deglect Nour Dates,Deglect Nour Dates,OpenFoodFacts_IL,fruit,פרי השמש,275,2.4,60.5,,11.7,60.5,2,yes
off_il_7290116531793,Caesar Dressing,תחביב — Caesar Dressing,Заправка,OpenFoodFacts_IL,sauces,Hellmann's,254,0.8,10.5,23.2,,7.5,0.384,yes
off_il_8683130042212,Double Sunlover,Double Sunlover,Double Sunlover,OpenFoodFacts_IL,other,Magnum,338,3.9,35.6,20,,30,0.1,yes
off_il_7290002057604,Pickled Hot Peppers,פלפל — Pickled Hot Peppers,Перец — Pickled Hot Peppers,OpenFoodFacts_IL,vegetable,Kvuzat Yavne,13.4,0.5,0.8,,2.6,,1.9,yes
off_il_7290005491290,Cherry jam and Shiraz wine,דובדבן — Cherry jam and Shiraz wine,Вишня — Cherry jam and Shiraz wine,OpenFoodFacts_IL,sweets,Tishbi,245,0.6,61.2,,,60.5,6,yes
off_il_5022032150329,White Hot Chocolate (Pistachio Flavor),שוקולד — White Hot Chocolate (Pistachio Flavor),Шоколад — White Hot Chocolate (Pistachio Flavor),OpenFoodFacts_IL,sweets,Whittard,461.9980878813,4.5,76.3,15.1,,75.1,0.606,yes
off_il_7290011165963,Chocolate Biscotti Cookies For Passover,שוקולד — Chocolate Biscotti Cookies For Passover,Шоколад — Chocolate Biscotti Cookies For Passover,OpenFoodFacts_IL,sweets,Shaked,518,2.6,62.9,28.2,,33.1,0.063,yes
off_il_7296073113256,חרדל עם גרגרים,חרדל עם גרגרים,Хрдл м гргрйм,OpenFoodFacts_IL,sauces,שופרסל,163,7.1,4.8,10.9,8.6,2.4,2.44,yes
off_il_7290017872551,Celsius Mango Passion,מנגו — Celsius Mango Passion,Манго — Celsius Mango Passion,OpenFoodFacts_IL,fruit,Celsius,0.28169014084507,,,,0.140845070422535,,,yes
off_il_7296073053767,Lasagna Sheets,Lasagna Sheets,Lasagna Sheets,OpenFoodFacts_IL,other,Shufersal,348,12,71,1.1,3,3.5,,yes
off_il_7290004652463,Schnitzel,Schnitzel,Шницель,OpenFoodFacts_IL,meat,IKEA,192,16,14,8,,0.5,0.39,yes
off_il_7290018659441,Whey Casher Pessah,מי גבינה — Whey Casher Pessah,Сыворотка — Whey Casher Pessah,OpenFoodFacts_IL,protein,Ultralabs,376.470588235294,69.1176470588235,13.8235294117647,5,,13.2352941176471,0.435294117647059,yes
off_il_8934804049878,Mocha Cold Coffee,קפה — Mocha Cold Coffee,Кофе — Mocha Cold Coffee,OpenFoodFacts_IL,drinks,Nescafe,51.6666666666667,1.70833333333333,8.08333333333333,1.41666666666667,,5.79166666666667,0.0908333333333333,yes
off_il_7290114313063,קציפצ קיווי מאצ'ה,קציפה קיווי מאצ'ה,Киви — קציפצ קיווי מאצ'ה,OpenFoodFacts_IL,fruit,מולר,89,4.6,10.4,3,1,9.5,0.035,yes
off_il_7296073641964,בולגרית 5 אחוז,בולגרית 5 אחוז,Бвлгрйт 5 хвз,OpenFoodFacts_IL,other,שופרסל,111,12.5,4,5,,,1,yes
off_il_7290114969277,Whey Protein,מי גבינה — Whey Protein,Сыворотка — Whey Protein,OpenFoodFacts_IL,protein,Allin,387.878787878788,75.7575757575758,8.78787878787879,4.84848484848485,0.606060606060606,3.93939393939394,0.342424242424242,yes
off_il_7290000318127,נקנקיות ביס,נקנקיות ביס,נкנкйвт бйс,OpenFoodFacts_IL,other,יחיעם,210,13,8,14,,,,yes
off_il_7290016005318,"Panko, Chip Crumbs, Kosher For Passover","Panko, Chip Crumbs, Kosher For Passover","Panko, Chip Crumbs, Kosher For Passover",OpenFoodFacts_IL,drinks,Carmel Rekikim,435,2,82,11,2,3,0.31,yes
off_il_7290013433329,Granola,גרנולה — Granola,Гранола,OpenFoodFacts_IL,grains,Vegan,379,10.9,54.7,10.8,9.4,13.5,42,yes
off_il_7290002232995,פירורי לחם ציפוי פז,פירורי לחם ציפוי פז,Хлеб — פירורי לחם ציפוי פז,OpenFoodFacts_IL,fish,דגש,387,7,85,1.2,3,4.5,0.38,yes
off_il_5022313238333,Tropicana Vitamin Victory,Tropicana Vitamin Victory,Tropicana Vitamin Victory,OpenFoodFacts_IL,other,Tropicana,47,0.3,9,1,,8,,yes
off_il_8414192305218,Neo Isolate whey chocolate 100 CFM,שוקולד — Neo Isolate whey chocolate 100 CFM,Шоколад — Neo Isolate whey chocolate 100 CFM,OpenFoodFacts_IL,sweets,Joe Weider Victory,376,87,3.3,1.4,0.01,1.8,0.304,yes
off_il_8414192304983,Victory Endurance Bar,Victory Endurance Bar,Victory Endurance Bar,OpenFoodFacts_IL,sweets,Victory Endurance,447,5.0999999046326,61,20,,34,0.008,yes
off_il_8414192307274,Recovery bar chantilly flavour,Recovery bar chantilly flavour,Recovery bar chantilly flavour,OpenFoodFacts_IL,sweets,Victory Endurance,517,32,37.3,26.5,,24.3,0.2,yes
off_il_8414192308547,Energy Up! Cola Flavor,קולה — Energy Up! Cola Flavor,Энергетик — Energy Up! Cola Flavor,OpenFoodFacts_IL,drinks,Victory Endurance,253.943594646271,,63,,,62,0.252,yes
off_il_8414192308059,Victory endurence,Victory endurence,Victory endurence,OpenFoodFacts_IL,other,Weider,260,,65,,,65,0.252,yes
off_il_8414192308523,Joe weider victory prowhey complexión vainilla cream,שמנת — Joe weider victory prowhey complexión vainilla cream,Сливки — Joe weider victory prowhey complexión vainilla cream,OpenFoodFacts_IL,dairy,Weider,40,7.5,0.8,0.35,,0.8,0.04,yes
off_il_3254950007986,Victory,Victory,Victory,OpenFoodFacts_IL,other,Serebis,454,6.4,64,20,,64,0.4,yes
off_il_3254950007887,Cookies caramel victory,קרמל — Cookies caramel victory,Карамель — Cookies caramel victory,OpenFoodFacts_IL,sweets,,469,6.7,66.1,20.2,,42,0.072,yes
off_il_0627843993360,Peanut Butter Bar,חמאה — Peanut Butter Bar,Арахисовая паста,OpenFoodFacts_IL,sweets,Little Victory Supply Co.,423.076923076923,23.0769230769231,38.4615384615385,21.1538461538461,5.76923076923075,28.8461538461538,213,yes
off_il_8414192308349,Victory Pro Whey Complex 2 KG / / Chocolate Delight,שוקולד — Victory Pro Whey Complex 2 KG / / Chocolate Delight,Шоколад — Victory Pro Whey Complex 2 KG / / Chocolate Delight,OpenFoodFacts_IL,sweets,Weider,383,80.84,5.65,4.14,,4.52,0.32,yes
off_il_3683080603322,Sweet Victory Gum,Sweet Victory Gum,Жвачка — Sweet Victory Gum,OpenFoodFacts_IL,other,,169,,70,,,,,yes
off_il_0630279379318,Victory Easy Ringer Session IPA,Victory Easy Ringer Session IPA,Victory Easy Ringer Session IPA,OpenFoodFacts_IL,other,,800,8.3333333333333,25,,,,,yes
off_il_90453731,RedBull Victory Edition,RedBull Victory Edition,RedBull Victory Edition,OpenFoodFacts_IL,other,RedBull,46.6,,11,,,11,0.04,yes
off_il_0751884914135,Vegetable Oil,שמן צמחי — Vegetable Oil,Овощ,OpenFoodFacts_IL,vegetable,Victory,857.142857142857,,,100,,,785,yes
off_il_0197644894796,Lucky lemon,לימון — Lucky lemon,Лимон — Lucky lemon,OpenFoodFacts_IL,other,Victory fuel,8.45070422535211,,,,,1.69014084507042,24,yes
off_il_4820000456531,Dark kvas,Dark kvas,Тёмный — Dark kvas,OpenFoodFacts_IL,dairy,Kvas Taras,34,0.5,7.4,,,5.9,167,yes
off_il_4820000451895,Live Kvas,Live Kvas,Live Kvas,OpenFoodFacts_IL,dairy,Kvas Taras,28,0.4,6.4,,,5.8,167,yes
off_il_5941173402824,Iaurt Covalact de tara,Iaurt Covalact de tara,Тара — Iaurt Covalact de tara,OpenFoodFacts_IL,dairy,Covalact,53,3.2,3.8,2.8,,3.8,0.04,yes
off_il_4820000451888,Kvas Taras,Kvas Taras,Kvas Taras,OpenFoodFacts_IL,dairy,Kvas Taras,28,0.5,6.4,,0.01,5.7,167,yes
off_il_4038745600304,Kwas Taras,Kwas Taras,Kwas Taras,OpenFoodFacts_IL,dairy,,26,,6.6,,,5.7,167,yes
off_il_59459446,Covalact de tara Iaurt,Covalact de tara Iaurt,Тара — Covalact de tara Iaurt,OpenFoodFacts_IL,dairy,Covalact,53.2,3.2,3.8,2.8,,3.8,0.04,yes
off_il_4038745600328,Kwas Taras Weiss,Kwas Taras Weiss,Kwas Taras Weiss,OpenFoodFacts_IL,dairy,,20,,5,,,3.5,167,yes
off_il_5098723004585,Pure Irish Honey,דבש — Pure Irish Honey,Мёд — Pure Irish Honey,OpenFoodFacts_IL,sweets,Tara Hill,331,0.5,82,0.5,,72,0.004,yes
off_il_4038745600335,Black Kvas,Black Kvas,Чёрный — Black Kvas,OpenFoodFacts_IL,dairy,Kvas Taras,34,0.5,8.1,,,6.3,167,yes
off_il_7290000474540,Cottage cheese,קוטג' — Cottage cheese,Творог,OpenFoodFacts_IL,dairy,Tara Diary,103,15.4,3.5,3,,3.5,0.065,yes
off_il_5949069403979,Înghețată de cacao cu biscuiți și aromă de rom,Înghețată de cacao cu biscuiți și aromă de rom,Тара — Înghețată de cacao cu biscuiți și aromă de rom,OpenFoodFacts_IL,dairy,Tara mea,186,2.79999995231628,23.8999996185303,8.23999977111816,2.59999990463257,18.7000007629395,167,yes
off_il_4038745600359,Gargetränk &quot;Kwas Taras Black“,Gargetränk &quot;Kwas Taras Black“,Чёрный — Gargetränk &quot;Kwas Taras Black“,OpenFoodFacts_IL,dairy,mon,34,0.5,8.1,,,6.3,167,yes
off_il_7290010945481,White cheese 5 %,גבינה — White cheese 5 %,Сыр — White cheese 5 %,OpenFoodFacts_IL,dairy,Tara,97,8.1,4.9,5,,4.9,0.19,yes
off_il_7290114313865,חלב מועשר,חלב מועשר חלבון,Тара,OpenFoodFacts_IL,dairy,Tara,64,6.5,4.9,2,,4.9,0.135,yes
off_il_5941536008373,Cârnați Turinger,Cârnați Turinger,Тара,OpenFoodFacts_IL,dairy,Tara Mea,211,14,0.5,14,,0.4,0.64,yes
off_il_8032804630147,Tarà,Tarà,Tarà,OpenFoodFacts_IL,other,Tentazioni Pugliesi,179,4,72,13.1,,2.2,0.92,yes
off_il_8437003213182,Tara,Tara,Тара,OpenFoodFacts_IL,dairy,,750,36,36.9,7.5,13.5,30,167,yes
off_il_8032804630604,Tara',Tara',Тара,OpenFoodFacts_IL,dairy,Tentazioni Pugliesi,443,11,62,15,,1.4,2.08,yes
off_il_0856461008662,OWYN Pro Elite Dairy-Free Protein Chocolate Flavored,שוקולד — OWYN Pro Elite Dairy-Free Protein Chocolate Flavored,Шоколад — OWYN Pro Elite Dairy-Free Protein Chocolate Flavored,OpenFoodFacts_IL,sweets,OWYN,60.6060606060606,9.6969696969697,0.909090909090909,2.12121212121212,0.909090909090909,,0.106060606060606,yes
off_il_0811620020657,CORE POWER ELITE VANILLA High Protein Milkshake,וניל — CORE POWER ELITE VANILLA High Protein Milkshake,Элит — CORE POWER ELITE VANILLA High Protein Milkshake,OpenFoodFacts_IL,dairy,fairlife,55.5555555555556,10.1449275362319,1.93236714975845,0.845410628019324,,1.93236714975845,0.0603864734299517,yes
off_il_5203064006796,Crackers ντομάτα Βασιλικό,קרקרים — Crackers ντομάτα Βασιλικό,Крекеры — Crackers ντομάτα Βασιλικό,OpenFoodFacts_IL,other,Elite,500,9,61,24.1,,4.7,0.76,yes
off_il_5203064006802,Crackers mesogeiaka (rigani/feta),קרקרים — Crackers mesogeiaka (rigani/feta),Крекеры — Crackers mesogeiaka (rigani/feta),OpenFoodFacts_IL,other,Elite,509,9.4,59.1,25.8,1.5,4.6,0.72,yes
off_il_5201485000188,Elite Classic Toast,Elite Classic Toast,Тост — Elite Classic Toast,OpenFoodFacts_IL,bakery,Elite,408,11,71,7.8,,5.9,0.492,yes
off_il_5203064008202,Elite Crackers: Spinach and dill,קרקרים — Elite Crackers: Spinach and dill,Крекеры — Elite Crackers: Spinach and dill,OpenFoodFacts_IL,other,"Elbisco, Elite",500,9.3,60,24,2.3,4,0.88,yes
off_il_4250519665573,DESIGNER WHEY PROTEIN,מי גבינה — DESIGNER WHEY PROTEIN,Клубника — DESIGNER WHEY PROTEIN,OpenFoodFacts_IL,dairy,ESN ELITE SPORTS NUTRITION,385,78,5.4,5,,4.7,0.252,yes
off_il_4250519666099,Whey Protein Isolate peach ice tea,אפרסק — Whey Protein Isolate peach ice tea,Персик — Whey Protein Isolate peach ice tea,OpenFoodFacts_IL,drinks,ESN Elite Sports Nutrition,346.666666666667,81,2.3,,,,0.039,yes
off_il_5203064006826,Crackers,קרקרים — Crackers,Крекеры,OpenFoodFacts_IL,other,Elite,501,8.9,61.2,24.2,,4.8,0.54,yes
off_il_29480661,High-Protein-Pudding - Schokolade,פודינג — High-Protein-Pudding - Schokolade,Пудинг — High-Protein-Pudding - Schokolade,OpenFoodFacts_IL,sweets,"Elite, Molkerei Gropper",81,10,6.4,1.6,,4.8,0.112,yes
off_il_0850043711407,OWYN Pro Elite Sea Salted Caramel,קרמל — OWYN Pro Elite Sea Salted Caramel,Карамель — OWYN Pro Elite Sea Salted Caramel,OpenFoodFacts_IL,sweets,OWYN,57.5757575757576,9.6969696969697,0.909090909090909,1.81818181818182,0.909090909090909,,0.106060606060606,yes
off_il_0856461008679,OWYN Pro Elite Dairy-Free Protein,OWYN Pro Elite Dairy-Free Protein,Элит — OWYN Pro Elite Dairy-Free Protein,OpenFoodFacts_IL,protein,OWYN,60.6530161493963,9.7044825839034,0.909795242240944,2.12285556522887,0.909795242240944,,0.081881571801685,yes
off_il_4250519652863,Whey Protein Isolate,מי גבינה — Whey Protein Isolate,Персик — Whey Protein Isolate,OpenFoodFacts_IL,drinks,ESN Elite Sports Nutrition,346.666666666667,91,2.3,,,,0.04,yes
off_il_0631656716894,Mass tech elite,Mass tech elite,Элит — Mass tech elite,OpenFoodFacts_IL,other,Muscle tech,359.307359307359,27.2727272727273,56.7099567099567,2.5974025974026,0.865800865800866,3.8961038961039,0.216450216450216,yes
off_il_8697404761860,Grenade black diamond,Grenade black diamond,Элит — Grenade black diamond,OpenFoodFacts_IL,other,Elite,66,0.95,14.9,,,14.1,659,yes
off_il_5201485000201,пшеничен и ръжен сухар,пшеничен и ръжен сухар,Элит — пшеничен и ръжен сухар,OpenFoodFacts_IL,other,Elite,385.542168674699,14.4578313253012,65.0602409638554,6.02409638554217,8.43373493975904,3.6144578313253,659,yes
off_il_0859480006077,Wild Elite Pure Tuna,טונה — Wild Elite Pure Tuna,Элит — Wild Elite Pure Tuna,OpenFoodFacts_IL,fish,Safe Catch,333.333333333333,28.2352941176471,,,,,0.247058823529412,yes
off_il_4029679676602,Elite whey Rich chocolate,שוקולד — Elite whey Rich chocolate,Шоколад — Elite whey Rich chocolate,OpenFoodFacts_IL,sweets,Dymatize,380,72,5.9,6.2,,4.9,0.56,yes
off_il_4250519665542,Designer Whey Protein Cinnamon Cereal Flavor,קינמון — Designer Whey Protein Cinnamon Cereal Flavor,Элит — Designer Whey Protein Cinnamon Cereal Flavor,OpenFoodFacts_IL,grains,ESN Elite Sports Nutrition,373.333333333333,73.33,8.67,5,,5.67,0.138,yes
off_il_0854092006941,koia ELITE Chocolate,שוקולד — koia ELITE Chocolate,Шоколад — koia ELITE Chocolate,OpenFoodFacts_IL,sweets,koia,59.1745988807547,9.01708173421024,3.66318945452291,0.84535141258221,1.69070282516442,1.12713521677628,0.101442169509865,yes
off_il_8713009038999,Joppie Saus,Joppie Saus,Закуска — Joppie Saus,OpenFoodFacts_IL,other,Élite salades & snack BV Nederland,305,0.8,23.3,23.1,,16.1,0.52,yes
off_il_27070017,Lækkergården aus Butter & Rapsöl ungesalzen,חמאה — Lækkergården aus Butter & Rapsöl ungesalzen,Масло — Lækkergården aus Butter & Rapsöl ungesalzen,OpenFoodFacts_IL,dairy,"Elite, Penny, Sachsenmilch",682,0.8,0.9,75,,0.9,0.02,yes
off_il_5201485000850,Classic toast de blé,Classic toast de blé,Тост — Classic toast de blé,OpenFoodFacts_IL,bakery,Elite,408,11,71,7.8,4.7,5.9,0.48,yes
off_il_24676243,Sprühsahne,Sprühsahne,Элит,OpenFoodFacts_IL,other,"Elite, Penny",298,2.3,7,29,,7,0.032,yes
off_il_0856461008822,Pro Elite Vanilla Protein Shake,וניל — Pro Elite Vanilla Protein Shake,Элит — Pro Elite Vanilla Protein Shake,OpenFoodFacts_IL,protein,OWYN,56.3380281690141,9.01408450704225,0.845070422535211,1.97183098591549,0.845070422535211,,0.076056338028169,yes
off_il_5201485006487,Сухар с пълнозърнесто пшенично и ръжено брашно,Сухар с пълнозърнесто пшенично и ръжено брашно,Элит — Сухар с пълнозърнесто пшенично и ръжено брашно,OpenFoodFacts_IL,other,Elite,398,14,65,7.4,7.5,0.8,0.6,yes
off_il_21173233,High protein Pudding Grieß PUR,פודינג — High protein Pudding Grieß PUR,Пудинг — High protein Pudding Grieß PUR,OpenFoodFacts_IL,sweets,elite,84,7.5,10.1,1.5,,4.5,0.12,yes
off_il_0850026969306,OWYN Elite Pro Plant Protein,OWYN Elite Pro Plant Protein,Элит — OWYN Elite Pro Plant Protein,OpenFoodFacts_IL,protein,OWYN,63.6856669568661,9.7044825839034,0.909795242240944,2.42612064597585,0.909795242240944,,0.106142778261443,yes
off_il_25865660,High-Protein-Pudding - Karamellgeschmack,פודינג — High-Protein-Pudding - Karamellgeschmack,Пудинг — High-Protein-Pudding - Karamellgeschmack,OpenFoodFacts_IL,sweets,"Elite, Molkerei Gropper",80,10,6.7,1.5,,4.9,0.04,yes
off_il_4260601193020,Whey Protein: White Chocolate Taste,שוקולד — Whey Protein: White Chocolate Taste,Шоколад — Whey Protein: White Chocolate Taste,OpenFoodFacts_IL,sweets,German Elite Nutrition,401,73.56,6.9,7.63,,3.8,0.354,yes
off_il_0810156050558,Pro Elite 32g Dairy-Free Protein Shake - Chocolate,שוקולד — Pro Elite 32g Dairy-Free Protein Shake - Chocolate,Шоколад — Pro Elite 32g Dairy-Free Protein Shake - Chocolate,OpenFoodFacts_IL,sweets,Owyn,60.6060606060606,9.6969696969697,0.909090909090909,2.12121212121212,0.909090909090909,,0.106060606060606,yes
off_il_5201485009761,Elite VITA Με Αλεύρι Ολικής Σίτου Και Σίκαλης,Elite VITA Με Αλεύρι Ολικής Σίτου Και Σίκαλης,Элит — Elite VITA Με Αλεύρι Ολικής Σίτου Και Σίκαλης,OpenFoodFacts_IL,other,Elite,398,14,65,7.4,7.5,0.8,0.764,yes
off_il_5201485009747,Dry Bread Elite Classic,לחם — Dry Bread Elite Classic,Хлеб — Dry Bread Elite Classic,OpenFoodFacts_IL,bakery,,408,11,71,7.8,,,659,yes
off_il_28404354,"Kräuterquark, 40 % Fett","Kräuterquark, 40 % Fett","Kräuterquark, 40 % Fett",OpenFoodFacts_IL,other,"DMK, Elite",142,8.4,3.9,10,,3.8,0.296,yes
off_il_8697404764274,Green Power Épinard Persil Citron Banane,Green Power Épinard Persil Citron Banane,Элит — Green Power Épinard Persil Citron Banane,OpenFoodFacts_IL,other,Elite naturel,48,2.8,10.9,,,3.6,659,yes
off_il_8697404765004,Jus de Pastèque,Jus de Pastèque,Элит — Jus de Pastèque,OpenFoodFacts_IL,other,Elite naturel,32,0.6,8.8,0.2,,7.5,659,yes
off_il_0859480006015,Wild elite pure tuna,טונה — Wild elite pure tuna,Элит — Wild elite pure tuna,OpenFoodFacts_IL,fish,Wild catch,117.647058823529,28.2352941176471,,,,,0.247058823529412,yes
off_il_5201485000195,Elite fryganies 125g,Elite fryganies 125g,Элит — Elite fryganies 125g,OpenFoodFacts_IL,other,Elite,270,7.66666666666667,54,4,17.6666666666667,35.6666666666667,0.621333333333333,yes
off_il_5201485008689,Wheat Rusks with Carob Flour,קמח — Wheat Rusks with Carob Flour,Мука — Wheat Rusks with Carob Flour,OpenFoodFacts_IL,grains,Elite VITA,400,11,71,6.9,,8.3,0.6,yes
off_il_20451349,Schoko Drink,Schoko Drink,Schoko Drink,OpenFoodFacts_IL,sweets,"Penny, elite",81,3.7,8,3.7,,7.8,0.048,yes
off_il_5201485007804,Fette biscottate,Fette biscottate,Элит,OpenFoodFacts_IL,other,Elite,408,11,71,7.8,4.7,5.9,0.48,yes
off_il_21353604,High Protein Quarkcreme Vanille,High Protein Quarkcreme Vanille,Элит — High Protein Quarkcreme Vanille,OpenFoodFacts_IL,protein,elite,67,12.4,3.2,0.5,,2.6,0.056,yes
off_il_21185540,High-Protein-Pudding Vanillegeschmack,פודינג — High-Protein-Pudding Vanillegeschmack,Пудинг,OpenFoodFacts_IL,sweets,Elite,84,10,7.9,1.4,,4.8,0.144,yes
off_il_23572737,Sahne joghurt mild,Sahne joghurt mild,Sahne joghurt mild,OpenFoodFacts_IL,other,"Penny, elite",136,2.5,12.6,8,,12,0.044,yes
off_il_21697906,"Mini-Max - Banane, Erdbeere, Aprikose","Mini-Max - Banane, Erdbeere, Aprikose","Элит — Mini-Max - Banane, Erdbeere, Aprikose",OpenFoodFacts_IL,drinks,"Elite, Milchfrisch, Penny",89,5.6,11,2.5,,10,0.04,yes
off_il_21875397,Kräuterquark leicht,Kräuterquark leicht,Kräuterquark leicht,OpenFoodFacts_IL,other,"DMK, Elite, Penny",83,9.9,4.8,2.4,,4.6,0.292,yes
off_il_7290110566975,PRO,יוגורט דנונה פרו בטעם תות,Йогурт,OpenFoodFacts_IL,dairy,דנונה,65,10,5.6,,,5.6,0.0335,yes
off_il_7290106724488,יוגורט,דנונה bio,Йогурт,OpenFoodFacts_IL,dairy,דנונה,55.3333333333333,5.26666666666667,4.46666666666667,1.73333333333333,,4.46666666666667,0.048,yes
off_il_7290106523364,יוגורט תות,יוגורט תות,Йогурт,OpenFoodFacts_IL,dairy,דנונה,84,3,11,3,1,9,5,yes
off_il_7290112330390,PRO,יוגורט חלבון פירות יער,Йогурт,OpenFoodFacts_IL,dairy,דנונה,65,10,5.6,,,5.6,0.033,yes
off_il_7290014762800,Chocolate Flavored Soy Yogurt,מעדן סויה שוקולד,Шоколад — Chocolate Flavored Soy Yogurt,OpenFoodFacts_IL,sweets,תנובה,96,3,15.5,2,1.8,10,0.038,yes
off_il_7290000057132,יוגורט ביו 1.5%,יוגורט ביו 1.5%,Йогурт — יוגורט ביו 1.5%,OpenFoodFacts_IL,dairy,תנובה,55.5,5.2,5.5,1.5,,5.5,0.065,yes
off_il_7290119370955,יוגורט פרו,יוגורט בטעם וניל עוגיות,Йогурт,OpenFoodFacts_IL,other,Danona,56,10,3.45,,,3.2,0.038,yes
off_il_7290000408316,Bio Yogurt,יוגורט ביו שטראוס 3 אחו,Йогурт,OpenFoodFacts_IL,dairy,שטראוס,70,5.2,4.5,3,,,88,yes
off_il_7290110561352,יוגורט בתוספת סידן 3% שומן,"יוגורט דל לקטוז - 3% שומן, מועשר בסידן",Йогурт — יוגורט בתוספת סידן 3% שומן,OpenFoodFacts_IL,dairy,דנונה,67,5.2,4.5,3,,4.5,0.048,yes
off_il_7290119370177,יוגורט בטעם בננה טופי,יוגורט בטעם בננה טופי,Йогурт — יוגורט בטעם בננה טופי,OpenFoodFacts_IL,sweets,דנונה,56,10,3.5,,,,88,yes
off_il_7290116934020,Yogurt Go Coffee,יוגורט מוקצף עם קפה,Йопле — Yogurt Go Coffee,OpenFoodFacts_IL,dairy,Go By Yoplait,62.5,10,3.2,1,,2.8,0.03,yes
off_il_7290116934433,Go Yoplait Light קיווי,Go Yoplait Light קיווי,Йопле — Go Yoplait Light קיווי,OpenFoodFacts_IL,dairy,Yoplait,62,10,4.6,0.4,,4.3,88,yes
off_il_7290106668713,Berries Yogurt,יוגורט עם פירות יער - 3% שומן,Йогурт,OpenFoodFacts_IL,dairy,דנונה,84,3.06666666666667,9.86666666666667,3,,8.8,0.0366666666666667,yes
off_il_7290102393947,Simply Fruit Kiwi Yogurt,יוגורט,Йогурт — Simply Fruit Kiwi Yogurt,OpenFoodFacts_IL,dairy,Müller,88,4.1,11,3,0.5,9.8,0.0001,yes
off_il_7290114310499,יוגורט ביו עם שוקולד פקאן סיני,יוגורט ביו עם שוקולד פקאן סיני,Йогурт — יוגורט ביו עם שוקולד פקאן סיני,OpenFoodFacts_IL,sweets,Muller,140,5.19999980926514,14.1000003814697,6.5,2,13.5,659,yes
off_il_7290110327637,יוגורט DIET קיווי,יוגורט DIET קיווי,Йопле — יוגורט DIET קיווי,OpenFoodFacts_IL,dairy,Yoplait,36,4.30000019073486,3.79999995231628,,1.60000002384186,3.5,88,yes
off_il_7290000051758,יוגורט עם אפרסק 3% שומן,יוגורט עם אפרסק 3% שומן,Йопле — יוגורט עם אפרסק 3% שומן,OpenFoodFacts_IL,dairy,Yoplait,84,3.1,11.2,3,,9.8,88,yes
off_il_7290106523395,יוגורט עם פרי,יוגורט עם פרי,Йогурт — יוגורט עם פרי,OpenFoodFacts_IL,dairy,יוגורט,83,3.09999990463257,10,3,,8.89999961853027,88,yes
off_il_7296073405993,יוגורט וניל יווני,יוגורט וניל יווני,Йогурт — יוגורט וניל יווני,OpenFoodFacts_IL,dairy,שופרסל,85,5.5,13.3000001907349,0.899999976158142,,11.6999998092651,88,yes
off_il_7296073390244,יוגורט יווני,יוגורט יווני,Йогурт,OpenFoodFacts_IL,dairy,Green,70.6666666666667,8.33333333333333,4.93333339691162,2,,4.93333339691162,88,yes
off_il_7290014761254,יוגורט ביו 3,יוגורט ביו 3,Йогурт — יוגורט ביו 3,OpenFoodFacts_IL,dairy,תנובה,68,4.2,5.5,3,,,88,yes
off_il_7290102393060,יוגורט עם גלילי ופל במילוי קרם - 3.1% שומן,יוגורט עם גלילי ופל במילוי קרם - 3.1% שומן,Йогурт — יוגורט עם גלילי ופל במילוי קרם - 3.1% שומן,OpenFoodFacts_IL,sweets,Müller,116,5.1,15.9,3.1,2,12.5,88,yes
off_il_7290110329273,יוגורט עיזים,יוגורט עיזים,Йогурт,OpenFoodFacts_IL,dairy,תנובה,70,3.2,6,3.5,0.9,3,88,yes
off_il_7290004068011,יוגורט כבשים,יוגורט כבשים,Йогурт,OpenFoodFacts_IL,dairy,מחלבות גד,79,5.1,3.5,5,,3.5,0.05,yes
off_il_7290000040974,חלב טרי דל לקטוז,חלב טרי דל לקטוז,Тнува — חלב טרי דל לקטוז,OpenFoodFacts_IL,dairy,תנובה,50,3.2,,2,,4.9,0.044704,yes
off_il_7290004125776,Cheese classic  Emek,עמק קלאסית,Сыр — Cheese classic  Emek,OpenFoodFacts_IL,dairy,"עמק, תנובה",344,23,,28,,,0.1728,yes
off_il_7290015835879,משקה אורז,משקה אורז,Напиток,OpenFoodFacts_IL,grains,רמי לוי,60,0.02,12.6,1,0.3,8,42,yes
off_il_7290004130794,Soy Drink - Less Sweet,משקה סויה במתיקות מופחתת,Тнува — Soy Drink - Less Sweet,OpenFoodFacts_IL,dairy,תנובה,39,3.3,2.3,1.6,1,2,0.05,yes
off_il_7290000055015,פטה כבשים,פטה כבשים 5%,Фета,OpenFoodFacts_IL,dairy,פיראוס,122,18,1.3,5,,1.3,1.6,yes
off_il_72991886,Dolce De Leche Chocolate Ice Cream,גלידה דולצ'ה דה לצ'ה,Шоколад — Dolce De Leche Chocolate Ice Cream,OpenFoodFacts_IL,sweets,Ben & Jerry's,245,4.5,27,13,,27,0.061,yes
off_il_7290110570040,BARISTA ללא סוכר שקדים חלב,BARISTA ללא סוכר שקדים חלב,Миндаль — BARISTA ללא סוכר שקדים חלב,OpenFoodFacts_IL,sweets,alpro,24,0.7,,2.1,0.6,,,yes
off_il_7290105363572,קראנצ׳ שוקולד חלב ביסקוויט,קראנצ׳ שוקולד חלב ביסקוויט,Бисквит — קראנצ׳ שוקולד חלב ביסקוויט,OpenFoodFacts_IL,sweets,עלית,539,8.1,55,31,2.1,49,0.16,yes
off_il_7290012645389,Goat Yogurt,יוגורט עזים 2.8%,Йогурт,OpenFoodFacts_IL,dairy,חלב הארץ,62,3.6,4,3.5,,4,0.05,yes
off_il_7290114310222,חלב מועשר ויטמין די 3 אחוז,חלב מועשר ויטמין די 3 אחוז,Молоко — חלב מועשר ויטמין די 3 אחוז,OpenFoodFacts_IL,dairy,טרה,60,3.3,4.9,3,,,0.05,yes
off_il_4011800628512,דגנים עם שוקולד חלב,דגנים עם שוקולד חלב,Шоколад — דגנים עם שוקולד חלב,OpenFoodFacts_IL,sweets,Corny,433,6.5,64.7,15.7,3.4,29.6,0.199,yes
off_il_7290114313278,Protein 25,משקה קפה עם חלבוני חלב,Напиток,OpenFoodFacts_IL,dairy,müller,45,7.15,4.2,,,4,0.07,yes
off_il_7290114311014,קפוצ'ינו,קפוצ'ינו,Капучино,OpenFoodFacts_IL,dairy,מחלבת טרה,44,3,4.6,1.5,,4.6,0.05,yes
off_il_7290015597548,קרמיסימו,קרמיסימו,Штраус,OpenFoodFacts_IL,sweets,שטראוס,224,4,30.9,9.4,,25.1,0.0208,yes
off_il_7290006681553,,קרמבו וניל,Штраус,OpenFoodFacts_IL,sweets,שטראוס,300,2.28571428571429,45.7142857142857,12,,37.1428571428571,0.0485714285714286,yes
off_il_7290000137513,גלידונית,גלידוניות,Штраус,OpenFoodFacts_IL,dairy,שטראוס,345,3.8,35.7,20.8,,30,0.045,yes
off_il_7290105968654,Yams Stuffed Ravioli,רביולי,Штраус — Yams Stuffed Ravioli,OpenFoodFacts_IL,dairy,שטראוס,186,6.3,35,1.9,,3.1,0.419,yes
off_il_72940761,מילקי בטעם שוקולד,מילקי,Штраус — מילקי בטעם שוקולד,OpenFoodFacts_IL,sweets,שטראוס,103.703703703704,3,16,7,,13.4,0.057,yes
off_il_7290104061431,חומוס עם צנוברים,חומוס עם צנוברים,Штраус — חומוס עם צנוברים,OpenFoodFacts_IL,dairy,אחלה שטראוס,205,8.2,11.8,12.7,4.3,0.6,0.381,yes
off_il_7290112355775,גבינה במרקם שמנת - עירית,גבינה במרקם שמנת - עירית,Сыр — גבינה במרקם שמנת - עירית,OpenFoodFacts_IL,dairy,"סימפוניה, שטראוס",111,9.5,5.4,5,,4.6,0.391,yes
off_il_7290105366047,טחינה לבנה,טחינה לבנה,Штраус,OpenFoodFacts_IL,dairy,שטראוס,316,10.6,2.5,28,,0.7,0.394,yes
off_il_7290005839108,סימפוניה זיתים,סימפוניה זיתים,Штраус,OpenFoodFacts_IL,dairy,שטראוס,104,8.3,4.7,5,,4.1,0.387,yes
off_il_7290112344755,מילקי 26% פחות סוכר,מילקי 26% פחות סוכר,Штраус — מילקי 26% פחות סוכר,OpenFoodFacts_IL,sweets,שטראוס,125,3,9.89999961853027,6.59999990463257,,,876,yes
off_il_7290112336712,Pro yogurt,דנונה Pro,Йогурт,OpenFoodFacts_IL,dairy,שטראוס דנונה,58,10.5,3.3,,,3.3,0.07,yes
off_il_7290115678376,מעדן הגולן שוקולד,מעדן הגולן שוקולד,Штраус — מעדן הגולן שוקולד,OpenFoodFacts_IL,sweets,שטראוס,116,4,17.5,3.1,,,0.122,yes
off_il_7290112339874,سكويز موز,גמדים לדרך תות בננה,Штраус,OpenFoodFacts_IL,dairy,שטראוס,102,5.2,7,5,1.1,6,0.046,yes
off_il_7290112349606,דניאלה תות בננה,דניאלה תות בננה,Штраус — דניאלה תות בננה,OpenFoodFacts_IL,dairy,שטראוס,115,5.4,11,5,,,5,yes
off_il_7290119375240,דניאלה בטעם עוגת גבינה,דניאלה בטעם עוגת גבינה,Штраус — דניאלה בטעם עוגת גבינה,OpenFoodFacts_IL,dairy,שטראוס,100,4.4,9.4,4.4,,8.4,0.026,yes
off_il_72940952,מילקי אקסטרה קצפת Milky,מילקי אקסטרה קצפת Milky,Штраус — מילקי אקסטרה קצפת Milky,OpenFoodFacts_IL,dairy,Straus שטראוס,114.705882352941,1.82352941176471,10.1176470588235,7.35294117647059,,8.70588235294118,0.0341176470588235,yes
off_il_7290001327197,קרמיסימו,קרמיסימו וניל עוגיות,Штраус,OpenFoodFacts_IL,sweets,שטראוס,220,3.4,29.4,9.9,,21,0.066,yes
off_il_7290107951715,"גומי לעיסה ללא סוכר בטעם ענבים, קוביות","גומי לעיסה ללא סוכר בטעם ענבים, קוביות","Штраус — גומי לעיסה ללא סוכר בטעם ענבים, קוביות",OpenFoodFacts_IL,sweets,מאסט must שטראוס,163,,65,0.6,,,6,yes
off_il_7290112358127,דנונה פרו פלוס מגנזיום,דנונה פרו פלוס מגנזיום,Штраус — דנונה פרו פלוס מגנזיום,OpenFoodFacts_IL,dairy,שטראוס,69,10,6.69999980926514,,,6.5,167,yes
off_il_7290008644945,סלט המושבה,סלט המושבה,Штраус,OpenFoodFacts_IL,dairy,שטראוס,22,1.2,3.4,,1.8,2.6,167,yes
off_il_7290112498885,שלגון גודיז,שלגון גודיז,Штраус,OpenFoodFacts_IL,dairy,שטראוס,100,3.5,15.1999998092651,9.80000019073486,5.80000019073486,,167,yes
off_il_7290105366993,Symphony Hot Pepper,סימפוניה 5% פלפל שים'ה,Штраус — Symphony Hot Pepper,OpenFoodFacts_IL,dairy,שטראוס,105,9.2,4.5,5,,4.5,0.371,yes
off_il_7290006664310,סקי 3%,סקי 3%,Штраус,OpenFoodFacts_IL,dairy,שטראוס,79,8.69999980926514,3.70000004768372,3,,3.09999990463257,167,yes
off_il_7290116532271,Goodiz,Goodiz,Штраус,OpenFoodFacts_IL,dairy,שטראוס,670.37037037037,4.44444444444444,30.7407407407407,3.33333333333333,,,167,yes
off_il_7290107933155,"לקט סלנובה, רוקולה ועלי סלק","לקט סלנובה, רוקולה ועלי סלק","Штраус — לקט סלנובה, רוקולה ועלי סלק",OpenFoodFacts_IL,dairy,שטראוס,15,1.7,0.5,,1.9,,0.061,yes
off_il_7290110577599,פריכיות טעימות בצל מקורמל,פריכיות טעימות בצל מקורמל,Штраус — פריכיות טעימות בצל מקורמל,OpenFoodFacts_IL,dairy,שטראוס,413.333333333333,6.66666666666667,73.3333333333333,10.3333333333333,2,2.33333333333333,0.38,yes
off_il_7290102396672,נעם,גבנץ 9%,Тара,OpenFoodFacts_IL,dairy,טרה,202,30,0.2,9,,,0.61,yes
off_il_7290000474502,גבינה לבנה 5%,גבינה לבנה 5%,Сыр — גבינה לבנה 5%,OpenFoodFacts_IL,dairy,טרה,97,8.1,4.9,5,,,405,yes
off_il_7290114311038,,שמנת 32%,Сливки,OpenFoodFacts_IL,dairy,טרה,324,2,4.7,32,,,92,yes
off_il_7290114310239,,חלב 2%,Молоко,OpenFoodFacts_IL,dairy,טרה,51,3.3,4.9,2,,4.9,0.059,yes
off_il_7290102398560,שוקו,שוקו,Шоколадное молоко,OpenFoodFacts_IL,sweets,טרה,46,3.3,4.7,1.5,,4.5,0.06,yes
off_il_1929653972023,שמנת לקצפת 38%,שמנת לקצפת 38%,Сливки — שמנת לקצפת 38%,OpenFoodFacts_IL,dairy,טרה,360,2.20000004768372,2.40000009536743,38,,2.40000009536743,92,yes
off_il_7290102396436,מעדן שוקולד,מעדן שוקולד,Шоколад,OpenFoodFacts_IL,sweets,טרה,79,3.20000004768372,13.1000003814697,1.5,3.09999990463257,10,659,yes
off_il_7290102395477,Tara delicacy,מעדן קצפת שוקולד 6.7%,Шоколад,OpenFoodFacts_IL,sweets,טרה,126.016260162602,3.00813008130081,13.3333333333333,6.66666666666667,,10.5691056910569,0.0447154471544715,yes
off_il_7290001485019,גבינה במרקם שמנת 5%,גבינה במרקם שמנת 5%,Сыр — גבינה במרקם שמנת 5%,OpenFoodFacts_IL,dairy,טרה,101,7.9,5.3,5,1.4,4,0.35,yes
off_il_7290102394449,נעם 22%,פרוסות גבינה חצי קשה 22% שומן,Сыр,OpenFoodFacts_IL,dairy,טרה,298,25,,22,,,0.67,yes
off_il_7290102394463,נאם Cheese,נעם 28%,Сыр,OpenFoodFacts_IL,dairy,Tara (טרה),346,23.5,,28,,,0.66,yes
off_il_7290102397204,נעם 22% פרוסות גבינה חצי קשה,נעם 22% פרוסות גבינה חצי קשה,Сыр — נעם 22% פרוסות גבינה חצי קשה,OpenFoodFacts_IL,dairy,טרה,298,25,,22,,,405,yes
off_il_7290115204056,Ketchup reduced sugar,קטשופ אסם מופחת סוכר,Кетчуп — Ketchup reduced sugar,OpenFoodFacts_IL,sweets,"Osem, אסם",64,2,14,,,9.9,0.395,yes
off_il_7290000061108,Teriaki Sauce,רוטב טריאקי,Терияки,OpenFoodFacts_IL,grains,אסם,214.705882352941,2.64705882352941,50.8823529411765,,,42.0588235294118,1.5,yes
off_il_7290000074184,פתי בר קלאסי,ביסקוויט פתי בר,Бисквит — פתי בר קלאסי,OpenFoodFacts_IL,sweets,אסם,461.538461538462,6.83760683760684,76.4957264957265,14.1025641025641,,21.7948717948718,0.290598290598291,yes
off_il_7290000075143,עוגיות שוקוצ׳יפס קלאסי,עוגיות שוקוצ׳יפס קלאסי,Осем — עוגיות שוקוצ׳יפס קלאסי,OpenFoodFacts_IL,sweets,"Osem, אסם",514,5.3,66,25.4,,34,0.2,yes
off_il_7290006983763,עוגת הבית בטעם שוקולד,עוגת הבית בטעם שוקולד,Шоколад — עוגת הבית בטעם שוקולד,OpenFoodFacts_IL,sweets,אסם,411,5.3,52,20.5,,29.8,659,yes
off_il_7290105695024,פתיתים אפויים עם אטריות,פתיתים אפויים עם אטריות,Птитим — פתיתים אפויים עם אטריות,OpenFoodFacts_IL,grains,אסם,157,4.4,30,1.8,1.4,0.6,21,yes
off_il_7290106574977,بسكوت بيجلا اوسم حلقات 300gm,ביגלה שטוחים,Осем — بسكوت بيجلا اوسم حلقات 300gm,OpenFoodFacts_IL,grains,אסם,408,9.80000019073486,77.8000030517578,6.40000009536743,,,42,yes
off_il_7290000060088,بسكوت بيجلا اوسم عيدان  300gm,בייגלה מקלות,Бейгл — بسكوت بيجلا اوسم عيدان  300gm,OpenFoodFacts_IL,grains,אסם,411,10,78,6.5,,1.2,0.85,yes
off_il_7290115201680,بسلي باريكيو اوسم 70gm,ביסלי ברביקיו,Бисли — بسلي باريكيو اوسم 70gm,OpenFoodFacts_IL,other,אסם,528,10,63.5,26,,1.2,0.00047,yes
off_il_7290115203134,פופקו,פופקורן במבה,Бамба,OpenFoodFacts_IL,other,אסם,519,11,58,27,,35,0.4,yes
off_il_7290106576223,بمبا اوسو ابروبو مطلي بالشوكولاطه 40gm,אפרופו בטעם שוקולד,Шоколад — بمبا اوسو ابروبو مطلي بالشوكولاطه 40gm,OpenFoodFacts_IL,sweets,אסם,547.5,5.75,60,31.75,,35,0.22,yes
off_il_7290000071008,بسكوت اوسم حلقات 60gm,בייגלה שטוחים,Бейгл — بسكوت اوسم حلقات 60gm,OpenFoodFacts_IL,grains,אסם,409,9.8,78,6.4,,5.4,0.85,yes
off_il_7290115207682,Chinese Soya Souce اوسم,רוטב סויה,Соус — Chinese Soya Souce اوسم,OpenFoodFacts_IL,grains,אסם,112,5,23,,,18,2.3,yes
off_il_7290000272726,חומץ 5%,חומץ 5%,Уксус,OpenFoodFacts_IL,grains,"אסם, אסמ",1,,,,,,42,yes
off_il_7290112961266,بيجلة اخضر,בייגלה כפיות בסגנון אטלקי,Бейгл,OpenFoodFacts_IL,grains,אסם,430,10.3333333333333,74,10.6666666666667,,5.33333333333333,0.85,yes
off_il_7290112961327,بسكوت اوسم بالسمسم وحبه البركة 300gm,בייגלה כפיות,Бейгл — بسكوت اوسم بالسمسم وحبه البركة 300gm,OpenFoodFacts_IL,grains,אסם,437,11,74.5,10.6,,5.2,0.85,yes
off_il_7290000060880,פסטה ספגטי,פסטה ספגטי,Спагетти,OpenFoodFacts_IL,grains,אסם,351,11,71,1.8,3.5,4,437,yes
off_il_7290112965684,חטיף דגנים עם עשבי תיבול,חטיף דגנים עם עשבי תיבול,Осем — חטיף דגנים עם עשבי תיבול,OpenFoodFacts_IL,other,"אסם, נסטלה, פיטנס",478,6.5,60,22.3,5.5,7,0.38,yes
off_il_7290118425601,Rice Tortilla Snack Onion and Garlic Flavor,חטיפי טורטיה שום בצל,Тортилья — Rice Tortilla Snack Onion and Garlic Flavor,OpenFoodFacts_IL,other,אסם,443,6.5,79.5,11,,0.7,0.4,yes
off_il_7290008748384,Splendid 70% Dark Chocolate,שוקולד ספלנדיד 70%,Шоколад — Splendid 70% Dark Chocolate,OpenFoodFacts_IL,sweets,עלית,568.862275449102,7.18562874251497,33.5329341317365,43.1137724550898,7.78443113772455,29.940119760479,0.00718562874251497,yes
off_il_7290000178707,tapouchips,צ'יפס — tapouchips,Чипсы,OpenFoodFacts_IL,other,עלית,549,6,53,35,,,0.393,yes
off_il_0815871013840,Tortilla Chips BBQ,טורטייה — Tortilla Chips BBQ,Тортилья — Tortilla Chips BBQ,OpenFoodFacts_IL,other,עלית,535.71428571429,7.1428571428571,64.285714285714,28.571428571429,,3.5714285714286,0.39285714285714,yes
off_il_7290008753111,תפוצ׳יפס קראנצ׳מקסיקני,תפוציפס קראנצ,Тпвцйпс крנц,OpenFoodFacts_IL,greens,עלית,538,6.6,54,33.2,,1.6,0.392,yes
off_il_7290106658479,,טורטית,Твртйт,OpenFoodFacts_IL,greens,עלית,233,2.9,24,13.5,,15,0.0085,yes
off_il_7290104722530,Cream and onion flavored fries,שמנת — Cream and onion flavored fries,Сливки — Cream and onion flavored fries,OpenFoodFacts_IL,dairy,עלית,543,5.90000009536743,55,33,,1.20000004768372,92,yes
off_il_7290115671223,גומי לעיסה במילוי נוזלי ללא סוכר בטעם אבטיח מנגו,גומי לעיסה במילוי נוזלי ללא סוכר בטעם אבטיח מנגו,Арбуз — גומי לעיסה במילוי נוזלי ללא סוכר בטעם אבטיח מנגו,OpenFoodFacts_IL,sweets,"מאסט, עלית",167,,65,1.2,,,876,yes
off_il_7290100850923,Doritos גריל,דוריטוס גריל,Дврйтвс грйл,OpenFoodFacts_IL,greens,"Elite, עלית",532.857142857143,8.28571428571429,64.2857142857143,26.8571428571429,,3.28571428571429,0.395714285714286,yes
off_il_7290115676273,קקאו,קקאו,Какао,OpenFoodFacts_IL,sweets,עלית,379,25,45,11,,,0.024,yes
off_il_72917589,,מקופלת,Мквплт,OpenFoodFacts_IL,sweets,עלית,536,6.8,58.4,30.4,,58,0.084,yes
off_il_7290107944243,Afifit Waffle,אפיפיות בטעם שוקולד ללא גלוטן,Шоколад,OpenFoodFacts_IL,sweets,עלית,509,4.8,69,24,,41,0.1,yes
off_il_7290001817728,ציטוס Puff,ציטוס Puff,Цйтвс Puff,OpenFoodFacts_IL,greens,עלית,529.090909090909,5.45454545454545,60,28.9090909090909,,5.27272727272727,0.341818181818182,yes
off_il_72918388,טוויסט,טוויסט,Тввйст,OpenFoodFacts_IL,greens,עלית,480,4.7,61,24,,39,0.15,yes
off_il_7290107951104,בפלות ארוכות,בפלות ארוכות,Бплвт рвквт,OpenFoodFacts_IL,greens,עלית,503,5,70,22,,41,0.103,yes
off_il_7290106520066,רבע לשבע,רבע לשבע,Рб лшб,OpenFoodFacts_IL,greens,עלית,503.759398496241,6.76691729323308,61.6541353383459,24.0601503759398,,47.3684210526316,0.075187969924812,yes
off_il_7290106725423,Gaufrette chocolat Halva,רבע לשבע בטעם חלבה,Халва — Gaufrette chocolat Halva,OpenFoodFacts_IL,sweets,עלית,490,7.6999998092651,63,23,,51,0.62,yes
off_il_7290112340276,,פינוקיות נס קפה,Кофе,OpenFoodFacts_IL,drinks,עלית,524.475524475524,6.29370629370629,53.1468531468531,30.7692307692308,,30.0699300699301,0.0461538461538462,yes
off_il_7290106653504,סבבה ברבקיו,סבבה ברביקיו,Барбекю,OpenFoodFacts_IL,sauces,עלית,469,16.4,44,24,,13.5,0.362,yes
off_il_72917893,פסק זמן קלאסי,פסק זמן קלאסי,Пск змн клсй,OpenFoodFacts_IL,greens,עלית,551.111111111111,7.77777777777778,53.3333333333333,33.5555564032661,,,12,yes
off_il_7290110554460,Chitos crunchy cheder jalapinio,צ׳יטוס צ׳דר חלפיניו,Ц׳йтвс ц׳др хлпйנйв,OpenFoodFacts_IL,greens,עלית,544,5.8,54,33,,2.5,12,yes
off_il_7290008750400,White chocolate Oreo elet,שוקולד חלב מעולה עם שברי עוגיות,Шоколад — White chocolate Oreo elet,OpenFoodFacts_IL,sweets,עלית,556,6.7,56,34,,53,0.137,yes
off_il_7290107649681,טילון פסק זמן,טילון פסק זמן,Тйлвн пск змн,OpenFoodFacts_IL,greens,עלית,346.875,4.375,48.28125,15.15625,,,12,yes
off_il_7290112961440,פיטנס שוקולד פריכיות,פיטנס שוקולד פריכיות,Шоколад — פיטנס שוקולד פריכיות,OpenFoodFacts_IL,sweets,נסטלה,465,6.30000019073486,60.7000007629395,20.8999996185303,4.30000019073486,33,659,yes
off_il_5900020043436,Crunch Brownie,קראנץ בראוני,Крנц брвנй,OpenFoodFacts_IL,other,נסטלה,384,8.3,74,4.6,6.8,24.5,0.089,yes
off_il_7290019816911,לה קרמיקה קינמון ווניל,לה קרמיקה קינמון ווניל,Л крмйк кйנмвн ввנйл,OpenFoodFacts_IL,sweets,נסטלה,217,4,27.7,10,,21.4,0.071,yes
off_il_7290011515911,שלגון 50 קלוריות ריבת חלב,שלגון 50 קלוריות ריבת חלב,Шлгвн 50 клврйвт рйбт хлб,OpenFoodFacts_IL,dairy,גלידות נסטלה,89,3.70000004768372,17.3999996185303,1.20000004768372,7.69999980926514,12.8000001907349,167,yes
off_il_0929059710497,שלגון אייס קפה,שלגון אייס קפה,Айс кофе,OpenFoodFacts_IL,drinks,נסטלה,231,3.59999990463257,23.7000007629395,12.3999996185303,4.90000009536743,,92,yes
off_il_7290019293194,גלידה נסטלה בטעם שוקולד אגוזים,גלידה נסטלה בטעם שוקולד אגוזים,Шоколад — גלידה נסטלה בטעם שוקולד אגוזים,OpenFoodFacts_IL,sweets,,231,3.5,23.5,12.5,5.4,17.5,0.051,yes
off_il_7290119670277,Natural Flavored Popcorn,פופקורן — Natural Flavored Popcorn,Попкорн — Natural Flavored Popcorn,OpenFoodFacts_IL,other,Rami Levy,448,9,53,20,10,0.7,0.984,yes
off_il_7290018711774,Chicken Flavoured Soup,עוף — Chicken Flavoured Soup,Курица — Chicken Flavoured Soup,OpenFoodFacts_IL,meat,Rami Levy,266,0.1,54,5.5,,16.2,13.48,yes
off_il_7290015681117,Chicken nuggets,עוף — Chicken nuggets,Курица,OpenFoodFacts_IL,meat,Rami Levy,221,15,16,10.3,,0.8,0.395,yes
off_il_7290119670918,Sweet corn,תירס — Sweet corn,Кукуруза,OpenFoodFacts_IL,other,Rami Levy,81,3,11,2.7,,1,0.172,yes
off_il_0077544806009,Bamba,Bamba,Бамба,OpenFoodFacts_IL,other,Osem,534,17,49,30,,3.5,0.39,yes
off_il_0077544529403,Osem Chicken Flavour Soup And Seasoning 400G,עוף — Osem Chicken Flavour Soup And Seasoning 400G,Курица — Osem Chicken Flavour Soup And Seasoning 400G,OpenFoodFacts_IL,grains,Osem,270,6,52,4.5,,20,14,yes
off_il_0077544000919,Sunny Wheat Cracker Whole Grains and Multi Seeds 2 x (190g),קרקר — Sunny Wheat Cracker Whole Grains and Multi Seeds 2 x (190g),Бисквит — Sunny Wheat Cracker Whole Grains and Multi Seeds 2 x (190g),OpenFoodFacts_IL,sweets,Osem Export (1962) Ltd.,432.8,14,60,13,9,5.6,0.4,yes
off_il_0077544181557,Bamba peanut snack with hazelnut cream filling,בוטנים — Bamba peanut snack with hazelnut cream filling,Бамба — Bamba peanut snack with hazelnut cream filling,OpenFoodFacts_IL,other,Osem,533.333333333333,10,56.6666666666667,30,1.66666666666667,26.6666666666667,0.2,yes
off_il_0077544297401,Mini Croutons,Mini Croutons,Осем,OpenFoodFacts_IL,grains,Osem,522,9.2,65,25,,0.8,0.64,yes
off_il_0077544297807,Mini Croutons,Mini Croutons,Осем,OpenFoodFacts_IL,grains,Osem,500,1,57.142857142857,28.571428571429,,,0.5,yes
off_il_0077544332409,Vegetable Soup & Seasoning Mix,מרק — Vegetable Soup & Seasoning Mix,Овощ — Vegetable Soup & Seasoning Mix,OpenFoodFacts_IL,grains,Osem,350,8,60,7,,19,6.4,yes
off_il_0077544789302,Waffers,Waffers,Осем,OpenFoodFacts_IL,grains,Osem,516.12903225806,3.2258064516129,67.741935483871,25.806451612903,3.2258064516129,48.387096774194,0.080645161290324,yes
off_il_0077544826007,Bissli bbq,Bissli bbq,Бисли,OpenFoodFacts_IL,sweets,Osem,500,17.857142857143,64.285714285714,21.428571428571,3.5714285714286,,0.44642857142856,yes
off_il_0077544829008,Bissli Pizza,Bissli Pizza,Бисли,OpenFoodFacts_IL,other,Osem,496,9,6.1,24,,1.6,0.72,yes
off_il_0076937200233,Israeli Pearl Couscous,קוסקוס — Israeli Pearl Couscous,Кускус — Israeli Pearl Couscous,OpenFoodFacts_IL,grains,Osem,363.636363636364,10.9090909090909,78.1818181818182,1.81818181818182,3.63636363636364,0.909090909090909,5,yes
off_il_7290000076133,Pretzels,בייגלה שמיניות במלח,Крендель,OpenFoodFacts_IL,other,Osem,400,10.5,79.5,4.6,,1.2,0.85,yes
off_il_0077544210301,Cookies,עוגיות — Cookies,Печенье,OpenFoodFacts_IL,sweets,Osem,466.67,6.67,76.67,13.33,,20,0.3048,yes
off_il_0077544000506,Consomme,Consomme,Осем,OpenFoodFacts_IL,grains,Osem,250,12.5,62.5,,,12.5,10.125,yes
off_il_0077544000797,Bamba Peanut Butter Puffs,חמאה — Bamba Peanut Butter Puffs,Бамба — Bamba Peanut Butter Puffs,OpenFoodFacts_IL,other,Osem,500,18,40,34,,3.2,0.4,yes
off_il_0077544000957,Bissli Pizza Flavored Wheat Snacks,חטיף — Bissli Pizza Flavored Wheat Snacks,Бисли — Bissli Pizza Flavored Wheat Snacks,OpenFoodFacts_IL,other,Osem,514,9,61,26,,1.5,0.72,yes
off_il_0077544001251,Pearl couscous,קוסקוס — Pearl couscous,Кускус,OpenFoodFacts_IL,grains,Osem,360,12,74,,,1.5,0.01,yes
off_il_0077544001695,"Osem, Pretzel Thins Sesame","פרצל — Osem, Pretzel Thins Sesame","Крендель — Osem, Pretzel Thins Sesame",OpenFoodFacts_IL,other,Osem Export (1962) Ltd.,500,6.67,60,26.67,3.3,6.67,1.267,yes
off_il_0077544001718,Pretzel thins,פרצל — Pretzel thins,Крендель,OpenFoodFacts_IL,other,Osem Export (1962) Ltd.,483,4.2,66,22.5,,6,1.32,yes
off_il_0077544002081,Bissli Xtra Long Remix Bbq & Smokey Party Snack,חטיף — Bissli Xtra Long Remix Bbq & Smokey Party Snack,Бисли — Bissli Xtra Long Remix Bbq & Smokey Party Snack,OpenFoodFacts_IL,other,Osem,480,9.5,65.5,20,,1.2,0.44,yes
off_il_0077544002463,Mushroom Soup & Seasoning Mix,פטריות — Mushroom Soup & Seasoning Mix,Грибы — Mushroom Soup & Seasoning Mix,OpenFoodFacts_IL,grains,Osem,391.3,8.7,69.57,8.7,,8.7,3.44556,yes
off_il_0077544002470,Soup & Seasoning Mix,מרק — Soup & Seasoning Mix,Осем — Soup & Seasoning Mix,OpenFoodFacts_IL,grains,Osem,375,5,70,5,5,10,4.5212,yes
off_il_0077544002647,Sesame snack cracker,קרקר — Sesame snack cracker,Кунжут — Sesame snack cracker,OpenFoodFacts_IL,other,Osem,498,8.9,58,25,2.8,4.5,0.8,yes
off_il_0077544008267,Bissli BBQ Flavored Snacks,חטיף — Bissli BBQ Flavored Snacks,Бисли — Bissli BBQ Flavored Snacks,OpenFoodFacts_IL,other,Osem,520,9,66,24.6,,1.7,0.64,yes
off_il_0077544008274,Bissli Extra Long Onion Flavour Party Snack,בצל — Bissli Extra Long Onion Flavour Party Snack,Бисли — Bissli Extra Long Onion Flavour Party Snack,OpenFoodFacts_IL,other,Osem,484,9,67,20,,1.5,0.64,yes
off_il_0077544008298,Bissli Xtra Long Pizza Flavour Party Snack,חטיף — Bissli Xtra Long Pizza Flavour Party Snack,Бисли — Bissli Xtra Long Pizza Flavour Party Snack,OpenFoodFacts_IL,other,Osem,509,9,59,26,,2.4,0.8,yes
off_il_0077544131002,Cream Crackers,קרקרים — Cream Crackers,Крекеры,OpenFoodFacts_IL,other,Osem,448,11,70.5,13.5,3,3,0.76,yes
off_il_0077544132009,Crackers Au Sésame,קרקרים — Crackers Au Sésame,Крекеры — Crackers Au Sésame,OpenFoodFacts_IL,other,Osem,463,10,64,18,2.5,2.2,0.52,yes
off_il_0077544138407,Sunny wheat cracker,קרקר — Sunny wheat cracker,Осем — Sunny wheat cracker,OpenFoodFacts_IL,grains,Osem,344.827586206897,10.3448275862069,75.8620689655172,6.89655172413793,10.3448275862069,6.89655172413793,0.586206896551724,yes
off_il_0077544162044,Pretzels Salted Pretzel Twists,פרצל — Pretzels Salted Pretzel Twists,Крендель — Pretzels Salted Pretzel Twists,OpenFoodFacts_IL,other,Osem,392,10.5,72,5.5,6,2,1.3,yes
off_il_0077544195028,"Osem, mediterranean crouton herbs","Osem, mediterranean crouton herbs","Осем — Osem, mediterranean crouton herbs",OpenFoodFacts_IL,grains,Osem,457,8.57,57.14,21.43,,,1.057,yes
off_il_0077544252004,Osem Marble Cake,עוגה — Osem Marble Cake,Пирог — Osem Marble Cake,OpenFoodFacts_IL,sweets,Osem,395,4.9,51,19,,27,0.276,yes
off_il_0077544276062,Israeli couscous canister,קוסקוס — Israeli couscous canister,Кускус — Israeli couscous canister,OpenFoodFacts_IL,grains,Osem,364,10.909090909091,78.181818181818,1.8181818181818,4,1.8181818181818,5,yes
off_il_0077544527409,"Osem, consomme soup & seasoning mix","מרק — Osem, consomme soup & seasoning mix","Осем — Osem, consomme soup & seasoning mix",OpenFoodFacts_IL,grains,Osem,167,,50,,,16.67,14,yes
off_il_0077544528406,Beef Flavor Soup & Seasoning Mix,בקר — Beef Flavor Soup & Seasoning Mix,Говядина — Beef Flavor Soup & Seasoning Mix,OpenFoodFacts_IL,grains,OSEM,330,6,53,10,,20,11.2,yes
off_il_0077544806207,Peanut Snack,בוטנים — Peanut Snack,Арахис,OpenFoodFacts_IL,other,Osem,513.1,17,44,30,6,3.2,0.38,yes
off_il_7290110324711,,ממרח סויה בטעם טבעי 9%,Тнува,OpenFoodFacts_IL,dairy,תנובה,127,5,5.5,9,2,0.5,0.26,yes
off_il_7290000042442,Milk,חלב — Milk,Тнува,OpenFoodFacts_IL,dairy,תנובה,60,3.3,4.95,3,,4.95,0.2,yes
off_il_7290000057477,Milk,חלב — Milk,Тнува,OpenFoodFacts_IL,dairy,תנובה,60,3.3,4.95,3,,4.95,0.05,yes
off_il_7290110328771,Go by yoplait פירות יער,Go by yoplait פירות יער,Йопле — Go by yoplait פירות יער,OpenFoodFacts_IL,dairy,תנובה,55,10,3.5,,,3.20000004768372,88,yes
off_il_7290000048437,גבינה מלוחה 5%. מחלב בקר,צפתית 5 אחוז,Сыр — גבינה מלוחה 5%. מחלב בקר,OpenFoodFacts_IL,dairy,"פיראוס, תנובה",135,18.5,4,5,,4,0.93,yes
off_il_7290004122119,פתיתי גבע פרמזן,פתיתי גבע פרמזן,Пармезан — פתיתי גבע פרמזן,OpenFoodFacts_IL,dairy,תנובה,335,32,,23,,,1529,yes
off_il_7290110327514,Oat Milk Hazelnuts Taste,אלטרנטיב שיבולת שועל עם אגוזי לוז,Овёс — Oat Milk Hazelnuts Taste,OpenFoodFacts_IL,vegan,Tnuva,54,1.1,5,3,1.5,3,,yes
off_il_7290014761414,Yolo,Yolo שוקולד חלב ולבן,Шоколад,OpenFoodFacts_IL,sweets,תנובה,179,5,21.8,7.8,,,0.17,yes
off_il_7290014762831,גבינת שמנת עם פלפל חלפינו,גבינת שמנת עם פלפל חלפינו,Тнува — גבינת שמנת עם פלפל חלפינו,OpenFoodFacts_IL,dairy,תנובה,247,4.3,3.4,24,,3.4,0.481,yes
off_il_7290000044248,רויון,רויון,Тнува,OpenFoodFacts_IL,dairy,תנובה,45,3.6,4.3,1.5,,4.3,0.05,yes
off_il_7290004124847,קצפת צמחונית,קצפת צמחונית,Тнува,OpenFoodFacts_IL,dairy,תנובה,268,,22,20,,20.5,0.105,yes
off_il_7290000052717,קוטג' עם שום שמיר,קוטג' תנובה עם שום שמיר,Тнува — קוטג' עם שום שמיר,OpenFoodFacts_IL,dairy,תנובה,97,11,2,5,,2,0.35,yes
off_il_7290110324858,תנובה alternative,תנובה alternative,Тнува,OpenFoodFacts_IL,dairy,Tnuva,105.6,2.48,12,5.04,1.28,9.04,0.0504,yes
off_il_7290004131814,גבינה צפתית 5%,צפתית מעודנת 5%,Сыр — גבינה צפתית 5%,OpenFoodFacts_IL,dairy,פיראוס תנובה,131,16.5,4.9,5,,1.25,0.86,yes
off_il_7296073405863,טחינה גולמית מעודנת,טחינה גולמית מעודנת,Тхйנ гвлмйт мвдנт,OpenFoodFacts_IL,sauces,שופרסל,691,23,9.7,62,1.3,0.9,0.012,yes
off_il_7296073441335,פריכיות אורז מלא,פריכיות אורז מלא,Прйкйвт врз мл,OpenFoodFacts_IL,grains,שופרסל,400,8.75,82.5,2.5,3.75,1.25,42,yes
off_il_7296073286073,אורז לבן ארוך בסמטי הודי,אורז לבן ארוך בסמטי הודי,Врз лбн рвк бсмтй вдй,OpenFoodFacts_IL,grains,שופרסל,336,7,78,,2,,42,yes
off_il_7296073079903,רוטב עגבניות מרוכז מאוד 22 Bx,רוטב עגבניות מרוכז מאוד,Томатный соус — רוטב עגבניות מרוכז מאוד 22 Bx,OpenFoodFacts_IL,sauces,שופרסל,86,3.2,16.6,,3.3,13,0.049,yes
off_il_7296073530381,טחינה אורגנית משומשום מלא,טחינה אורגנית משומשום מלא,Кунжут — טחינה אורגנית משומשום מלא,OpenFoodFacts_IL,sauces,שופרסל green,634,22,3,56,15,1,0.01,yes
off_il_7296073274964,חמאת בוטנים טבעית עם שבבי בוטנים,חמאת בוטנים טבעית עם שבבי בוטנים,Арахисовая паста — חמאת בוטנים טבעית עם שבבי בוטנים,OpenFoodFacts_IL,nuts,שופרסל green,676,27,16.6,53.1,10.7,4.1,0.006,yes
off_il_7296073442219,,כדורי דגנים בטעם שוקולד ושוקולד לבן,Шоколад,OpenFoodFacts_IL,sweets,שופרסל,360,7,78,2.7,3.9,22,,yes
off_il_7296073180425,Napoli Style Sauce,רוטב עגבניות לפסטה עם שום ואורגנו,Томатный соус,OpenFoodFacts_IL,grains,שופרסל,61,1.6,6.6,3.2,,,539,yes
off_il_7296073205616,medjool dates semi dry,תמר מג'הול יבש למחצה,Тмр мг'вл йбш лмхц,OpenFoodFacts_IL,fruit,שופרסל,0.267,2.2,60.9,,7.3,60.7,2,yes
off_il_7296073143437,ברנפלקס ללא תוספת סוכר,ברנפלקס,Брנплкс,OpenFoodFacts_IL,sweets,שופרסל,325,10.8,64.2,2.6,14.8,2,0.391,yes
off_il_7296073368878,פתיתי שיבולת שועל מלאה עבה,פתיתי שיבולת שועל מלאה עבה,Овёс — פתיתי שיבולת שועל מלאה עבה,OpenFoodFacts_IL,grains,שופרסל,366,12,56,8.39999961853027,9,1,111,yes
off_il_7296073343202,פריכיות כוסמת,פריכיות כוסמת,Прйкйвт квсмт,OpenFoodFacts_IL,grains,שופרסל,382,13.1578947368421,69.7368421052632,3.94736842105263,9.21052631578947,,11,yes
off_il_7296073454076,Premium Chocolate,שוקולד — Premium Chocolate,Шоколад,OpenFoodFacts_IL,sweets,שופרסל,601,7.3,30,48,10,26,659,yes
off_il_7296073219347,לחם אחיד פרוס,לחם אחיד פרוס,Лхм хйд првс,OpenFoodFacts_IL,bakery,שופרסל,244,9.2,42.8,3,,,344,yes
off_il_7296073254096,טונה במים,טונה במים,Твנ бмйм,OpenFoodFacts_IL,fish,שופרסל,110,25,,0.5,,,187,yes
off_il_7296073611363,שניצל מהצומח,שניצל מהצומח,Шנйцл мцвмх,OpenFoodFacts_IL,meat,שופרסל,144,8.80000019073486,13.1999998092651,6,1,1,617,yes
off_il_7296073226680,חטיף דגנים עם שוקולד וביסקוויט,חטיף דגנים עם שוקולד וביסקוויט,Бисквит — חטיף דגנים עם שוקולד וביסקוויט,OpenFoodFacts_IL,sweets,שופרסל,369.565217391304,6.52173913043478,56.5217391304348,10.8695652173913,15.2173913043478,24.7826086956522,0.369565217391304,yes
off_il_7296073219965,"חטיף דגנים עם שוקולד חלב, בוטנים ושקדים","חטיף דגנים עם שוקולד חלב, בוטנים ושקדים","Шоколад — חטיף דגנים עם שוקולד חלב, בוטנים ושקדים",OpenFoodFacts_IL,sweets,שופרסל,395.652173913043,8.26086956521739,50.8695652173913,14.7826086956522,14.7826086956522,23.0434782608696,0.19,yes
off_il_7290112495020,כריות צ'וקולדה,כריות צ'וקולדה,Тельма,OpenFoodFacts_IL,grains,תלמה,457,5.3,76.5,14.4,,41.3,0.257048,yes
off_il_0729012494351,קורנפלקס של אלופים,קורנפלקס של אלופים,Кукурузные хлопья,OpenFoodFacts_IL,grains,תלמה,375,7,83.3,0.9,3,7,0.375,yes
off_il_7290000168173,Branflakes Crunchim,ברנפלקס קרנצ'ים,Тельма,OpenFoodFacts_IL,grains,תלמה,341,9.1,75.4,2.5,8.6,0.8,0.359,yes
off_il_7290112495433,דליפקאן,דליפקאן,Тельма,OpenFoodFacts_IL,grains,תלמה,420,9.9,67.4,10.8,7.4,18.5,0.285,yes
off_il_7290112494344,קורנפלקס,אלופים,Кукурузные хлопья,OpenFoodFacts_IL,grains,תלמה,375,7,83.3,0.9,3,7,0.375,yes
off_il_7290107647854,שוגי,שוגי,Тельма,OpenFoodFacts_IL,grains,תלמה,383,6.7,87,0.9,,16.4,0.435,yes
off_il_7290000068084,פתיבר,פתיבר,Тельма,OpenFoodFacts_IL,grains,תלמה,108,1.6,17.9,3.3,,5.1,68,yes
off_il_7290116537351,כריות נוגט,כריות נוגט,Тельма,OpenFoodFacts_IL,grains,תלמה,465,5.7,73.8,16.3,,,0.217,yes
off_il_7290112495037,Kokoman Chocolate Cereal,קורונה,Шоколад — Kokoman Chocolate Cereal,OpenFoodFacts_IL,sweets,תלמה,379,8.5,79.7,1.7,5.3,19.4,0.198,yes
off_il_7290000110844,כיפלי גריל,כיפלי גריל,Тельма,OpenFoodFacts_IL,grains,תלמה,527,6.5,60,29,,,42,yes
off_il_7290116534817,Oats&More,שיבולת שועל — Oats&More,Тельма,OpenFoodFacts_IL,grains,תלמה,88,3.1,14.2,1.5,2.8,3.3,0.05,yes
off_il_7290000110851,כיפלי טבעות בצל,כיפלי טבעות בצל,Тельма — כיפלי טבעות בצל,OpenFoodFacts_IL,grains,תלמה,506,6.2,55,29,,0.8,0.8,yes
off_il_0746132001552,Houmous aux pignons de pin,Houmous aux pignons de pin,Штраус — Houmous aux pignons de pin,OpenFoodFacts_IL,dairy,Strauss,251,8.1,14.8,17.7,,0.7,0.44,yes
off_il_8004035000457,Schlutzkrapfen Spinat,Schlutzkrapfen Spinat,Штраус,OpenFoodFacts_IL,dairy,Strauss,222,7.6,39,2.3,,1.4,0.52,yes
off_il_8004035100195,Canederli agli spinaci,Canederli agli spinaci,Штраус — Canederli agli spinaci,OpenFoodFacts_IL,dairy,Strauss,141,6.7,20.3,3.1,,1.9,0.4,yes
off_il_4013197762251,Cola BonBons - Cola Candles,קולה — Cola BonBons - Cola Candles,Штраус — Cola BonBons - Cola Candles,OpenFoodFacts_IL,dairy,Heller & Strauss,392,0.5,97,0.5,,70,0.004,yes
off_il_0746132000708,Strauss Humus Achla 250GR,Strauss Humus Achla 250GR,Штраус — Strauss Humus Achla 250GR,OpenFoodFacts_IL,dairy,Strauss,228,8.5,13.4,15.6,,0.7,0.4,yes
off_il_0746132001545,Achla Hummus,חומוס — Achla Hummus,Штраус,OpenFoodFacts_IL,dairy,Strauss,228,7.9,12.3,16.4,3.6,1,0.56,yes
off_il_0815871010122,"Must Sugar Free Chewing Gum, Spearmint","סוכר — Must Sugar Free Chewing Gum, Spearmint","Штраус — Must Sugar Free Chewing Gum, Spearmint",OpenFoodFacts_IL,sweets,Strauss Group Ltd.,178.57142857143,,71.428571428571,,,,876,yes
off_il_0815871011143,Achla Tahini 8oz,טחינה — Achla Tahini 8oz,Штраус — Achla Tahini 8oz,OpenFoodFacts_IL,dairy,Strauss,264,9.5,7,22,,0.9,0.48,yes
off_il_7290000174099,Bafflot,Bafflot,Штраус,OpenFoodFacts_IL,dairy,Strauss Group,516,4.6,68,25,,46,167,yes
off_il_72940976,Choux à la mayonnaise,סלט כרוב,Майонез — Choux à la mayonnaise,OpenFoodFacts_IL,dairy,Strauss,197,1.1,11.3,16.4,,8,0.34,yes
off_il_7290002824466,"Bio Yogurt, 0%",יוגורט ביו 0 אחוז שומן,"Йогурт — Bio Yogurt, 0%",OpenFoodFacts_IL,dairy,Danone,44,5.3,4.6,,,4.6,0.05,yes
off_il_0631758003182,Colágeno Hidrolizado + Ácido Hialuronico,Colágeno Hidrolizado + Ácido Hialuronico,Штраус — Colágeno Hidrolizado + Ácido Hialuronico,OpenFoodFacts_IL,dairy,Silvia Strauss,234.77,41.63,15.51,0.69,36.75,2.48,1.13179,yes
off_il_8004035100447,Canederli alle Rape Rosse,Canederli alle Rape Rosse,Штраус — Canederli alle Rape Rosse,OpenFoodFacts_IL,dairy,Strauss,152.963671128107,4.5,20.7,5.3,,5.5,0.472,yes
off_il_8004035100522,Spinatknödel,Spinatknödel,Штраус,OpenFoodFacts_IL,dairy,Strauss,174,7,8.43,7,,3.3,3.6,yes
off_il_7290110559014,Black beans,שעועית — Black beans,Штраус,OpenFoodFacts_IL,dairy,Strauss,104,7.3,13.3,1.2,5.9,,570,yes
off_il_7290004584351,Symphonia,סימפוניה במרקם שמנת 5%,Штраус,OpenFoodFacts_IL,dairy,Strauss,108,9.8,4.6,5,,4.5,0.376,yes
off_il_7290110557423,Milki trio,Milki trio,Штраус,OpenFoodFacts_IL,dairy,Strauss,123.529411764706,2.35294117647059,12.9411764705882,6.76470588235294,,10.1176475076114,167,yes
off_il_7290110560836,Milki,Milki,Штраус,OpenFoodFacts_IL,dairy,Strauss,112.941176470588,2.29411764705882,12.9411764705882,5.76470588235294,,10.4705882352941,0.0994117647058824,yes
off_il_7290106663091,Labena 9%,Labena 9%,Штраус,OpenFoodFacts_IL,dairy,Strauss,139,9,4,9,,3.5,0.39,yes
off_il_0784830004406,Organic Vanilla Greek Whole Milk Yogurt,וניל — Organic Vanilla Greek Whole Milk Yogurt,Йогурт — Organic Vanilla Greek Whole Milk Yogurt,OpenFoodFacts_IL,dairy,"Straus Family Creamery, Strauss",220,17,23,6,,13,0.035,yes
off_il_7290112330987,פרו שייק חלבון מי גבינה עם אפרסק ומנגו,פרו שייק חלבון מי גבינה עם אפרסק ומנגו,Сыр — פרו שייק חלבון מי גבינה עם אפרסק ומנגו,OpenFoodFacts_IL,dairy,יטבתה,54,7.2,5.2,0.5,,5,0.05994,yes
off_il_7290102397891,גבינה מותכת,גבינה מותכת 18%,Сыр,OpenFoodFacts_IL,dairy,משק צוריאל,229,15,1.7,18,,1.7,0.8,yes
off_il_7290004137311,גבינה צהובה 9%,גבינה עמק 9%,Сыр — גבינה צהובה 9%,OpenFoodFacts_IL,dairy,עמק,201,30,,9,,,0.491,yes
off_il_04725600,גבינה סקנדינבית,גבינה סקנדינבית,Сыр,OpenFoodFacts_IL,dairy,collection,373,23.5,,31,,,0.212,yes
off_il_7290011499419,גבינה במרקם שמנת,גבינה במרקם שמנת,Сыр — גבינה במרקם שמנת,OpenFoodFacts_IL,dairy,NEW YORK,300,4.4,7.5,5,,3,0.3,yes
off_il_7290004122683,Emek Cheese Sticks 28%,אצבעות גבינה עמק,Сыр — Emek Cheese Sticks 28%,OpenFoodFacts_IL,dairy,"Emek, עמק",344,23,,28,,,0.64,yes
off_il_7290015599078,גבינה צהובה טבעונית,גבינה צהובה טבעונית,Сыр — גבינה צהובה טבעונית,OpenFoodFacts_IL,dairy,Vega,285,,20,23,,,405,yes
off_il_5000112547689,Coca-Cola,קולה — Coca-Cola,Кола,OpenFoodFacts_IL,drinks,Coca-Cola,42,,10.6,,,10.6,659,yes
off_il_6111242101999,Ghilal pêche vanille,Ghilal pêche vanille,Ghilal pêche vanille,OpenFoodFacts_IL,other,Jaouda,111,3.5,16,3.4,,16,,yes
off_il_8013885051519,Sedani seigle complet,Sedani seigle complet,Sedani seigle complet,OpenFoodFacts_IL,other,"Castagno, Castagno Bio",336,10,62,2.2,14,3.3,,yes
off_il_7290110328221,Lactose Free Yogurt 3%,יוגורט — Lactose Free Yogurt 3%,Йогурт — Lactose Free Yogurt 3%,OpenFoodFacts_IL,dairy,Tnuva,64,5,4.2,3,,4.2,0.06,yes
off_il_7290000047546,Tvorog,גבינת כנען 5%,Тнува,OpenFoodFacts_IL,dairy,Tnuva,133,18.6,3.6,5,,3.6,0.04,yes
off_il_7290004125585,Soy Drink Vanilla,וניל — Soy Drink Vanilla,Тнува — Soy Drink Vanilla,OpenFoodFacts_IL,dairy,Tnuva Alternative,50,3.3,5,1.6,1,4.8,0.05,yes
off_il_7290006895264,Pargit Chicken Steak,עוף — Pargit Chicken Steak,Курица — Pargit Chicken Steak,OpenFoodFacts_IL,dairy,Tnuva,129,23,2,3.2,,1,0.52,yes
off_il_7290000057118,קלאסית,קלאסית,Тнува,OpenFoodFacts_IL,dairy,Tnuva,344,23,,28,,,0.64,yes
off_il_7290000040080,yoplait,yoplait,Йопле,OpenFoodFacts_IL,dairy,tnuva,,,,,,,88,yes
off_il_0843426000465,Labaneh,Labaneh,Лабане,OpenFoodFacts_IL,dairy,Tnuva,30,3,1,1.5,,1,0.15,yes
off_il_8422915240814,Fritel goût chili,Fritel goût chili,Fritel goût chili,OpenFoodFacts_IL,other,Avi Kosher,478,3.4,60.5,23.5,,3.7,1.48,yes
off_il_7290110324773,Boisson proteine,משקה חלבון בטעם וניל,Тнува,OpenFoodFacts_IL,dairy,Tnuva,67,7.4,5,1.9,,4.9,0.078,yes
off_il_7290004132552,Soy milk,חלב — Soy milk,Тнува,OpenFoodFacts_IL,vegan,Tnuva,31,3.3,0.6,1.5,1,,0.05,yes
off_il_7290110329686,Go 27,Go 27,Тнува,OpenFoodFacts_IL,dairy,Tnuva,67,7.4,5,1.9,,4.9,0.078,yes
off_il_7290110329822,Bio Raspberry,פטל — Bio Raspberry,Тнува,OpenFoodFacts_IL,dairy,Tnuva,84,3.33333333333333,13.5333333333333,1.6,1.33333333333333,2.5,0.05,yes
off_il_20262020,Milk 3% fat,חלב — Milk 3% fat,Тнува — Milk 3% fat,OpenFoodFacts_IL,dairy,Tnuva,60,3.3,4.95,5,,4.8,,yes
off_il_7290110325305,"Bio soy yogurt with refined sweetness, enriched with protein, calcium, vitamins, with yogurt bacteria, 3% fat","מועשר — Bio soy yogurt with refined sweetness, enriched with protein, calcium, vitamins, with yogurt bacteria, 3% fat","Йогурт — Bio soy yogurt with refined sweetness, enriched with protein, calcium, vitamins, with yogurt bacteria, 3% fat",OpenFoodFacts_IL,dairy,Tnuva Go,95,10,6,3,2,5,0.072,yes
off_il_7290110321680,GO strawberry,תות שדה — GO strawberry,Клубника,OpenFoodFacts_IL,dairy,Tnuva,98,10,10,2,,9.8,0.058,yes
off_il_7290116931593,Protein Bar Hazelnuts And Chocolate,אגוזי לוז — Protein Bar Hazelnuts And Chocolate,Шоколад — Protein Bar Hazelnuts And Chocolate,OpenFoodFacts_IL,sweets,Go By Tnuva,371.666666666667,33.3333333333333,31,15,9.83333333333333,3.66666666666667,0.0883333333333333,yes
off_il_7290116932620,Go Natural by Yoplait Without Lactose,Go Natural by Yoplait Without Lactose,Йопле — Go Natural by Yoplait Without Lactose,OpenFoodFacts_IL,dairy,Tnuva,86,12.5,4.5,2,,4.5,0.072,yes
off_il_7290004126674,Tal HaEmek 9%,טל העמק 9%,Тнува — Tal HaEmek 9%,OpenFoodFacts_IL,dairy,Tnuva,201,30,,9,,,405,yes
off_il_0025675016002,Flatbreads everything good grains crackers,קרקרים — Flatbreads everything good grains crackers,Крекеры — Flatbreads everything good grains crackers,OpenFoodFacts_IL,other,Paskesz,412,11.9,74.9,6.8,,6.2,0.7,yes
off_il_0025675016088,Paskesz Flatbread Multigrain,לחם — Paskesz Flatbread Multigrain,Хлеб — Paskesz Flatbread Multigrain,OpenFoodFacts_IL,bakery,Paskesz,403,13.3,74.4,4.6,,2.9,0.79,yes
off_il_3592860010048,Suprême d'olives vertes,Suprême d'olives vertes,Светлый — Suprême d'olives vertes,OpenFoodFacts_IL,vegetable,Ethnic Delight,255,25,35,25,,,1.52,yes
off_il_3329770077003,Skyr nature natural,Skyr nature natural,Йопле — Skyr nature natural,OpenFoodFacts_IL,dairy,Yoplait,57,9.5,3.6,0.5,,3.6,88,yes
off_il_3329770073265,SKYR RECETTE ISLANDAISE,SKYR RECETTE ISLANDAISE,Йопле — SKYR RECETTE ISLANDAISE,OpenFoodFacts_IL,dairy,Yoplait,57,9.3,3.6,0.5,0.5,3.6,23.603,yes
off_il_3329770051072,Fromage frais nature au lait demi-écrémé.,Fromage frais nature au lait demi-écrémé.,Йопле — Fromage frais nature au lait demi-écrémé.,OpenFoodFacts_IL,dairy,"Petit yoplait std, Yoplait",87,9,4.1,3.8,0.1,4.1,0.03,yes
off_il_3329770076471,Calin Extra,Calin Extra,Экстра — Calin Extra,OpenFoodFacts_IL,dairy,"Calin, Yoplait",82,5.7,6.6,3.2,,6.6,0.052,yes
off_il_3329770051096,Petit Yoplait,Petit Yoplait,Йопле,OpenFoodFacts_IL,dairy,"Petit yoplait std, Yoplait",87,9,4.1,3.8,0.1,4.1,0.04,yes
off_il_3329770083233,SKYR VANILLE,SKYR VANILLE,Йопле,OpenFoodFacts_IL,dairy,Yoplait,78,7.8,10.9,0.5,,10,0.048,yes
off_il_3329770057234,Calin Extra 0%,Calin Extra 0%,Йопле — Calin Extra 0%,OpenFoodFacts_IL,dairy,Yoplait,61,6.5,7.8,0.1,0.1,7.8,0.052,yes
off_il_3329770082342,SKYR,SKYR,Йопле,OpenFoodFacts_IL,dairy,Yoplait,56,9.3,3.6,0.5,,3.6,0.014,yes
off_il_3329770075313,Yop fraise,Yop fraise,Йопле,OpenFoodFacts_IL,dairy,Yoplait,65,3,10.6,0.8,,10.5,0.048,yes
off_il_3329770073272,SKYR,SKYR,Йопле,OpenFoodFacts_IL,dairy,Yoplait,76,7.8,12.2,0.5,,11.7,0.048,yes
off_il_3329770084056,SKYR,SKYR,Йопле,OpenFoodFacts_IL,dairy,Yoplait,57,9.5,3.6,0.5,,3.6,0.056,yes
off_il_3329770082403,Creme fraiche entière,Creme fraiche entière,Йопле — Creme fraiche entière,OpenFoodFacts_IL,dairy,Yoplait,295,2.3,2.8,30,,2.8,0.036,yes
off_il_3329770082410,Crème fraîche entière,Crème fraîche entière,Йопле — Crème fraîche entière,OpenFoodFacts_IL,dairy,Yoplait,293,2.3,2.9,30,,2.9,0.036,yes
off_il_3329770073289,SKYR RECETTE ISLANDAISE,SKYR RECETTE ISLANDAISE,Йопле — SKYR RECETTE ISLANDAISE,OpenFoodFacts_IL,dairy,Yoplait,80,7.8,11.1,0.5,,10.6,0.048,yes
off_il_3329770071391,Fromage frais sucré aromatisé enrichi en vitamine D,Fromage frais sucré aromatisé enrichi en vitamine D,Fromage frais sucré aromatisé enrichi en vitamine D,OpenFoodFacts_IL,dairy,"Petits filous pots, Yoplait",93.9292543021032,5.3,11.8,2.4,,11.4,0.12,yes
off_il_3329770083622,Skyr Noix de Coco,Skyr Noix de Coco,Йопле — Skyr Noix de Coco,OpenFoodFacts_IL,dairy,YOPLAIT,84,8.1,10,0.8,,9.6,0.051,yes
off_il_3329770080010,SKYR vanille,SKYR vanille,Йопле,OpenFoodFacts_IL,dairy,Yoplait,79,7.8,10.9,0.5,,10,0.048,yes
off_il_3329770080119,Perle de Lait Nature,Perle de Lait Nature,Йопле — Perle de Lait Nature,OpenFoodFacts_IL,dairy,Yoplait,105,3.2,3.8,8.1,,2.8,0.052,yes
off_il_3329770060142,Fromage blanc au lait demi-écrémé,Fromage blanc au lait demi-écrémé,Fromage blanc au lait demi-écrémé,OpenFoodFacts_IL,dairy,"Calin, Calin standard, Yoplait",76,6.9,4.4,3.3,,4.4,0.056,yes
off_il_3329770089433,SKYR RECETTE GOURMANDE,SKYR RECETTE GOURMANDE,Йопле — SKYR RECETTE GOURMANDE,OpenFoodFacts_IL,dairy,Yoplait,90.8333333333333,7.9,10.5,1.5,,9.7,0.048,yes
off_il_3329770086159,Panier de Yoplait - Aux bons morceaux de fruits - Fruits jaunes,Panier de Yoplait - Aux bons morceaux de fruits - Fruits jaunes,Йопле — Panier de Yoplait - Aux bons morceaux de fruits - Fruits jaunes,OpenFoodFacts_IL,dairy,Yoplait,90,3.3,13,2.3,,12.4,0.052,yes
off_il_3176575414003,LAIT FERMENTE YORIK NATURE,LAIT FERMENTE YORIK NATURE,Йопле — LAIT FERMENTE YORIK NATURE,OpenFoodFacts_IL,dairy,Yoplait,31,3.4,4.4,0.5,,4.4,0.052,yes
off_il_3329770051089,Petit Yoplait 0%,Petit Yoplait 0%,Йопле — Petit Yoplait 0%,OpenFoodFacts_IL,dairy,"Petit yoplait 0%, Yoplait",57,9.7,4.2,0.1,0.1,4.2,0.06,yes
off_il_3329770051065,Petit Yoplait (0 % MG),Petit Yoplait (0 % MG),Йопле — Petit Yoplait (0 % MG),OpenFoodFacts_IL,dairy,"Petit Yoplait, Yoplait",57,9.7,4,0.1,0.1,4,0.056,yes
off_il_3329770089822,Skyr Gourmand Stracciatella,Skyr Gourmand Stracciatella,Йопле — Skyr Gourmand Stracciatella,OpenFoodFacts_IL,dairy,YOPLAIT,91,7.9,10.5,1.5,,9.7,0.048,yes
off_il_3329770075351,Yop framboise,Yop framboise,Йопле,OpenFoodFacts_IL,dairy,Yoplait,66,3,10.7,0.8,,10.5,0.048,yes
off_il_3329770073296,Skyr sur lit au citron,Skyr sur lit au citron,Йопле — Skyr sur lit au citron,OpenFoodFacts_IL,dairy,Yoplait,82,7.8,11.7,0.5,,11.1,0.052,yes
off_il_3329770080140,Perle de lait vanille,Perle de lait vanille,Perle de lait vanille,OpenFoodFacts_IL,dairy,"Perle de Lait, Yoplait",130,2.5,13.2,7.1,,11.7,0.04,yes
off_il_3329778164064,Yop parfum vanille,Yop parfum vanille,Йопле — Yop parfum vanille,OpenFoodFacts_IL,dairy,Yoplait,66,3,10.6,0.8,,10.4,0.048,yes
off_il_3329770087286,Skyr pêche et mangue,Skyr pêche et mangue,Йопле — Skyr pêche et mangue,OpenFoodFacts_IL,dairy,Yoplait,82,7.8,11.7,0.5,,11.3,0.048,yes
off_il_3329770062696,Crème fraîche légère 12%MG,Crème fraîche légère 12%MG,Йопле — Crème fraîche légère 12%MG,OpenFoodFacts_IL,dairy,Yoplait,143,2.8,6,11.9,,3.6,0.044,yes
off_il_3329770062740,Crème fluide à 30% de matières grasses.,Crème fluide à 30% de matières grasses.,Crème fluide à 30% de matières grasses.,OpenFoodFacts_IL,dairy,"Cfr fleurette, Yoplait",302,2.3,3.3,31,,3.3,0.044,yes
off_il_3329770087316,Fat-free strained raspberry yogurt,פטל — Fat-free strained raspberry yogurt,Йопле — Fat-free strained raspberry yogurt,OpenFoodFacts_IL,dairy,Yoplait,82,7.8,11.6,0.5,,11,0.048,yes
off_il_3329770086289,Panier de Yoplait 0% Fruits jaunes,Panier de Yoplait 0% Fruits jaunes,Йопле — Panier de Yoplait 0% Fruits jaunes,OpenFoodFacts_IL,dairy,Yoplait,46,4.4,6.1,,,5.7,0.068,yes
off_il_13297703,Brassé citron au lait entier,Brassé citron au lait entier,Йопле — Brassé citron au lait entier,OpenFoodFacts_IL,dairy,"Yoplait, les laitiers responsables",92,3.3,12,2.7,,10.8,0.052,yes
off_il_3329770086104,Panier de Yoplait Abricot Nectarine,נקטרינה — Panier de Yoplait Abricot Nectarine,Йопле — Panier de Yoplait Abricot Nectarine,OpenFoodFacts_IL,dairy,Panier de Yoplait,90,3.3,13,2.3,,12.5,0.052,yes
off_il_3329770063525,Panier de Yoplait - Fruits rouges,Panier de Yoplait - Fruits rouges,Йопле — Panier de Yoplait - Fruits rouges,OpenFoodFacts_IL,dairy,"Paniers, Yoplait",91,3.2999999523163,12.5,2.2999999523163,,11.89999961853,0.052,yes
off_il_3329770062702,Crème Fraîche Légère,Crème Fraîche Légère,Йопле — Crème Fraîche Légère,OpenFoodFacts_IL,dairy,Yoplait,143,2.8,6,11.9,,3.6,0.044,yes
off_il_3329770086197,Yaourts Abricot Pêche Fraise Cerise,Yaourts Abricot Pêche Fraise Cerise,Йопле — Yaourts Abricot Pêche Fraise Cerise,OpenFoodFacts_IL,dairy,Yoplait,90,3.3,13.1,2.3,,12.5,0.052,yes
off_il_3329770086098,Yahourt morceaux de fruits framboise fraise,Yahourt morceaux de fruits framboise fraise,Йопле — Yahourt morceaux de fruits framboise fraise,OpenFoodFacts_IL,dairy,"Panier de Yoplait, Yoplait",90,3.4,13,2.3,,12.5,0.052,yes
off_il_3329770062764,Crème légère fluide à 15% de matières grasses,Crème légère fluide à 15% de matières grasses,Crème légère fluide à 15% de matières grasses,OpenFoodFacts_IL,dairy,"Cfr fleurette, Yoplait",175,2.9,4.2,16.3,,4.2,0.056,yes
off_il_3329770063426,Panier de Yoplait Fraise - Framboise,Panier de Yoplait Fraise - Framboise,Йопле — Panier de Yoplait Fraise - Framboise,OpenFoodFacts_IL,dairy,"Panier recette classique, Yoplait",91,3.3,12.4,2.3,,11.9,0.052,yes
off_il_3329770076464,Câlin extra,Câlin extra,Йопле,OpenFoodFacts_IL,dairy,Yoplait,82,5.7,6.6,3.2,,6.6,0.052,yes
off_il_3329770082359,Skyr Lit de Fruits rouges Myrtilles,Skyr Lit de Fruits rouges Myrtilles,Йопле — Skyr Lit de Fruits rouges Myrtilles,OpenFoodFacts_IL,dairy,Yoplait,76,7.6,10.5,0.5,,9.9,0.048,yes
off_il_3329770084407,Skyr nature,Skyr nature,Йопле,OpenFoodFacts_IL,dairy,Yoplait,57,9.5,3.6,0.5,,3.6,0.056,yes
off_il_3329770086166,Panier de yoplait aux morceaux de fruits,Panier de yoplait aux morceaux de fruits,Йопле — Panier de yoplait aux morceaux de fruits,OpenFoodFacts_IL,dairy,Panier de Yoplait,90,3.3,13.1,2.3,,12.5,0.052,yes
off_il_3329770052031,Yaourt Nature sucré,Yaourt Nature sucré,Йопле — Yaourt Nature sucré,OpenFoodFacts_IL,dairy,Yoplait,88,3,11,3.2,0.1,11,0.048,yes
off_il_14678196,תנובה קוטג' 5%,תנובה קוטג' 5%,Тнува — תנובה קוטג' 5%,OpenFoodFacts_IL,dairy,תנובה,95,11,5,3.25,,,0.35,yes
off_il_6111203005779,la hollandaise 80  cheddar,צ'דר — la hollandaise 80  cheddar,Чеддер — la hollandaise 80  cheddar,OpenFoodFacts_IL,dairy,La Hollandaise,270,10,7,23,,6,653,yes
off_il_8410376017113,Duo Chocolate cookies,שוקולד — Duo Chocolate cookies,Шоколад — Duo Chocolate cookies,OpenFoodFacts_IL,sweets,gullón,480.640535372848,5.9,67,20,4,31,0.18,yes
off_il_3242272921059,Sandwich mega viennois poulet rôti oeuf,Sandwich mega viennois poulet rôti oeuf,Sandwich mega viennois poulet rôti oeuf,OpenFoodFacts_IL,other,Sodebo,294,9.8,30,14,2.8,3.3,0.52,yes
off_il_3242272980650,Méga poulet rôti mayo légère x3,Méga poulet rôti mayo légère x3,Méga poulet rôti mayo légère x3,OpenFoodFacts_IL,other,Sodebo,260,9.3,27,12,3.3,2.9,0.52,yes
off_il_3242272922056,SAUCE COCKTAIL THON ŒUF,רוטב — SAUCE COCKTAIL THON ŒUF,Багет — SAUCE COCKTAIL THON ŒUF,OpenFoodFacts_IL,sauces,Sodebo,260,11,26,12,1.9,3.4,0.433,yes
off_il_3242272981459,MÉGA Thon Oeuf,MÉGA Thon Oeuf,MÉGA Thon Oeuf,OpenFoodFacts_IL,other,Sodebo,278,9.9,27,14,2.4,4.3,0.52,yes
off_il_3242272980759,Sandwich Le Méga Jambon Emmental X3 / Pain Complet,Sandwich Le Méga Jambon Emmental X3 / Pain Complet,Sandwich Le Méga Jambon Emmental X3 / Pain Complet,OpenFoodFacts_IL,sweets,Sodebo,272,10,27,13,3.7,3.1,0.52,yes
off_il_3564700612095,Cookies - Méga Pépites - Chocolat,עוגיות — Cookies - Méga Pépites - Chocolat,Печенье — Cookies - Méga Pépites - Chocolat,OpenFoodFacts_IL,sweets,"Marque Repère, P'tit Déli",501,5.3,62,25,3.2,35,0.4,yes
off_il_3242272923053,Mega Viennois,Mega Viennois,Соус,OpenFoodFacts_IL,sauces,Sodebo,266,9.8,28,12,3.2,3.4,0.52,yes
off_il_0708747151930,MEGA OMEGA,MEGA OMEGA,Смесь — MEGA OMEGA,OpenFoodFacts_IL,other,POWER UP PREMIUM TRAIL MIX,466.666666666667,10,53.3,26.7,6.67,36.7,,yes
off_il_29447909,35+ Gut Booster Mega Mix,תערובת — 35+ Gut Booster Mega Mix,Смесь — 35+ Gut Booster Mega Mix,OpenFoodFacts_IL,other,good gut,470.841300191204,20.3,28.7,27.4,15.4,3,0.12,yes
off_il_4009900383097,Etui Bubble Band Fancy Fruit Huba Bubba,Etui Bubble Band Fancy Fruit Huba Bubba,Фрукты — Etui Bubble Band Fancy Fruit Huba Bubba,OpenFoodFacts_IL,sweets,Mars,333,,66.67,,,66.67,0.36,yes
off_il_3242272981053,Sandwich Le Méga Jambon Cheddar X3,צ'דר — Sandwich Le Méga Jambon Cheddar X3,Чеддер — Sandwich Le Méga Jambon Cheddar X3,OpenFoodFacts_IL,sweets,Sodebo,249,10,30,9.1,3.3,5.9,0.59,yes
off_il_8410376044409,Duo Doble Cacao,Duo Doble Cacao,Duo Doble Cacao,OpenFoodFacts_IL,other,mega,468.21223709369,6,66,20,4,34,0.136,yes
off_il_4001686372586,Mega Roulette,Mega Roulette,Mega Roulette,OpenFoodFacts_IL,other,Haribo,348.888888888889,6.9,77,0.5,,46,0.02667,yes
off_il_3242272920052,Le mega sauce burger jambon oeuf,רוטב — Le mega sauce burger jambon oeuf,Бургер — Le mega sauce burger jambon oeuf,OpenFoodFacts_IL,sweets,Sodebo,253,9.5,30,10,2.3,3.8,0.52,yes
off_il_8431876253771,Galleta mega rellena chocolate,שוקולד — Galleta mega rellena chocolate,Шоколад — Galleta mega rellena chocolate,OpenFoodFacts_IL,sweets,Carrefour,480,5.9,67,20,4,32,0.18,yes
off_il_3564707152549,Cookies Mega pepites de chocolat,עוגיות — Cookies Mega pepites de chocolat,Печенье — Cookies Mega pepites de chocolat,OpenFoodFacts_IL,sweets,"Bio Village, Marque Repère",512,6.6,58,27,5.3,34,0.296,yes
off_il_3242272920557,Sandwich le méga jambon chorizo mayo légère,Sandwich le méga jambon chorizo mayo légère,Чоризо — Sandwich le méga jambon chorizo mayo légère,OpenFoodFacts_IL,sweets,Sodebo,312,9.2,27,18,2.8,3.7,0.629,yes
off_il_6111245460932,Pain mega,Pain mega,Pain mega,OpenFoodFacts_IL,other,Asylore,332,9.28,41,14.6,,12.42,0.48,yes
off_il_5949065002923,"Lapte de consum 3,5 1L","Lapte de consum 3,5 1L","Lapte de consum 3,5 1L",OpenFoodFacts_IL,other,mega,62,3.2,4.5,3.5,,4.5,0.024,yes
off_il_5060335634184,Mega Monster Energy,Mega Monster Energy,Энергетик — Mega Monster Energy,OpenFoodFacts_IL,drinks,Monster,31,,9.4,,,8.4,0.083,yes
off_il_8410376036862,Duo Vanilla flavoured filling,וניל — Duo Vanilla flavoured filling,Ваниль — Duo Vanilla flavoured filling,OpenFoodFacts_IL,other,mega,486.666666666667,4.5,70,21,,34,0.2,yes
off_il_5900394006495,Grześki mega,Grześki mega,Grześki mega,OpenFoodFacts_IL,other,"Goplana, Grześki",528,10.3,53.5,29.4,,32,0.1,yes
off_il_3564700695197,Cookies méga pépites de chocolat et noisettes,עוגיות — Cookies méga pépites de chocolat et noisettes,Печенье — Cookies méga pépites de chocolat et noisettes,OpenFoodFacts_IL,sweets,"Marque Repère, P'tit Déli",520.2,6.2,57,29,3.2,30,0.48,yes
off_il_3242271000885,Mega Viennese - Tuna Egg Andalusian Sauce,רוטב — Mega Viennese - Tuna Egg Andalusian Sauce,Соус — Mega Viennese - Tuna Egg Andalusian Sauce,OpenFoodFacts_IL,fish,Sodebo,275,10.1,29,13,3.1,3.9,0.44,yes
off_il_3173286828006,Méga t'ooeufs,Méga t'ooeufs,Méga t'ooeufs,OpenFoodFacts_IL,other,Cémoi,552,7.2,56,33,,55,0.076,yes
off_il_4009900406918,hubba bubba mega long,hubba bubba mega long,hubba bubba mega long,OpenFoodFacts_IL,other,"Wrigley, Wrigley's",291,,72.2,,,68.9,,yes
off_il_3242271001585,Méga pain viennois poulet cheddar,צ'דר — Méga pain viennois poulet cheddar,Чеддер — Méga pain viennois poulet cheddar,OpenFoodFacts_IL,dairy,Sodebo,228,9.5,31,6.7,3,4.7,0.48,yes
off_il_3564700612132,Mega pepites chocolat amendes caramelisees,קרמל — Mega pepites chocolat amendes caramelisees,Карамель — Mega pepites chocolat amendes caramelisees,OpenFoodFacts_IL,sweets,"Marque Repère, P'tit Déli",514,7.7,56,28,3.6,31,0.4,yes
off_il_0628154252832,MEGA HONEY BUNCHES of OATS with ALMONDS,שקדים — MEGA HONEY BUNCHES of OATS with ALMONDS,Миндаль — MEGA HONEY BUNCHES of OATS with ALMONDS,OpenFoodFacts_IL,sweets,Post,415.094339622641,7.54716981132075,79.2452830188679,7.54716981132075,5.66037735849057,18.8679245283019,0.377358490566038,yes
off_il_5949065016449,Arahide cu coaja rosie,Arahide cu coaja rosie,Arahide cu coaja rosie,OpenFoodFacts_IL,other,Mega,616,28.7,4.2,51.5,10.5,4.2,0.552,yes
off_il_3173286827603,Oeufs au chocolat au lait (Méga t'oeufs),Oeufs au chocolat au lait (Méga t'oeufs),Oeufs au chocolat au lait (Méga t'oeufs),OpenFoodFacts_IL,drinks,Cémoi,545,5.3,58,32,,58,0.072,yes
off_il_8410376075434,Mega Duo Chocolate Flavour,שוקולד — Mega Duo Chocolate Flavour,Шоколад — Mega Duo Chocolate Flavour,OpenFoodFacts_IL,sweets,gullón,475,6.2,68,19,,,659,yes
off_il_8414807501127,Mega sandwich,Mega sandwich,Mega sandwich,OpenFoodFacts_IL,other,Consum,480,5.9,67,20,4,32,0.18,yes
off_il_4056489115731,Mega Bärchen,Mega Bärchen,Mega Bärchen,OpenFoodFacts_IL,vegetable,Sweet Corner,338,5.8,76.9,0.5,0.5,45.9,0.02,yes
off_il_4014500518565,Monte Mega - Milchcreme & Schoko-Nuss,Monte Mega - Milchcreme & Schoko-Nuss,Monte Mega - Milchcreme & Schoko-Nuss,OpenFoodFacts_IL,sweets,"Monte, Zott",181,2.6,15.7,11.8,,13.7,0.028,yes
off_il_3173286832607,Méga T’ooeufs,Méga T’ooeufs,Méga T’ooeufs,OpenFoodFacts_IL,other,,535,4.3,61,30,,59,0.08,yes
off_il_3242271001806,Méga viennois sauce blanche dinde oignons,רוטב — Méga viennois sauce blanche dinde oignons,Соус — Méga viennois sauce blanche dinde oignons,OpenFoodFacts_IL,sauces,Sodebo,265,8.4,29,12,3.6,4.7,0.0012,yes
off_il_0059800516419,KitKat Mega (2 bars),KitKat Mega (2 bars),KitKat Mega (2 bars),OpenFoodFacts_IL,sweets,Kit Kat,506.849315068493,5.47945205479452,65.7534246575343,26.027397260274,2.73972602739726,50.6849315068493,0.0821917808219178,yes
off_il_3242272920359,Le Méga jambon cheddar sauce burger,צ'דר — Le Méga jambon cheddar sauce burger,Чеддер — Le Méga jambon cheddar sauce burger,OpenFoodFacts_IL,sweets,Sodebo,259,10,27,12,3.2,3.3,0.6,yes
off_il_7613379084712,Roby & Lissy Mega Burger Sesame,שומשום — Roby & Lissy Mega Burger Sesame,Бургер — Roby & Lissy Mega Burger Sesame,OpenFoodFacts_IL,meat,"Coop, Coop Qualité & Prix, Qualité & Prix, Rob & Lissy",277,8.9,48,5,2.1,7.2,0.392,yes
off_il_6931722307648,Mega foam Candy,ממתק — Mega foam Candy,Конфета — Mega foam Candy,OpenFoodFacts_IL,sweets,,187,3,40,,,,225,yes
off_il_8426617009359,Mega torcidas cereza,Mega torcidas cereza,Mega torcidas cereza,OpenFoodFacts_IL,other,Haribo,334,3.2,77,1.3,,51,0.024,yes
off_il_5900449006913,Surówka Smakołyk,Surówka Smakołyk,Surówka Smakołyk,OpenFoodFacts_IL,other,"Mega Foods, Vital Fresh",91,1.6,8.2,5.3,2.2,6.1,0.296,yes
off_il_3092718626792,Mega Iced Tea Pêche,תה — Mega Iced Tea Pêche,Чай — Mega Iced Tea Pêche,OpenFoodFacts_IL,drinks,Teisseire,339,,83,,,73,0.116,yes
off_il_8712100338694,Fleur de Maïs Maizena,Fleur de Maïs Maizena,Fleur de Maïs Maizena,OpenFoodFacts_IL,other,"MAIZENA, Unilever",355,0.5,86,0.5,1,0.5,0.004,yes
off_il_8712100731822,Savora,Savora,Savora,OpenFoodFacts_IL,other,"Amora, Unilever",124,3.7,14,4.9,1.1,6.7,1.88,yes
off_il_8720182557452,Maille Moutarde à l'Ancienne,Maille Moutarde à l'Ancienne,Maille Moutarde à l'Ancienne,OpenFoodFacts_IL,other,"Maille, Unilever",172,6.9,9.3,10,3.5,5.9,2,yes
off_il_8711200584383,Vinaigrette Légère Huile de Sésame & Sauce Soja Graines de Sésame Torréfiées 36 cl,רוטב — Vinaigrette Légère Huile de Sésame & Sauce Soja Graines de Sésame Torréfiées 36 cl,Соус — Vinaigrette Légère Huile de Sésame & Sauce Soja Graines de Sésame Torréfiées 36 cl,OpenFoodFacts_IL,sauces,"Maille, Unilever",373,1.9,6.3,37,0.7,5.5,0.72,yes
off_il_8711327615380,Crème glacée Vanille de Madagascar,Crème glacée Vanille de Madagascar,Crème glacée Vanille de Madagascar,OpenFoodFacts_IL,other,"Carte D'Or, Les Essentiels, Unilever",185,2.4,24,8.4,,17,0.044,yes
off_il_3036810230860,CIDER VINEGAR SOFTENED WITH CONCENTRATED APPLE JUICE,חומץ — CIDER VINEGAR SOFTENED WITH CONCENTRATED APPLE JUICE,Уксус — CIDER VINEGAR SOFTENED WITH CONCENTRATED APPLE JUICE,OpenFoodFacts_IL,drinks,"Maille, Unilever",64,0.5,11,0.5,0.5,11,0.004,yes
off_il_8712100441660,Maille Vinaigre Balsamique de Modène 25 cl,Maille Vinaigre Balsamique de Modène 25 cl,Maille Vinaigre Balsamique de Modène 25 cl,OpenFoodFacts_IL,other,"Maille, Unilever",171,1.3,34,0.5,0.5,32,0.012,yes
off_il_8720182748461,Amora Croq'Vert Cornichons Extra-Fins aux Épices & Aromate 210g,Amora Croq'Vert Cornichons Extra-Fins aux Épices & Aromate 210g,Экстра — Amora Croq'Vert Cornichons Extra-Fins aux Épices & Aromate 210g,OpenFoodFacts_IL,vegetable,"AMORA, Amora, Croq'Vert, Unilever",22,1.2,0.5,0.5,2.7,0.5,0.96,yes
off_il_8712566145003,Amora Mayonnaise Recette Fouettée Flacon Souple 398g,מיונז — Amora Mayonnaise Recette Fouettée Flacon Souple 398g,Майонез — Amora Mayonnaise Recette Fouettée Flacon Souple 398g,OpenFoodFacts_IL,sauces,"Amora, Unilever",652,1.2,1.8,71,0.5,1.3,0.6,yes
off_il_8722700030119,Sucre vanillé x 12 sachets,Sucre vanillé x 12 sachets,Sucre vanillé x 12 sachets,OpenFoodFacts_IL,other,"Alsa, Unilever",400,0.5,99,0.5,0.5,94,0.004,yes
off_il_8722700035022,Spécialité Moutarde Fine Mi-Forte,Spécialité Moutarde Fine Mi-Forte,Spécialité Moutarde Fine Mi-Forte,OpenFoodFacts_IL,other,"Maille, Unilever",290,3.9,9.3,27,,4.5,1.72,yes
off_il_8712566351022,Moutarde à l'Ancienne,Moutarde à l'Ancienne,Moutarde à l'Ancienne,OpenFoodFacts_IL,other,"Maille, Unilever",172,6.9,9.3,10,,5.9,5,yes
off_il_8712100338724,Maizena Fleur de Maïs Sans gluten 700g Format Familial,Maizena Fleur de Maïs Sans gluten 700g Format Familial,Maizena Fleur de Maïs Sans gluten 700g Format Familial,OpenFoodFacts_IL,other,"Maizena, Maïzena, Unilever",355,0.5,86,0.5,1,0.5,0.004,yes
off_il_8410127050819,Great Mayonnaise,מיונז — Great Mayonnaise,Майонез,OpenFoodFacts_IL,sauces,"Hellmann's, Unilever",554,0.8,2.2,61,,1.4,0.433,yes
off_il_8714100846155,Maille Vinaigrette Légère aux 3 Vinaigres Pointe d'Orange 36cl,תפוז — Maille Vinaigrette Légère aux 3 Vinaigres Pointe d'Orange 36cl,Апельсин — Maille Vinaigrette Légère aux 3 Vinaigres Pointe d'Orange 36cl,OpenFoodFacts_IL,fruit,"Maille, Unilever",345,0.5,5,35,0.5,4.8,0.6,yes
off_il_8711327385863,Carte D'Or Glace Crème Glacée Café 900ml,Carte D'Or Glace Crème Glacée Café 900ml,Carte D'Or Glace Crème Glacée Café 900ml,OpenFoodFacts_IL,other,"Carte d'Or, Unilever",117,1.7,17,4.7,0.5,13,0.028,yes
off_il_8901030921797,kissan fresh tomato,עגבנייה — kissan fresh tomato,Помидор — kissan fresh tomato,OpenFoodFacts_IL,vegetable,"Kissan, Unilever",133,1.1,31,0.4,0.6,55.2,0.948,yes
off_il_3036810210275,Maille Cornichons Fins Bocal 300g,Maille Cornichons Fins Bocal 300g,Maille Cornichons Fins Bocal 300g,OpenFoodFacts_IL,vegetable,"Maille, Unilever",13,0.6,2,0.5,0.5,0.7,0.92,yes
off_il_8710908961298,Knorr Soupe Liquide Douceur à l'Italienne Tomates Mozzarella 1L,מוצרלה — Knorr Soupe Liquide Douceur à l'Italienne Tomates Mozzarella 1L,Моцарелла — Knorr Soupe Liquide Douceur à l'Italienne Tomates Mozzarella 1L,OpenFoodFacts_IL,dairy,"Knorr, Unilever",61,1.1,5.8,3.8,0.4,4,0.264,yes
off_il_8720182248732,Sabor casero,Sabor casero,Sabor casero,OpenFoodFacts_IL,other,"Calvé, Unilever",384,0.5,5.2,41,,1.5,0.292,yes
off_il_3017760756297,Granola Gros éclats de Chocolat,גרנולה — Granola Gros éclats de Chocolat,Гранола — Granola Gros éclats de Chocolat,OpenFoodFacts_IL,grains,"Granola, Kraft Foods, LU, Mondelez, Unilever",509,6.9,55,28,4.1,32,0.48,yes
off_il_8712100760273,Knorr Soupe Liquide Douceur de Potiron Chataigne,Knorr Soupe Liquide Douceur de Potiron Chataigne,Knorr Soupe Liquide Douceur de Potiron Chataigne,OpenFoodFacts_IL,other,"Knorr, Unilever",28,0.6,4.6,0.6,0.8,1.9,0.216,yes
off_il_8711327591011,Viennetta Dessert Glacé Caramel Salé 7 parts,קרמל — Viennetta Dessert Glacé Caramel Salé 7 parts,Карамель — Viennetta Dessert Glacé Caramel Salé 7 parts,OpenFoodFacts_IL,sweets,"Miko, Unilever, Viennetta",125,1,13,7.5,0.5,9.9,0.068,yes
off_il_8712566429271,Knorr Soupe Liquide Mouliné de Légumes d'Autrefois 1L,Knorr Soupe Liquide Mouliné de Légumes d'Autrefois 1L,Knorr Soupe Liquide Mouliné de Légumes d'Autrefois 1L,OpenFoodFacts_IL,other,"Knorr, Unilever",25,0.5,4.6,0.5,0.6,1,0.264,yes
off_il_8710908962080,Knorr Soupe Liquide Velouté Potiron Crème Fraîche 50cl,Knorr Soupe Liquide Velouté Potiron Crème Fraîche 50cl,Knorr Soupe Liquide Velouté Potiron Crème Fraîche 50cl,OpenFoodFacts_IL,other,"Knorr, Unilever",38,0.7,3.9,1.9,0.9,2.2,0.292,yes
off_il_8712100849084,Magnum Glace Bâtonnet Double Caramel 4x88ml,קרמל — Magnum Glace Bâtonnet Double Caramel 4x88ml,Карамель — Magnum Glace Bâtonnet Double Caramel 4x88ml,OpenFoodFacts_IL,sweets,"Magnum, Unilever",338,3.2,36,20,,33,0.068,yes
off_il_8714100744345,Knorr Soupe Liquide Mouliné de Légumes Verts 1L,Knorr Soupe Liquide Mouliné de Légumes Verts 1L,Knorr Soupe Liquide Mouliné de Légumes Verts 1L,OpenFoodFacts_IL,other,"Knorr, Unilever",27,1.1,4.8,0.5,1.1,1.4,0.268,yes
off_il_8909106018327,Boost,Boost,Boost,OpenFoodFacts_IL,other,"Boost, Unilever",369,7.5,80,2.5,2,35,0.45,yes
off_il_8710908960956,Soupe Douceur 8 Légumes à la Crème Fraîche,Soupe Douceur 8 Légumes à la Crème Fraîche,Soupe Douceur 8 Légumes à la Crème Fraîche,OpenFoodFacts_IL,other,"Knorr, Unilever",44,0.7,6.1,1.8,0.8,2.9,0.268,yes
off_il_3011360014993,Maizena Roux pour Béchamel 250g,Maizena Roux pour Béchamel 250g,Maizena Roux pour Béchamel 250g,OpenFoodFacts_IL,meat,"Maïzena, Unilever",582,6.4,46,40,2.7,0.5,0.004,yes
off_il_8711327615090,Glace Café Arabica de Colombie,Glace Café Arabica de Colombie,Glace Café Arabica de Colombie,OpenFoodFacts_IL,other,"Carte D'or, Les Essentiels, Unilever",117,1.7,17,4.7,0.5,13,0.028,yes
off_il_3250541913643,Knorr Sauce Liquide Hollandaise au Jus de Citron Brique 30cl,רוטב — Knorr Sauce Liquide Hollandaise au Jus de Citron Brique 30cl,Соус — Knorr Sauce Liquide Hollandaise au Jus de Citron Brique 30cl,OpenFoodFacts_IL,sauces,"Knorr, Unilever",148,1.3,5.1,13,0.5,1.6,0.4,yes
off_il_8722700136231,Mayonnaise Hellmans,מיונז — Mayonnaise Hellmans,Майонез,OpenFoodFacts_IL,sauces,"Hellmann's, Unilever",573,0.8,2.3,63,,1.5,0.44,yes
off_il_8712566158447,Maille Vinaigre Balsamique de Modène Offre Saisonnière 750ml,Maille Vinaigre Balsamique de Modène Offre Saisonnière 750ml,Maille Vinaigre Balsamique de Modène Offre Saisonnière 750ml,OpenFoodFacts_IL,other,"Maille, Unilever",171,1.3,34,0.5,0.5,32,0.012,yes
off_il_8901030831706,Mixed Fruit Jam,ריבה — Mixed Fruit Jam,Фрукты — Mixed Fruit Jam,OpenFoodFacts_IL,sweets,"Hindustan Unilever Limited, Kissan",285,0.3,70.5,0.1,0.8,68.1,0.051,yes
off_il_8710908948282,KNORR Soupe Liquide Velouté de 12 Légumes Fromage Frais 1L,KNORR Soupe Liquide Velouté de 12 Légumes Fromage Frais 1L,KNORR Soupe Liquide Velouté de 12 Légumes Fromage Frais 1L,OpenFoodFacts_IL,other,"Knorr, Unilever",44,1.2,6.7,1.2,0.9,3.2,0.26,yes
off_il_8714100896006,KINDER Bueno Glace Cornet aux Noisettes et Chocolat,KINDER Bueno Glace Cornet aux Noisettes et Chocolat,KINDER Bueno Glace Cornet aux Noisettes et Chocolat,OpenFoodFacts_IL,sweets,"Kinder, Miko, Unilever",340,4.9,36,19,,26,0.1,yes
off_il_8720182697356,crema de setas,crema de setas,crema de setas,OpenFoodFacts_IL,other,"Starlux, Unilever",42,0.9,4.7,2.2,0.5,0.5,0.26,yes
off_il_8712566166480,Ketchup envase 430 g,קטשופ — Ketchup envase 430 g,Кетчуп — Ketchup envase 430 g,OpenFoodFacts_IL,sauces,"Hellmann's, Unilever",100,1,23,0.5,,23,0.88,yes
off_il_7290000068138,פודינג וניל,פודינג וניל,Пудинг,OpenFoodFacts_IL,sweets,Osen,372,,93,,,37,1.35,yes
off_il_7290000067742,פודינג אינסטנט בטעם וניל,פודינג אינסטנט בטעם וניל,Пудинг — פודינג אינסטנט בטעם וניל,OpenFoodFacts_IL,sweets,אוסם,376,,94,,,80,659,yes
off_il_7290115207309,פודינג בטעם טירמיסו,פודינג בטעם טירמיסו,Пудинг — פודינג בטעם טירמיסו,OpenFoodFacts_IL,sweets,אוסם,,,,,,,659,yes
off_il_7290013144232,פודינג בטעם וניל,פודינג בטעם וניל,Пудинг — פודינג בטעם וניל,OpenFoodFacts_IL,sweets,Maimons,378,,94,,1.1,51.3,659,yes
off_il_7290106578692,ביסלי במבה mix,ביסלי במבה mix,Бамба — ביסלי במבה mix,OpenFoodFacts_IL,other,,510,13.5,60,24,,2.125,0.39,yes
off_il_7290115203172,במבה PRO,במבה PRO,Бамба,OpenFoodFacts_IL,other,Osem,522,22.9,40,30,,,41,yes
off_il_7290111565656,במבה במילוי קרם נוגט,במבה במילוי קרם נוגט,Бамба — במבה במילוי קרם נוגט,OpenFoodFacts_IL,other,אסם,529,10,57,29,,,41,yes
off_il_1770072211992,חטיף במבה אלפס,חטיף במבה אלפס,Бамба — חטיף במבה אלפס,OpenFoodFacts_IL,other,Alfas,477,26.5,43,20.8,6,1.8,0.39,yes
off_il_7290107874038,ביסלי גריל כשר לפסח,ביסלי גריל כשר לפסח,Бисли — ביסלי גריל כשר לפסח,OpenFoodFacts_IL,other,,496,9.6,65,22,,1.2,0.4,yes
off_il_7290001594391,Jus de raisin,מיץ ענבים,Фригат — Jus de raisin,OpenFoodFacts_IL,drinks,פריגת,36,,8.9,,,8.1,0.005,yes
off_il_7290110114985,מיץ אשכוליות,מיץ אשכוליות,Фригат,OpenFoodFacts_IL,drinks,פריגת,34,,8.3,,,8.3,0.005,yes
off_il_7290003009640,סחוט תפוזים קלאסי,סחוט תפוזים קלאסי,Фригат — סחוט תפוזים קלאסי,OpenFoodFacts_IL,drinks,פריגת,39,0.7,9,,,7.6,66,yes
off_il_7290013584816,פריגת טעם לימונענע,פריגת טעם לימונענע,Фригат — פריגת טעם לימונענע,OpenFoodFacts_IL,drinks,פריגת,36,,9.1,,,8.3,0.006,yes
off_il_7290110117733,"משקה אגס, מלון, לימון","משקה אגס, מלון, לימון","Фригат — משקה אגס, מלון, לימון",OpenFoodFacts_IL,drinks,פריגת,42,,10.3,,,9.7,24,yes
off_il_7290001594377,פריגת תפוזים 500 מל,משקה קל תפוזים,Фригат — פריגת תפוזים 500 מל,OpenFoodFacts_IL,drinks,פריגת,35,,7.9,,,7.8,0.005,yes
off_il_7290110116132,סירופ בטעם לימון,סירופ בטעם לימון,Сироп — סירופ בטעם לימון,OpenFoodFacts_IL,sweets,פריגת,337,,82,,,82,2.16,yes
usda_167643,"Fish, whitefish, eggs (Alaska Native)","ביצים — Fish, whitefish, eggs (Alaska Native)","Яйца — Fish, whitefish, eggs (Alaska Native)",USDA_SR_Legacy,eggs,,104,14.66,4.89,2.88,,,160,no
usda_167667,"Restaurant, Chinese, egg rolls, assorted","ביצה — Restaurant, Chinese, egg rolls, assorted","Яйцо — Restaurant, Chinese, egg rolls, assorted",USDA_SR_Legacy,eggs,,250,8.28,27.29,11.94,2.6,,468,no
usda_168772,"Egg custards, dry mix","ביצה — Egg custards, dry mix","Яйцо — Egg custards, dry mix",USDA_SR_Legacy,eggs,,410,6.9,82.8,6.4,,,281,no
usda_168773,"Egg custards, dry mix, prepared with whole milk","ביצה — Egg custards, dry mix, prepared with whole milk","Яйцо — Egg custards, dry mix, prepared with whole milk",USDA_SR_Legacy,eggs,,122,3.99,17.6,4,,4.82,84,no
usda_168787,"Egg custards, dry mix, prepared with 2% milk","ביצה — Egg custards, dry mix, prepared with 2% milk","Яйцо — Egg custards, dry mix, prepared with 2% milk",USDA_SR_Legacy,eggs,,112,4.13,17.61,2.83,,4.63,87,no
usda_168832,"Pudding, lemon, dry mix, regular, prepared with sugar, egg yolk and water","חלמון — Pudding, lemon, dry mix, regular, prepared with sugar, egg yolk and water","Желток — Pudding, lemon, dry mix, regular, prepared with sugar, egg yolk and water",USDA_SR_Legacy,eggs,,109,0.65,24.2,1.12,,13.51,63,no
usda_168901,"Pasta, homemade, made with egg, cooked","ביצה — Pasta, homemade, made with egg, cooked","Яйцо — Pasta, homemade, made with egg, cooked",USDA_SR_Legacy,eggs,,130,5.28,23.54,1.74,,,83,no
usda_168902,"Pasta, homemade, made without egg, cooked","ביצה — Pasta, homemade, made without egg, cooked","Яйцо — Pasta, homemade, made without egg, cooked",USDA_SR_Legacy,eggs,,124,4.37,25.12,0.98,,,74,no
usda_168919,"Noodles, egg, cooked, enriched, with added salt","ביצה — Noodles, egg, cooked, enriched, with added salt","Яйцо — Noodles, egg, cooked, enriched, with added salt",USDA_SR_Legacy,eggs,,138,4.54,25.16,2.07,1.2,0.4,165,no
usda_168963,"Turnover, filled with egg, meat and cheese, frozen","ביצה — Turnover, filled with egg, meat and cheese, frozen","Яйцо — Turnover, filled with egg, meat and cheese, frozen",USDA_SR_Legacy,eggs,,228,7.87,20.67,12.6,0.8,7.87,378,no
usda_168989,"Fish, herring eggs on giant kelp, Pacific (Alaska Native)","ביצים — Fish, herring eggs on giant kelp, Pacific (Alaska Native)","Яйца — Fish, herring eggs on giant kelp, Pacific (Alaska Native)",USDA_SR_Legacy,eggs,,63,11.3,2.6,0.8,,,61,no
usda_168990,"Fish, herring eggs, Pacific, dry (Alaska Native)","ביצים — Fish, herring eggs, Pacific, dry (Alaska Native)","Яйца — Fish, herring eggs, Pacific, dry (Alaska Native)",USDA_SR_Legacy,eggs,,312,60.4,2.8,6.6,,,,no
usda_169228,"Eggplant, raw","ביצה — Eggplant, raw","Яйцо — Eggplant, raw",USDA_SR_Legacy,eggs,,25,0.98,5.88,0.18,3,3.53,2,no
usda_169229,"Eggplant, cooked, boiled, drained, without salt","ביצה — Eggplant, cooked, boiled, drained, without salt","Яйцо — Eggplant, cooked, boiled, drained, without salt",USDA_SR_Legacy,eggs,,35,0.83,8.73,0.23,2.5,3.2,1,no
usda_169352,"Eggplant, cooked, boiled, drained, with salt","ביצה — Eggplant, cooked, boiled, drained, with salt","Яйцо — Eggplant, cooked, boiled, drained, with salt",USDA_SR_Legacy,eggs,,33,0.83,8.14,0.23,2.5,3.2,239,no
usda_167657,"ON THE BORDER, soft taco with ground beef, cheese and lettuce","חסה — ON THE BORDER, soft taco with ground beef, cheese and lettuce","Салат — ON THE BORDER, soft taco with ground beef, cheese and lettuce",USDA_SR_Legacy,greens,,229,13.19,19.28,11.05,1.8,1.84,646,no
usda_167658,"Restaurant, Mexican, soft taco with ground beef, cheese and lettuce","חסה — Restaurant, Mexican, soft taco with ground beef, cheese and lettuce","Салат — Restaurant, Mexican, soft taco with ground beef, cheese and lettuce",USDA_SR_Legacy,greens,,219,12.56,17.92,10.81,1.5,2.39,509,no
usda_168119,"Turnip greens, canned, no salt added","Turnip greens, canned, no salt added","Turnip greens, canned, no salt added",USDA_SR_Legacy,greens,,19,1.36,2.81,0.3,1.3,0.42,29,no
usda_168412,"Endive, raw","עולש — Endive, raw","Эндивий — Endive, raw",USDA_SR_Legacy,greens,,17,1.25,3.35,0.2,3.1,0.25,22,no
usda_168421,"Kale, raw","קייל — Kale, raw","Кейл — Kale, raw",USDA_SR_Legacy,greens,,35,2.92,4.42,1.49,4.1,0.99,53,no
usda_168429,"Lettuce, butterhead (includes boston and bibb types), raw","חסה — Lettuce, butterhead (includes boston and bibb types), raw","Салат — Lettuce, butterhead (includes boston and bibb types), raw",USDA_SR_Legacy,greens,,13,1.35,2.23,0.22,1.1,0.94,5,no
usda_168431,"Lettuce, red leaf, raw","חסה — Lettuce, red leaf, raw","Салат — Lettuce, red leaf, raw",USDA_SR_Legacy,greens,,13,1.33,2.26,0.22,0.9,0.48,25,no
usda_168438,"Mustard spinach, (tendergreen), raw","תרד — Mustard spinach, (tendergreen), raw","Шпинат — Mustard spinach, (tendergreen), raw",USDA_SR_Legacy,greens,,22,2.2,3.9,0.3,2.8,,21,no
usda_168439,"Mustard spinach, (tendergreen), cooked, boiled, drained, without salt","תרד — Mustard spinach, (tendergreen), cooked, boiled, drained, without salt","Шпинат — Mustard spinach, (tendergreen), cooked, boiled, drained, without salt",USDA_SR_Legacy,greens,,16,1.7,2.8,0.2,2,,14,no
usda_168440,"New Zealand spinach, raw","תרד — New Zealand spinach, raw","Шпинат — New Zealand spinach, raw",USDA_SR_Legacy,greens,,14,1.5,2.5,0.2,1.5,0.29,130,no
usda_168441,"New Zealand spinach, cooked, boiled, drained, without salt","תרד — New Zealand spinach, cooked, boiled, drained, without salt","Шпинат — New Zealand spinach, cooked, boiled, drained, without salt",USDA_SR_Legacy,greens,,12,1.3,2.13,0.17,1.4,0.25,107,no
usda_168462,"Spinach, raw","תרד — Spinach, raw","Шпинат — Spinach, raw",USDA_SR_Legacy,greens,,23,2.86,3.63,0.39,2.2,0.42,79,no
usda_168463,"Spinach, cooked, boiled, drained, without salt","תרד — Spinach, cooked, boiled, drained, without salt","Шпинат — Spinach, cooked, boiled, drained, without salt",USDA_SR_Legacy,greens,,23,2.97,3.75,0.26,2.4,0.43,70,no
usda_168524,"Collards, frozen, chopped, cooked, boiled, drained, with salt","שמן — Collards, frozen, chopped, cooked, boiled, drained, with salt","Масло — Collards, frozen, chopped, cooked, boiled, drained, with salt",USDA_SR_Legacy,greens,,36,2.97,7.1,0.41,2.8,0.57,286,no
usda_168564,"Radicchio, raw","Radicchio, raw","Radicchio, raw",USDA_SR_Legacy,greens,,23,1.43,4.48,0.25,0.9,0.6,22,no
usda_168911,"Spaghetti, spinach, dry","תרד — Spaghetti, spinach, dry","Шпинат — Spaghetti, spinach, dry",USDA_SR_Legacy,greens,,372,13.35,74.81,1.57,10.6,2.72,36,no
usda_168912,"Spaghetti, spinach, cooked","תרד — Spaghetti, spinach, cooked","Шпинат — Spaghetti, spinach, cooked",USDA_SR_Legacy,greens,,130,4.58,26.15,0.63,,,14,no
usda_169226,"Dandelion greens, raw","Dandelion greens, raw","Dandelion greens, raw",USDA_SR_Legacy,greens,,45,2.7,9.2,0.7,3.5,0.71,76,no
usda_169227,"Dandelion greens, cooked, boiled, drained, without salt","שמן — Dandelion greens, cooked, boiled, drained, without salt","Масло — Dandelion greens, cooked, boiled, drained, without salt",USDA_SR_Legacy,greens,,33,2,6.4,0.6,2.9,0.5,44,no
usda_169238,"Kale, cooked, boiled, drained, without salt","קייל — Kale, cooked, boiled, drained, without salt","Кейл — Kale, cooked, boiled, drained, without salt",USDA_SR_Legacy,greens,,36,2.94,5.3,1.21,4,1.21,16,no
usda_169239,"Kale, frozen, unprepared","קייל — Kale, frozen, unprepared","Кейл — Kale, frozen, unprepared",USDA_SR_Legacy,greens,,28,2.66,4.88,0.46,2,0.85,15,no
usda_167719,"Chicken, meatless, breaded, fried","Chicken, meatless, breaded, fried","Chicken, meatless, breaded, fried",USDA_SR_Legacy,vegan,,234,21.28,8.51,12.77,4.3,,400,no
usda_167722,Tofu yogurt,טופו — Tofu yogurt,Тофу — Tofu yogurt,USDA_SR_Legacy,vegan,,94,3.5,15.96,1.8,0.2,1.24,35,no
usda_169066,"Luncheon slices, meatless","Luncheon slices, meatless","Luncheon slices, meatless",USDA_SR_Legacy,vegan,,189,17.78,4.44,11.11,1.1,2.22,711,no
usda_169067,"Meatballs, meatless","Meatballs, meatless","Meatballs, meatless",USDA_SR_Legacy,vegan,,197,21,8,9,4.6,1.25,550,no
usda_169069,"Sandwich spread, meatless","Sandwich spread, meatless","Sandwich spread, meatless",USDA_SR_Legacy,vegan,,149,8,9,9,3.3,1.9,630,no
usda_169409,"Nuts, coconut milk, frozen (liquid expressed from grated meat and water)","Nuts, coconut milk, frozen (liquid expressed from grated meat and water)","Nuts, coconut milk, frozen (liquid expressed from grated meat and water)",USDA_SR_Legacy,vegan,,202,1.61,5.58,20.8,,,12,no
usda_169887,"Frankfurter, meatless","Frankfurter, meatless","Frankfurter, meatless",USDA_SR_Legacy,vegan,,233,19.61,7.7,13.73,3.9,,471,no
usda_169893,"Bacon bits, meatless","Bacon bits, meatless","Bacon bits, meatless",USDA_SR_Legacy,vegan,,476,32,28.6,25.9,10.2,,1770,no
usda_170173,"Nuts, coconut milk, canned (liquid expressed from grated meat and water)","Nuts, coconut milk, canned (liquid expressed from grated meat and water)","Nuts, coconut milk, canned (liquid expressed from grated meat and water)",USDA_SR_Legacy,vegan,,197,2.02,2.81,21.33,,,13,no
usda_171942,"Beverages, rice milk, unsweetened","Beverages, rice milk, unsweetened","Beverages, rice milk, unsweetened",USDA_SR_Legacy,vegan,,47,0.28,9.17,0.97,0.3,5.28,39,no
usda_172443,Natto,Natto,Natto,USDA_SR_Legacy,vegan,,211,19.4,12.68,11,5.4,4.89,7,no
usda_172447,"Soy protein concentrate, produced by alcohol extraction","חלבון — Soy protein concentrate, produced by alcohol extraction","Протеин — Soy protein concentrate, produced by alcohol extraction",USDA_SR_Legacy,vegan,,328,63.63,25.41,0.46,5.5,20,3,no
usda_172448,"Tofu, firm, prepared with calcium sulfate and magnesium chloride (nigari)","טופו — Tofu, firm, prepared with calcium sulfate and magnesium chloride (nigari)","Тофу — Tofu, firm, prepared with calcium sulfate and magnesium chloride (nigari)",USDA_SR_Legacy,vegan,,78,9.04,2.85,4.17,0.9,0.6,12,no
usda_172449,"Tofu, soft, prepared with calcium sulfate and magnesium chloride (nigari)","טופו — Tofu, soft, prepared with calcium sulfate and magnesium chloride (nigari)","Тофу — Tofu, soft, prepared with calcium sulfate and magnesium chloride (nigari)",USDA_SR_Legacy,vegan,,61,7.17,1.18,3.69,0.2,0.7,8,no
usda_172450,"Tofu, dried-frozen (koyadofu)","טופו — Tofu, dried-frozen (koyadofu)","Тофу — Tofu, dried-frozen (koyadofu)",USDA_SR_Legacy,vegan,,477,52.47,10.03,30.34,7.2,,6,no
usda_172451,"Tofu, fried","טופו — Tofu, fried","Тофу — Tofu, fried",USDA_SR_Legacy,vegan,,270,18.82,8.86,20.18,3.9,2.72,16,no
usda_172461,"MORI-NU, Tofu, silken, firm","טופו — MORI-NU, Tofu, silken, firm","Тофу — MORI-NU, Tofu, silken, firm",USDA_SR_Legacy,vegan,,62,6.9,2.4,2.7,0.1,1.27,36,no
usda_173158,"Formulated Bar, SOUTH BEACH protein bar","חלבון — Formulated Bar, SOUTH BEACH protein bar","Протеин — Formulated Bar, SOUTH BEACH protein bar",USDA_SR_Legacy,protein,,412,30.34,38.4,15.17,7.3,15.17,436,no
usda_173167,"Beverages, ABBOTT, EAS whey protein powder","חלבון — Beverages, ABBOTT, EAS whey protein powder","Протеин — Beverages, ABBOTT, EAS whey protein powder",USDA_SR_Legacy,protein,,385,66.67,17.95,5.13,,5.13,385,no
usda_173170,"Beverages, SLIMFAST, Meal replacement,  High Protein Shake, Ready-To-Drink, 3-2-1 plan","חלבון — Beverages, SLIMFAST, Meal replacement,  High Protein Shake, Ready-To-Drink, 3-2-1 plan","Протеин — Beverages, SLIMFAST, Meal replacement,  High Protein Shake, Ready-To-Drink, 3-2-1 plan",USDA_SR_Legacy,protein,,61,6.59,0.85,3.38,0.4,0.6,72,no
usda_173171,"Beverages, UNILEVER, SLIMFAST, meal replacement, regular, ready-to-drink,  3-2-1 Plan","Beverages, UNILEVER, SLIMFAST, meal replacement, regular, ready-to-drink,  3-2-1 Plan","Beverages, UNILEVER, SLIMFAST, meal replacement, regular, ready-to-drink,  3-2-1 Plan",USDA_SR_Legacy,protein,,57,3.32,7.74,1.93,1.6,5.95,68,no
usda_173180,"Beverages, Protein powder whey based","חלבון — Beverages, Protein powder whey based","Протеин — Beverages, Protein powder whey based",USDA_SR_Legacy,protein,,352,78.13,6.25,1.56,3.1,,156,no
usda_173181,"Beverages, Protein powder soy based","חלבון — Beverages, Protein powder soy based","Протеин — Beverages, Protein powder soy based",USDA_SR_Legacy,protein,,388,55.56,28.89,5.56,6.7,22.22,733,no
usda_174276,Soy protein isolate,חלבון — Soy protein isolate,Протеин — Soy protein isolate,USDA_SR_Legacy,protein,,335,88.32,,3.39,,,1005,no
usda_174301,"Soy protein concentrate, produced by acid wash","חלבון — Soy protein concentrate, produced by acid wash","Протеин — Soy protein concentrate, produced by acid wash",USDA_SR_Legacy,protein,,328,63.63,25.41,0.46,5.5,20,900,no
usda_174302,"Soy protein isolate, potassium type","חלבון — Soy protein isolate, potassium type","Протеин — Soy protein isolate, potassium type",USDA_SR_Legacy,protein,,321,88.32,2.59,0.53,,,50,no
usda_167611,"Oil, bearded seal (Oogruk) (Alaska Native)","שמן — Oil, bearded seal (Oogruk) (Alaska Native)","Масло — Oil, bearded seal (Oogruk) (Alaska Native)",USDA_SR_Legacy,oils,,899,0.56,,99.6,,,,no
usda_167625,"Oil, whale, bowhead (Alaska Native)","שמן — Oil, whale, bowhead (Alaska Native)","Масло — Oil, whale, bowhead (Alaska Native)",USDA_SR_Legacy,oils,,900,,,100,,,,no
usda_167635,"Frybread, made with lard (Navajo)","Frybread, made with lard (Navajo)","Frybread, made with lard (Navajo)",USDA_SR_Legacy,oils,,330,6.69,48.26,12.22,,2.03,329,no
usda_167641,"Oil, spotted seal (Alaska Native)","שמן — Oil, spotted seal (Alaska Native)","Масло — Oil, spotted seal (Alaska Native)",USDA_SR_Legacy,oils,,894,,,99.32,,,,no
usda_167655,"Frybread, made with lard (Apache)","Frybread, made with lard (Apache)","Frybread, made with lard (Apache)",USDA_SR_Legacy,oils,,309,8.38,46.01,10.14,1.7,1.54,671,no
usda_167684,"Creamy dressing, made with sour cream and/or buttermilk and oil, reduced calorie","שמן — Creamy dressing, made with sour cream and/or buttermilk and oil, reduced calorie","Масло — Creamy dressing, made with sour cream and/or buttermilk and oil, reduced calorie",USDA_SR_Legacy,oils,,160,1.5,7,14,,5.65,833,no
usda_167702,"Oil, flaxseed, cold pressed","שמן — Oil, flaxseed, cold pressed","Масло — Oil, flaxseed, cold pressed",USDA_SR_Legacy,oils,,884,0.11,,99.98,,,,no
usda_168032,"Oil, walrus (Alaska Native)","שמן — Oil, walrus (Alaska Native)","Масло — Oil, walrus (Alaska Native)",USDA_SR_Legacy,oils,,900,,,100,,,,no
usda_168035,"Willow, leaves in oil (Alaska Native)","שמן — Willow, leaves in oil (Alaska Native)","Масло — Willow, leaves in oil (Alaska Native)",USDA_SR_Legacy,oils,,592,2.6,8.1,61,,,,no
usda_168051,"Seal, bearded (Oogruk), meat, dried, in oil (Alaska Native)","שמן — Seal, bearded (Oogruk), meat, dried, in oil (Alaska Native)","Масло — Seal, bearded (Oogruk), meat, dried, in oil (Alaska Native)",USDA_SR_Legacy,oils,,367,35.31,,25.08,,,120,no
usda_168099,"Creamy dressing, made with sour cream and/or buttermilk and oil, reduced calorie, fat-free","שמן — Creamy dressing, made with sour cream and/or buttermilk and oil, reduced calorie, fat-free","Масло — Creamy dressing, made with sour cream and/or buttermilk and oil, reduced calorie, fat-free",USDA_SR_Legacy,oils,,107,1.4,20,2.7,,5.35,897,no
usda_168100,"Creamy dressing, made with sour cream and/or buttermilk and oil, reduced calorie, cholesterol-free","שמן — Creamy dressing, made with sour cream and/or buttermilk and oil, reduced calorie, cholesterol-free","Масло — Creamy dressing, made with sour cream and/or buttermilk and oil, reduced calorie, cholesterol-free",USDA_SR_Legacy,oils,,140,1,16,8,,3.28,932,no
usda_168554,"Potatoes, mashed, prepared from granules, without milk, whole milk and margarine","Potatoes, mashed, prepared from granules, without milk, whole milk and margarine","Potatoes, mashed, prepared from granules, without milk, whole milk and margarine",USDA_SR_Legacy,oils,,108,2.05,14.4,4.93,2.2,,263,no
usda_168602,"Nuts, almonds, oil roasted, lightly salted","שמן — Nuts, almonds, oil roasted, lightly salted","Масло — Nuts, almonds, oil roasted, lightly salted",USDA_SR_Legacy,oils,,607,21.23,17.68,55.17,10.5,4.55,143,no
usda_168844,"Frostings, vanilla, creamy, dry mix, prepared with margarine","Frostings, vanilla, creamy, dry mix, prepared with margarine","Frostings, vanilla, creamy, dry mix, prepared with margarine",USDA_SR_Legacy,oils,,413,0.34,74.28,12.74,0.1,,114,no
usda_168845,"Frostings, chocolate, creamy, dry mix, prepared with margarine","Frostings, chocolate, creamy, dry mix, prepared with margarine","Frostings, chocolate, creamy, dry mix, prepared with margarine",USDA_SR_Legacy,oils,,404,1.1,71.02,12.87,1.9,,163,no
usda_168950,"Rice and vermicelli mix, beef flavor, prepared with 80% margarine","Rice and vermicelli mix, beef flavor, prepared with 80% margarine","Rice and vermicelli mix, beef flavor, prepared with 80% margarine",USDA_SR_Legacy,oils,,129,2.82,22.03,3.2,0.6,,364,no
usda_168952,"Rice and vermicelli mix, rice pilaf flavor, prepared with 80% margarine","Rice and vermicelli mix, rice pilaf flavor, prepared with 80% margarine","Rice and vermicelli mix, rice pilaf flavor, prepared with 80% margarine",USDA_SR_Legacy,oils,,148,2.94,25.67,3.7,0.6,0.26,430,no
usda_168976,"Agutuk, fish/berry with seal oil (Alaskan ice cream) (Alaska Native)","שמן — Agutuk, fish/berry with seal oil (Alaskan ice cream) (Alaska Native)","Масло — Agutuk, fish/berry with seal oil (Alaskan ice cream) (Alaska Native)",USDA_SR_Legacy,oils,,353,3.4,13.4,31.8,0.5,,21,no
usda_168604,"Seeds, sesame butter, tahini, type of kernels unspecified","טחינה — Seeds, sesame butter, tahini, type of kernels unspecified","Тахини — Seeds, sesame butter, tahini, type of kernels unspecified",USDA_SR_Legacy,israeli,,592,17.4,21.5,53.01,4.7,,35,no
usda_169406,"Seeds, sesame butter, tahini, from unroasted kernels (non-chemically removed seed coat)","טחינה — Seeds, sesame butter, tahini, from unroasted kernels (non-chemically removed seed coat)","Тахини — Seeds, sesame butter, tahini, from unroasted kernels (non-chemically removed seed coat)",USDA_SR_Legacy,israeli,,607,17.95,17.89,56.44,9.3,,1,no
usda_169410,"Seeds, sesame butter, tahini, from raw and stone ground kernels","טחינה — Seeds, sesame butter, tahini, from raw and stone ground kernels","Тахини — Seeds, sesame butter, tahini, from raw and stone ground kernels",USDA_SR_Legacy,israeli,,570,17.81,26.19,48,9.3,,74,no
usda_172454,"Hummus, home prepared","חומוס — Hummus, home prepared","Хумус — Hummus, home prepared",USDA_SR_Legacy,israeli,,177,4.86,20.12,8.59,4,0.27,242,no
usda_172455,"Falafel, home-prepared","פלאפל — Falafel, home-prepared","Фалафель — Falafel, home-prepared",USDA_SR_Legacy,israeli,,333,13.31,31.84,17.8,,,294,no
usda_174289,"Hummus, commercial","חומוס — Hummus, commercial","Хумус — Hummus, commercial",USDA_SR_Legacy,israeli,,237,7.78,15,17.82,5.5,0.62,426,no
usda_167970,"Snacks, tortilla chips, taco-flavor","טאקו — Snacks, tortilla chips, taco-flavor","Тако — Snacks, tortilla chips, taco-flavor",USDA_SR_Legacy,international,,480,7.9,63.1,24.2,5.3,,787,no
usda_167984,"Candies, SYMPHONY Milk Chocolate Bar","Candies, SYMPHONY Milk Chocolate Bar","Candies, SYMPHONY Milk Chocolate Bar",USDA_SR_Legacy,international,,531,8.51,58.01,30.57,1.7,53.96,101,no
usda_168042,"Stew, dumpling with mutton (Navajo)","Stew, dumpling with mutton (Navajo)","Stew, dumpling with mutton (Navajo)",USDA_SR_Legacy,international,,101,8.71,8.03,3.78,,0.21,46,no
usda_169692,"Gelatin desserts, dry mix, reduced calorie, with aspartame, added phosphorus, potassium, sodium, vitamin C","Gelatin desserts, dry mix, reduced calorie, with aspartame, added phosphorus, potassium, sodium, vitamin C","Gelatin desserts, dry mix, reduced calorie, with aspartame, added phosphorus, potassium, sodium, vitamin C",USDA_SR_Legacy,international,,345,55.3,33.3,,,,2751,no
usda_169779,"Dumpling, potato- or cheese-filled, frozen","Dumpling, potato- or cheese-filled, frozen","Dumpling, potato- or cheese-filled, frozen",USDA_SR_Legacy,international,,195,5.26,29.64,6.14,0.9,1.75,474,no
usda_169854,"ON THE BORDER, cheese enchilada","ON THE BORDER, cheese enchilada","ON THE BORDER, cheese enchilada",USDA_SR_Legacy,international,,271,11.67,16.2,17.74,1.8,2.89,561,no
usda_169855,"Restaurant, Mexican, cheese enchilada","Restaurant, Mexican, cheese enchilada","Restaurant, Mexican, cheese enchilada",USDA_SR_Legacy,international,,273,11.24,15.45,18.47,1.9,2.6,528,no
usda_170332,"TACO BELL, Original Taco with beef, cheese and lettuce","חסה — TACO BELL, Original Taco with beef, cheese and lettuce","Салат — TACO BELL, Original Taco with beef, cheese and lettuce",USDA_SR_Legacy,international,,229,8.86,19.85,12.7,3.9,0.9,397,no
usda_170333,"TACO BELL, Soft Taco with beef, cheese and lettuce","חסה — TACO BELL, Soft Taco with beef, cheese and lettuce","Салат — TACO BELL, Soft Taco with beef, cheese and lettuce",USDA_SR_Legacy,international,,206,9.25,20.23,9.75,2.9,1.57,560,no
usda_170334,"TACO BELL, BURRITO SUPREME with chicken","טאקו — TACO BELL, BURRITO SUPREME with chicken","Тако — TACO BELL, BURRITO SUPREME with chicken",USDA_SR_Legacy,international,,179,9.84,20.51,6.42,2.4,,564,no
usda_170335,"TACO BELL, BURRITO SUPREME with steak","טאקו — TACO BELL, BURRITO SUPREME with steak","Тако — TACO BELL, BURRITO SUPREME with steak",USDA_SR_Legacy,international,,183,9.13,20.32,7.27,2.4,,534,no
usda_170336,"TACO BELL, Nachos","טאקו — TACO BELL, Nachos","Тако — TACO BELL, Nachos",USDA_SR_Legacy,international,,350,4.32,34.91,21.5,3.2,2.17,313,no
usda_170337,"TACO BELL, Nachos Supreme","טאקו — TACO BELL, Nachos Supreme","Тако — TACO BELL, Nachos Supreme",USDA_SR_Legacy,international,,223,6.21,21.39,12.48,3.7,1.63,348,no